日期,班次,统计时间,工序,产线设备,工单号,卡号,料号,在制数量（件）
2026-08-21T00:00:00,A,2026-08-21T12:00:00,3161 制造六处釘卷,6D0005,SF313-2608000300,3,UK561M200N300AP4APR,288
2026-08-21T00:00:00,A,2026-08-21T12:00:00,3161 制造六处釘卷,6D0117,SF313-2608000300,5,UK561M200N300AP4APR,372
2026-08-21T00:00:00,A,2026-08-21T12:00:00,3161 制造六处釘卷,6DD117,SF313-2608000300,7,UK561M200N300AP4APR,420
2026-08-21T00:00:00,A,2026-08-21T12:00:00,3161 制造六处釘卷,6DD119,SF313-2608000300,6,UK561M200N300AP4APR,612
2026-08-21T00:00:00,A,2026-08-21T12:00:00,3161 制造六处釘卷,6DD119,SF313-2608000300,8,UK561M200N300AP4APR,480
2026-08-21T00:00:00,A,2026-08-21T12:00:00,3161 制造六处釘卷,6DD129,SF313-2608000301,5,UK561M200N300AP4APR,240
2026-08-21T00:00:00,A,2026-08-21T12:00:00,3161 制造六处釘卷,6DD129,SF313-2608000301,6,UK561M200N300AP4APR,300
2026-08-21T00:00:00,A,2026-08-21T12:00:00,3161 制造六处釘卷,6DD129,SF313-2608000301,7,UK561M200N300AP4APR,504
2026-08-21T00:00:00,A,2026-08-21T12:00:00,3161 制造六处釘卷,6DD129,SF313-2608000301,8,UK561M200N300AP4APR,540
2026-08-21T00:00:00,A,2026-08-21T12:00:00,3162 制造六处自动组立套胶,6B0008,SF313-2608000301,2,UK561M200N300AP4APR,616
2026-08-21T00:00:00,A,2026-08-21T12:00:00,3162 制造六处自动组立套胶,6B0008,SF313-2608000301,3,UK561M200N300AP4APR,587
2026-08-21T00:00:00,A,2026-08-21T17:00:00,3161 制造六处釘卷,6D0005,SF313-2608000300,3,UK561M200N300AP4APR,0
2026-08-21T00:00:00,A,2026-08-21T17:00:00,3161 制造六处釘卷,6D0117,SF313-2608000300,5,UK561M200N300AP4APR,276
2026-08-21T00:00:00,A,2026-08-21T17:00:00,3161 制造六处釘卷,6DD117,SF313-2608000300,7,UK561M200N300AP4APR,192
2026-08-21T00:00:00,A,2026-08-21T17:00:00,3161 制造六处釘卷,6DD119,SF313-2608000300,6,UK561M200N300AP4APR,132
2026-08-21T00:00:00,A,2026-08-21T17:00:00,3161 制造六处釘卷,6DD119,SF313-2608000300,8,UK561M200N300AP4APR,0
2026-08-21T00:00:00,A,2026-08-21T17:00:00,3161 制造六处釘卷,6DD129,SF313-2608000301,5,UK561M200N300AP4APR,336
2026-08-21T00:00:00,A,2026-08-21T17:00:00,3161 制造六处釘卷,6DD129,SF313-2608000301,6,UK561M200N300AP4APR,180
2026-08-21T00:00:00,A,2026-08-21T17:00:00,3161 制造六处釘卷,6DD129,SF313-2608000301,7,UK561M200N300AP4APR,132
2026-08-21T00:00:00,A,2026-08-21T17:00:00,3161 制造六处釘卷,6DD129,SF313-2608000301,8,UK561M200N300AP4APR,132
2026-08-21T00:00:00,A,2026-08-21T17:00:00,3162 制造六处自动组立套胶,6B0008,SF313-2608000301,2,UK561M200N300AP4APR,252
2026-08-21T00:00:00,A,2026-08-21T17:00:00,3162 制造六处自动组立套胶,6B0008,SF313-2608000301,3,UK561M200N300AP4APR,229
2026-08-21T00:00:00,B,2026-08-22T00:00:00,3161 制造六处釘卷,6DD117,SF313-2608000300,9,UK561M200N300AP4APR,300
2026-08-21T00:00:00,B,2026-08-22T00:00:00,3161 制造六处釘卷,6DD117,SF313-2608000300,11,UK561M200N300AP4APR,288
2026-08-21T00:00:00,B,2026-08-22T00:00:00,3161 制造六处釘卷,6DD119,SF313-2608000300,10,UK561M200N300AP4APR,216
2026-08-21T00:00:00,B,2026-08-22T00:00:00,3161 制造六处釘卷,6DD119,SF313-2608000300,12,UK561M200N300AP4APR,492
2026-08-21T00:00:00,B,2026-08-22T00:00:00,3161 制造六处釘卷,6DD129,SF313-2608000301,9,UK561M200N300AP4APR,312
2026-08-21T00:00:00,B,2026-08-22T00:00:00,3161 制造六处釘卷,6DD131,SF313-2608000301,10,UK561M200N300AP4APR,360
2026-08-21T00:00:00,B,2026-08-22T05:00:00,3161 制造六处釘卷,6DD117,SF313-2608000300,9,UK561M200N300AP4APR,372
2026-08-21T00:00:00,B,2026-08-22T05:00:00,3161 制造六处釘卷,6DD117,SF313-2608000300,11,UK561M200N300AP4APR,0
2026-08-21T00:00:00,B,2026-08-22T05:00:00,3161 制造六处釘卷,6DD119,SF313-2608000300,10,UK561M200N300AP4APR,144
2026-08-21T00:00:00,B,2026-08-22T05:00:00,3161 制造六处釘卷,6DD119,SF313-2608000300,12,UK561M200N300AP4APR,96
2026-08-21T00:00:00,B,2026-08-22T05:00:00,3161 制造六处釘卷,6DD129,SF313-2608000301,9,UK561M200N300AP4APR,288
2026-08-21T00:00:00,B,2026-08-22T05:00:00,3161 制造六处釘卷,6DD131,SF313-2608000301,10,UK561M200N300AP4APR,228
2026-08-22T00:00:00,A,2026-08-22T12:00:00,3161 制造六处釘卷,6DD117,SF313-2608000300,21,UK561M200N300AP4APR,420
2026-08-22T00:00:00,A,2026-08-22T12:00:00,3161 制造六处釘卷,6DD117,SF313-2608000300,23,UK561M200N300AP4APR,264
2026-08-22T00:00:00,A,2026-08-22T12:00:00,3161 制造六处釘卷,6DD119,SF313-2608000300,20,UK561M200N300AP4APR,288
2026-08-22T00:00:00,A,2026-08-22T12:00:00,3161 制造六处釘卷,6DD119,SF313-2608000300,22,UK561M200N300AP4APR,264
2026-08-22T00:00:00,A,2026-08-22T12:00:00,3161 制造六处釘卷,6DD129,SF313-2608000301,17,UK561M200N300AP4APR,588
2026-08-22T00:00:00,A,2026-08-22T12:00:00,3161 制造六处釘卷,6DD129,SF313-2608000301,19,UK561M200N300AP4APR,384
2026-08-22T00:00:00,A,2026-08-22T12:00:00,3161 制造六处釘卷,6DD129,SF313-2608000301,21,UK561M200N300AP4APR,528
2026-08-22T00:00:00,A,2026-08-22T12:00:00,3161 制造六处釘卷,6DD129,SF313-2608000301,23,UK561M200N300AP4APR,288
2026-08-22T00:00:00,A,2026-08-22T12:00:00,3162 制造六处自动组立套胶,6B0007,SF313-2608000301,8,UK561M200N300AP4APR,567
2026-08-22T00:00:00,A,2026-08-22T12:00:00,3162 制造六处自动组立套胶,6B0009,SF313-2608000300,6,UK561M200N300AP4APR,335
2026-08-22T00:00:00,A,2026-08-22T12:00:00,3162 制造六处自动组立套胶,6B0009,SF313-2608000300,8,UK561M200N300AP4APR,530
2026-08-22T00:00:00,A,2026-08-22T17:00:00,3161 制造六处釘卷,6DD117,SF313-2608000300,21,UK561M200N300AP4APR,96
2026-08-22T00:00:00,A,2026-08-22T17:00:00,3161 制造六处釘卷,6DD117,SF313-2608000300,23,UK561M200N300AP4APR,168
2026-08-22T00:00:00,A,2026-08-22T17:00:00,3161 制造六处釘卷,6DD119,SF313-2608000300,20,UK561M200N300AP4APR,276
2026-08-22T00:00:00,A,2026-08-22T17:00:00,3161 制造六处釘卷,6DD119,SF313-2608000300,22,UK561M200N300AP4APR,192
2026-08-22T00:00:00,A,2026-08-22T17:00:00,3161 制造六处釘卷,6DD129,SF313-2608000301,17,UK561M200N300AP4APR,180
2026-08-22T00:00:00,A,2026-08-22T17:00:00,3161 制造六处釘卷,6DD129,SF313-2608000301,19,UK561M200N300AP4APR,72
2026-08-22T00:00:00,A,2026-08-22T17:00:00,3161 制造六处釘卷,6DD129,SF313-2608000301,21,UK561M200N300AP4APR,360
2026-08-22T00:00:00,A,2026-08-22T17:00:00,3161 制造六处釘卷,6DD129,SF313-2608000301,23,UK561M200N300AP4APR,168
2026-08-22T00:00:00,A,2026-08-22T17:00:00,3162 制造六处自动组立套胶,6B0007,SF313-2608000301,8,UK561M200N300AP4APR,283
2026-08-22T00:00:00,A,2026-08-22T17:00:00,3162 制造六处自动组立套胶,6B0009,SF313-2608000300,6,UK561M200N300AP4APR,167
2026-08-22T00:00:00,A,2026-08-22T17:00:00,3162 制造六处自动组立套胶,6B0009,SF313-2608000300,8,UK561M200N300AP4APR,341
2026-08-22T00:00:00,B,2026-08-23T00:00:00,3161 制造六处釘卷,6DD117,SF313-2608000300,13,UK561M200N300AP4APR,336
2026-08-22T00:00:00,B,2026-08-23T00:00:00,3161 制造六处釘卷,6DD117,SF313-2608000300,15,UK561M200N300AP4APR,360
2026-08-22T00:00:00,B,2026-08-23T00:00:00,3161 制造六处釘卷,6DD117,SF313-2608000300,17,UK561M200N300AP4APR,384
2026-08-22T00:00:00,B,2026-08-23T00:00:00,3161 制造六处釘卷,6DD117,SF313-2608000300,19,UK561M200N300AP4APR,588
2026-08-22T00:00:00,B,2026-08-23T00:00:00,3161 制造六处釘卷,6DD117,SF313-2608000300,25,UK561M200N300AP4APR,360
2026-08-22T00:00:00,B,2026-08-23T00:00:00,3161 制造六处釘卷,6DD117,SF313-2608000300,27,UK561M200N300AP4APR,540
2026-08-22T00:00:00,B,2026-08-23T00:00:00,3161 制造六处釘卷,6DD119,SF313-2608000300,14,UK561M200N300AP4APR,276
2026-08-22T00:00:00,B,2026-08-23T00:00:00,3161 制造六处釘卷,6DD119,SF313-2608000300,16,UK561M200N300AP4APR,204
2026-08-22T00:00:00,B,2026-08-23T00:00:00,3161 制造六处釘卷,6DD119,SF313-2608000300,18,UK561M200N300AP4APR,72
2026-08-22T00:00:00,B,2026-08-23T00:00:00,3161 制造六处釘卷,6DD119,SF313-2608000300,24,UK561M200N300AP4APR,288
2026-08-22T00:00:00,B,2026-08-23T00:00:00,3161 制造六处釘卷,6DD119,SF313-2608000300,26,UK561M200N300AP4APR,192
2026-08-22T00:00:00,B,2026-08-23T00:00:00,3161 制造六处釘卷,6DD129,SF313-2608000301,11,UK561M200N300AP4APR,312
2026-08-22T00:00:00,B,2026-08-23T00:00:00,3161 制造六处釘卷,6DD129,SF313-2608000301,13,UK561M200N300AP4APR,468
2026-08-22T00:00:00,B,2026-08-23T00:00:00,3161 制造六处釘卷,6DD129,SF313-2608000301,14,UK561M200N300AP4APR,504
2026-08-22T00:00:00,B,2026-08-23T00:00:00,3161 制造六处釘卷,6DD129,SF313-2608000301,15,UK561M200N300AP4APR,372
2026-08-22T00:00:00,B,2026-08-23T00:00:00,3161 制造六处釘卷,6DD129,SF313-2608000301,25,UK561M200N300AP4APR,408
2026-08-22T00:00:00,B,2026-08-23T00:00:00,3161 制造六处釘卷,6DD131,SF313-2608000301,12,UK561M200N300AP4APR,612
2026-08-22T00:00:00,B,2026-08-23T00:00:00,3161 制造六处釘卷,6DD131,SF313-2608000301,16,UK561M200N300AP4APR,576
2026-08-22T00:00:00,B,2026-08-23T00:00:00,3161 制造六处釘卷,6DD131,SF313-2608000301,18,UK561M200N300AP4APR,360
2026-08-22T00:00:00,B,2026-08-23T00:00:00,3161 制造六处釘卷,6DD131,SF313-2608000301,20,UK561M200N300AP4APR,312
2026-08-22T00:00:00,B,2026-08-23T00:00:00,3162 制造六处自动组立套胶,6B0007,SF313-2608000300,7,UK561M200N300AP4APR,236
2026-08-22T00:00:00,B,2026-08-23T00:00:00,3162 制造六处自动组立套胶,6B0007,SF313-2608000301,5,UK561M200N300AP4APR,178
2026-08-22T00:00:00,B,2026-08-23T00:00:00,3162 制造六处自动组立套胶,6B0009,SF313-2608000300,1,UK561M200N300AP4APR,185
2026-08-22T00:00:00,B,2026-08-23T00:00:00,3162 制造六处自动组立套胶,6B0009,SF313-2608000300,3,UK561M200N300AP4APR,413
2026-08-22T00:00:00,B,2026-08-23T00:00:00,3162 制造六处自动组立套胶,6B0009,SF313-2608000300,4,UK561M200N300AP4APR,508
2026-08-22T00:00:00,B,2026-08-23T00:00:00,3162 制造六处自动组立套胶,6B0009,SF313-2608000300,5,UK561M200N300AP4APR,206
2026-08-22T00:00:00,B,2026-08-23T00:00:00,3162 制造六处自动组立套胶,6B0009,SF313-2608000300,18,UK561M200N300AP4APR,144
2026-08-22T00:00:00,B,2026-08-23T00:00:00,3162 制造六处自动组立套胶,6B0009,SF313-2608000300,20,UK561M200N300AP4APR,299
2026-08-22T00:00:00,B,2026-08-23T00:00:00,3162 制造六处自动组立套胶,6B0009,SF313-2608000301,1,UK561M200N300AP4APR,574
2026-08-22T00:00:00,B,2026-08-23T00:00:00,3162 制造六处自动组立套胶,6B0009,SF313-2608000301,4,UK561M200N300AP4APR,734
2026-08-22T00:00:00,B,2026-08-23T00:00:00,3164 制造六处老化选别,6D0005,SF313-2608000300,5,UK561M200N300AP4APR,68
2026-08-22T00:00:00,B,2026-08-23T05:00:00,3161 制造六处釘卷,6DD117,SF313-2608000300,13,UK561M200N300AP4APR,384
2026-08-22T00:00:00,B,2026-08-23T05:00:00,3161 制造六处釘卷,6DD117,SF313-2608000300,15,UK561M200N300AP4APR,252
2026-08-22T00:00:00,B,2026-08-23T05:00:00,3161 制造六处釘卷,6DD117,SF313-2608000300,17,UK561M200N300AP4APR,240
2026-08-22T00:00:00,B,2026-08-23T05:00:00,3161 制造六处釘卷,6DD117,SF313-2608000300,19,UK561M200N300AP4APR,336
2026-08-22T00:00:00,B,2026-08-23T05:00:00,3161 制造六处釘卷,6DD117,SF313-2608000300,25,UK561M200N300AP4APR,203
2026-08-22T00:00:00,B,2026-08-23T05:00:00,3161 制造六处釘卷,6DD117,SF313-2608000300,27,UK561M200N300AP4APR,252
2026-08-22T00:00:00,B,2026-08-23T05:00:00,3161 制造六处釘卷,6DD119,SF313-2608000300,14,UK561M200N300AP4APR,360
2026-08-22T00:00:00,B,2026-08-23T05:00:00,3161 制造六处釘卷,6DD119,SF313-2608000300,16,UK561M200N300AP4APR,324
2026-08-22T00:00:00,B,2026-08-23T05:00:00,3161 制造六处釘卷,6DD119,SF313-2608000300,18,UK561M200N300AP4APR,0
2026-08-22T00:00:00,B,2026-08-23T05:00:00,3161 制造六处釘卷,6DD119,SF313-2608000300,24,UK561M200N300AP4APR,96
2026-08-22T00:00:00,B,2026-08-23T05:00:00,3161 制造六处釘卷,6DD119,SF313-2608000300,26,UK561M200N300AP4APR,168
2026-08-22T00:00:00,B,2026-08-23T05:00:00,3161 制造六处釘卷,6DD129,SF313-2608000301,11,UK561M200N300AP4APR,168
2026-08-22T00:00:00,B,2026-08-23T05:00:00,3161 制造六处釘卷,6DD129,SF313-2608000301,13,UK561M200N300AP4APR,0
2026-08-22T00:00:00,B,2026-08-23T05:00:00,3161 制造六处釘卷,6DD129,SF313-2608000301,14,UK561M200N300AP4APR,83
2026-08-22T00:00:00,B,2026-08-23T05:00:00,3161 制造六处釘卷,6DD129,SF313-2608000301,15,UK561M200N300AP4APR,72
2026-08-22T00:00:00,B,2026-08-23T05:00:00,3161 制造六处釘卷,6DD129,SF313-2608000301,25,UK561M200N300AP4APR,120
2026-08-22T00:00:00,B,2026-08-23T05:00:00,3161 制造六处釘卷,6DD131,SF313-2608000301,12,UK561M200N300AP4APR,96
2026-08-22T00:00:00,B,2026-08-23T05:00:00,3161 制造六处釘卷,6DD131,SF313-2608000301,16,UK561M200N300AP4APR,83
2026-08-22T00:00:00,B,2026-08-23T05:00:00,3161 制造六处釘卷,6DD131,SF313-2608000301,18,UK561M200N300AP4APR,72
2026-08-22T00:00:00,B,2026-08-23T05:00:00,3161 制造六处釘卷,6DD131,SF313-2608000301,20,UK561M200N300AP4APR,156
2026-08-22T00:00:00,B,2026-08-23T05:00:00,3162 制造六处自动组立套胶,6B0007,SF313-2608000300,7,UK561M200N300AP4APR,236
2026-08-22T00:00:00,B,2026-08-23T05:00:00,3162 制造六处自动组立套胶,6B0007,SF313-2608000301,5,UK561M200N300AP4APR,278
2026-08-22T00:00:00,B,2026-08-23T05:00:00,3162 制造六处自动组立套胶,6B0009,SF313-2608000300,1,UK561M200N300AP4APR,86
2026-08-22T00:00:00,B,2026-08-23T05:00:00,3162 制造六处自动组立套胶,6B0009,SF313-2608000300,3,UK561M200N300AP4APR,330
2026-08-22T00:00:00,B,2026-08-23T05:00:00,3162 制造六处自动组立套胶,6B0009,SF313-2608000300,4,UK561M200N300AP4APR,108
2026-08-22T00:00:00,B,2026-08-23T05:00:00,3162 制造六处自动组立套胶,6B0009,SF313-2608000300,5,UK561M200N300AP4APR,138
2026-08-22T00:00:00,B,2026-08-23T05:00:00,3162 制造六处自动组立套胶,6B0009,SF313-2608000300,18,UK561M200N300AP4APR,0
2026-08-22T00:00:00,B,2026-08-23T05:00:00,3162 制造六处自动组立套胶,6B0009,SF313-2608000300,20,UK561M200N300AP4APR,241
2026-08-22T00:00:00,B,2026-08-23T05:00:00,3162 制造六处自动组立套胶,6B0009,SF313-2608000301,1,UK561M200N300AP4APR,205
2026-08-22T00:00:00,B,2026-08-23T05:00:00,3162 制造六处自动组立套胶,6B0009,SF313-2608000301,4,UK561M200N300AP4APR,86
2026-08-22T00:00:00,B,2026-08-23T05:00:00,3164 制造六处老化选别,6D0005,SF313-2608000300,5,UK561M200N300AP4APR,160
2026-08-23T00:00:00,A,2026-08-23T12:00:00,3161 制造六处釘卷,6DD117,SF313-2608000300,35,UK561M200N300AP4APR,228
2026-08-23T00:00:00,A,2026-08-23T12:00:00,3161 制造六处釘卷,6DD117,SF313-2608000300,37,UK561M200N300AP4APR,288
2026-08-23T00:00:00,A,2026-08-23T12:00:00,3161 制造六处釘卷,6DD119,SF313-2608000300,36,UK561M200N300AP4APR,252
2026-08-23T00:00:00,A,2026-08-23T12:00:00,3161 制造六处釘卷,6DD119,SF313-2608000300,38,UK561M200N300AP4APR,216
2026-08-23T00:00:00,A,2026-08-23T12:00:00,3161 制造六处釘卷,6DD119,SF313-2608000300,40,UK561M200N300AP4APR,252
2026-08-23T00:00:00,A,2026-08-23T12:00:00,3161 制造六处釘卷,6DD129,SF313-2608000301,31,UK561M200N300AP4APR,480
2026-08-23T00:00:00,A,2026-08-23T12:00:00,3161 制造六处釘卷,6DD129,SF313-2608000301,33,UK561M200N300AP4APR,252
2026-08-23T00:00:00,A,2026-08-23T12:00:00,3161 制造六处釘卷,6DD129,SF313-2608000301,35,UK561M200N300AP4APR,396
2026-08-23T00:00:00,A,2026-08-23T12:00:00,3161 制造六处釘卷,6DD129,SF313-2608000301,37,UK561M200N300AP4APR,336
2026-08-23T00:00:00,A,2026-08-23T12:00:00,3162 制造六处自动组立套胶,6B0009,SF313-2608000300,17,UK561M200N300AP4APR,232
2026-08-23T00:00:00,A,2026-08-23T12:00:00,3162 制造六处自动组立套胶,6B0009,SF313-2608000301,17,UK561M200N300AP4APR,234
2026-08-23T00:00:00,A,2026-08-23T12:00:00,3162 制造六处自动组立套胶,6B0009,SF313-2608000301,18,UK561M200N300AP4APR,717
2026-08-23T00:00:00,A,2026-08-23T12:00:00,3162 制造六处自动组立套胶,6B0009,SF313-2608000301,19,UK561M200N300AP4APR,390
2026-08-23T00:00:00,A,2026-08-23T12:00:00,3162 制造六处自动组立套胶,6B0009,SF313-2608000301,21,UK561M200N300AP4APR,203
2026-08-23T00:00:00,A,2026-08-23T12:00:00,3162 制造六处自动组立套胶,6B0009,SF313-2608000301,23,UK561M200N300AP4APR,588
2026-08-23T00:00:00,A,2026-08-23T12:00:00,3162 制造六处自动组立套胶,6B0012,SF313-2608000300,24,UK561M200N300AP4APR,250
2026-08-23T00:00:00,A,2026-08-23T12:00:00,3162 制造六处自动组立套胶,6B0012,SF313-2608000300,26,UK561M200N300AP4APR,218
2026-08-23T00:00:00,A,2026-08-23T12:00:00,3162 制造六处自动组立套胶,6B0012,SF313-2608000301,29,UK561M200N300AP4APR,467
2026-08-23T00:00:00,A,2026-08-23T12:00:00,3162 制造六处自动组立套胶,6B0015,SF313-2608000300,13,UK561M200N300AP4APR,414
2026-08-23T00:00:00,A,2026-08-23T12:00:00,3164 制造六处老化选别,6D0005,SF313-2608000300,1,UK561M200N300AP4APR,395
2026-08-23T00:00:00,A,2026-08-23T12:00:00,3164 制造六处老化选别,6D0005,SF313-2608000300,4,UK561M200N300AP4APR,363
2026-08-23T00:00:00,A,2026-08-23T12:00:00,3164 制造六处老化选别,6D0005,SF313-2608000300,7,UK561M200N300AP4APR,473
2026-08-23T00:00:00,A,2026-08-23T12:00:00,3164 制造六处老化选别,6D0005,SF313-2608000300,18,UK561M200N300AP4APR,622
2026-08-23T00:00:00,A,2026-08-23T12:00:00,3164 制造六处老化选别,6D0005,SF313-2608000301,1,UK561M200N300AP4APR,205
2026-08-23T00:00:00,A,2026-08-23T12:00:00,3164 制造六处老化选别,6D0005,SF313-2608000301,5,UK561M200N300AP4APR,512
2026-08-23T00:00:00,A,2026-08-23T12:00:00,3164 制造六处老化选别,6D0005,SF313-2608000301,8,UK561M200N300AP4APR,603
2026-08-23T00:00:00,A,2026-08-23T17:00:00,3161 制造六处釘卷,6DD117,SF313-2608000300,35,UK561M200N300AP4APR,168
2026-08-23T00:00:00,A,2026-08-23T17:00:00,3161 制造六处釘卷,6DD117,SF313-2608000300,37,UK561M200N300AP4APR,300
2026-08-23T00:00:00,A,2026-08-23T17:00:00,3161 制造六处釘卷,6DD119,SF313-2608000300,36,UK561M200N300AP4APR,336
2026-08-23T00:00:00,A,2026-08-23T17:00:00,3161 制造六处釘卷,6DD119,SF313-2608000300,38,UK561M200N300AP4APR,192
2026-08-23T00:00:00,A,2026-08-23T17:00:00,3161 制造六处釘卷,6DD119,SF313-2608000300,40,UK561M200N300AP4APR,336
2026-08-23T00:00:00,A,2026-08-23T17:00:00,3161 制造六处釘卷,6DD129,SF313-2608000301,31,UK561M200N300AP4APR,288
2026-08-23T00:00:00,A,2026-08-23T17:00:00,3161 制造六处釘卷,6DD129,SF313-2608000301,33,UK561M200N300AP4APR,0
2026-08-23T00:00:00,A,2026-08-23T17:00:00,3161 制造六处釘卷,6DD129,SF313-2608000301,35,UK561M200N300AP4APR,288
2026-08-23T00:00:00,A,2026-08-23T17:00:00,3161 制造六处釘卷,6DD129,SF313-2608000301,37,UK561M200N300AP4APR,324
2026-08-23T00:00:00,A,2026-08-23T17:00:00,3162 制造六处自动组立套胶,6B0009,SF313-2608000300,17,UK561M200N300AP4APR,355
2026-08-23T00:00:00,A,2026-08-23T17:00:00,3162 制造六处自动组立套胶,6B0009,SF313-2608000301,17,UK561M200N300AP4APR,257
2026-08-23T00:00:00,A,2026-08-23T17:00:00,3162 制造六处自动组立套胶,6B0009,SF313-2608000301,18,UK561M200N300AP4APR,444
2026-08-23T00:00:00,A,2026-08-23T17:00:00,3162 制造六处自动组立套胶,6B0009,SF313-2608000301,19,UK561M200N300AP4APR,201
2026-08-23T00:00:00,A,2026-08-23T17:00:00,3162 制造六处自动组立套胶,6B0009,SF313-2608000301,21,UK561M200N300AP4APR,310
2026-08-23T00:00:00,A,2026-08-23T17:00:00,3162 制造六处自动组立套胶,6B0009,SF313-2608000301,23,UK561M200N300AP4APR,0
2026-08-23T00:00:00,A,2026-08-23T17:00:00,3162 制造六处自动组立套胶,6B0012,SF313-2608000300,24,UK561M200N300AP4APR,370
2026-08-23T00:00:00,A,2026-08-23T17:00:00,3162 制造六处自动组立套胶,6B0012,SF313-2608000300,26,UK561M200N300AP4APR,121
2026-08-23T00:00:00,A,2026-08-23T17:00:00,3162 制造六处自动组立套胶,6B0012,SF313-2608000301,29,UK561M200N300AP4APR,340
2026-08-23T00:00:00,A,2026-08-23T17:00:00,3162 制造六处自动组立套胶,6B0015,SF313-2608000300,13,UK561M200N300AP4APR,170
2026-08-23T00:00:00,A,2026-08-23T17:00:00,3164 制造六处老化选别,6D0005,SF313-2608000300,1,UK561M200N300AP4APR,346
2026-08-23T00:00:00,A,2026-08-23T17:00:00,3164 制造六处老化选别,6D0005,SF313-2608000300,4,UK561M200N300AP4APR,242
2026-08-23T00:00:00,A,2026-08-23T17:00:00,3164 制造六处老化选别,6D0005,SF313-2608000300,7,UK561M200N300AP4APR,248
2026-08-23T00:00:00,A,2026-08-23T17:00:00,3164 制造六处老化选别,6D0005,SF313-2608000300,18,UK561M200N300AP4APR,183
2026-08-23T00:00:00,A,2026-08-23T17:00:00,3164 制造六处老化选别,6D0005,SF313-2608000301,1,UK561M200N300AP4APR,150
2026-08-23T00:00:00,A,2026-08-23T17:00:00,3164 制造六处老化选别,6D0005,SF313-2608000301,5,UK561M200N300AP4APR,356
2026-08-23T00:00:00,A,2026-08-23T17:00:00,3164 制造六处老化选别,6D0005,SF313-2608000301,8,UK561M200N300AP4APR,0
2026-08-23T00:00:00,B,2026-08-24T00:00:00,3161 制造六处釘卷,6DD117,SF313-2608000300,29,UK561M200N300AP4APR,360
2026-08-23T00:00:00,B,2026-08-24T00:00:00,3161 制造六处釘卷,6DD117,SF313-2608000300,31,UK561M200N300AP4APR,252
2026-08-23T00:00:00,B,2026-08-24T00:00:00,3161 制造六处釘卷,6DD117,SF313-2608000300,33,UK561M200N300AP4APR,336
2026-08-23T00:00:00,B,2026-08-24T00:00:00,3161 制造六处釘卷,6DD117,SF313-2608000300,41,UK561M200N300AP4APR,600
2026-08-23T00:00:00,B,2026-08-24T00:00:00,3161 制造六处釘卷,6DD119,SF313-2608000300,28,UK561M200N300AP4APR,588
2026-08-23T00:00:00,B,2026-08-24T00:00:00,3161 制造六处釘卷,6DD119,SF313-2608000300,30,UK561M200N300AP4APR,342
2026-08-23T00:00:00,B,2026-08-24T00:00:00,3161 制造六处釘卷,6DD119,SF313-2608000300,32,UK561M200N300AP4APR,230
2026-08-23T00:00:00,B,2026-08-24T00:00:00,3161 制造六处釘卷,6DD119,SF313-2608000300,34,UK561M200N300AP4APR,218
2026-08-23T00:00:00,B,2026-08-24T00:00:00,3161 制造六处釘卷,6DD129,SF313-2608000301,26,UK561M200N300AP4APR,432
2026-08-23T00:00:00,B,2026-08-24T00:00:00,3161 制造六处釘卷,6DD129,SF313-2608000301,27,UK561M200N300AP4APR,288
2026-08-23T00:00:00,B,2026-08-24T00:00:00,3161 制造六处釘卷,6DD129,SF313-2608000301,28,UK561M200N300AP4APR,564
2026-08-23T00:00:00,B,2026-08-24T00:00:00,3161 制造六处釘卷,6DD129,SF313-2608000301,29,UK561M200N300AP4APR,300
2026-08-23T00:00:00,B,2026-08-24T00:00:00,3161 制造六处釘卷,6DD129,SF313-2608000301,32,UK561M200N300AP4APR,528
2026-08-23T00:00:00,B,2026-08-24T00:00:00,3161 制造六处釘卷,6DD131,SF313-2608000301,22,UK561M200N300AP4APR,360
2026-08-23T00:00:00,B,2026-08-24T00:00:00,3161 制造六处釘卷,6DD131,SF313-2608000301,24,UK561M200N300AP4APR,408
2026-08-23T00:00:00,B,2026-08-24T00:00:00,3161 制造六处釘卷,6DD131,SF313-2608000301,30,UK561M200N300AP4APR,168
2026-08-23T00:00:00,B,2026-08-24T00:00:00,3162 制造六处自动组立套胶,6B0007,SF313-2608000300,2,UK561M200N300AP4APR,359
2026-08-23T00:00:00,B,2026-08-24T00:00:00,3162 制造六处自动组立套胶,6B0007,SF313-2608000300,15,UK561M200N300AP4APR,372
2026-08-23T00:00:00,B,2026-08-24T00:00:00,3162 制造六处自动组立套胶,6B0007,SF313-2608000301,6,UK561M200N300AP4APR,300
2026-08-23T00:00:00,B,2026-08-24T00:00:00,3162 制造六处自动组立套胶,6B0007,SF313-2608000301,7,UK561M200N300AP4APR,596
2026-08-23T00:00:00,B,2026-08-24T00:00:00,3162 制造六处自动组立套胶,6B0007,SF313-2608000301,13,UK561M200N300AP4APR,280
2026-08-23T00:00:00,B,2026-08-24T00:00:00,3162 制造六处自动组立套胶,6B0007,SF313-2608000301,16,UK561M200N300AP4APR,252
2026-08-23T00:00:00,B,2026-08-24T00:00:00,3162 制造六处自动组立套胶,6B0009,SF313-2608000300,9,UK561M200N300AP4APR,183
2026-08-23T00:00:00,B,2026-08-24T00:00:00,3162 制造六处自动组立套胶,6B0009,SF313-2608000300,16,UK561M200N300AP4APR,238
2026-08-23T00:00:00,B,2026-08-24T00:00:00,3162 制造六处自动组立套胶,6B0009,SF313-2608000300,23,UK561M200N300AP4APR,154
2026-08-23T00:00:00,B,2026-08-24T00:00:00,3162 制造六处自动组立套胶,6B0009,SF313-2608000301,14,UK561M200N300AP4APR,472
2026-08-23T00:00:00,B,2026-08-24T00:00:00,3162 制造六处自动组立套胶,6B0012,SF313-2608000300,30,UK561M200N300AP4APR,204
2026-08-23T00:00:00,B,2026-08-24T00:00:00,3162 制造六处自动组立套胶,6B0012,SF313-2608000300,32,UK561M200N300AP4APR,306
2026-08-23T00:00:00,B,2026-08-24T00:00:00,3162 制造六处自动组立套胶,6B0012,SF313-2608000300,34,UK561M200N300AP4APR,326
2026-08-23T00:00:00,B,2026-08-24T00:00:00,3162 制造六处自动组立套胶,6B0015,SF313-2608000300,11,UK561M200N300AP4APR,600
2026-08-23T00:00:00,B,2026-08-24T00:00:00,3162 制造六处自动组立套胶,6B0015,SF313-2608000300,19,UK561M200N300AP4APR,429
2026-08-23T00:00:00,B,2026-08-24T00:00:00,3164 制造六处老化选别,6D0005,SF313-2608000300,3,UK561M200N300AP4APR,365
2026-08-23T00:00:00,B,2026-08-24T00:00:00,3164 制造六处老化选别,6D0005,SF313-2608000300,6,UK561M200N300AP4APR,167
2026-08-23T00:00:00,B,2026-08-24T00:00:00,3164 制造六处老化选别,6D0005,SF313-2608000300,8,UK561M200N300AP4APR,259
2026-08-23T00:00:00,B,2026-08-24T00:00:00,3164 制造六处老化选别,6D0005,SF313-2608000300,16,UK561M200N300AP4APR,238
2026-08-23T00:00:00,B,2026-08-24T00:00:00,3164 制造六处老化选别,6D0005,SF313-2608000300,20,UK561M200N300AP4APR,437
2026-08-23T00:00:00,B,2026-08-24T00:00:00,3164 制造六处老化选别,6D0005,SF313-2608000300,23,UK561M200N300AP4APR,383
2026-08-23T00:00:00,B,2026-08-24T00:00:00,3164 制造六处老化选别,6D0005,SF313-2608000301,2,UK561M200N300AP4APR,588
2026-08-23T00:00:00,B,2026-08-24T00:00:00,3164 制造六处老化选别,6D0005,SF313-2608000301,3,UK561M200N300AP4APR,673
2026-08-23T00:00:00,B,2026-08-24T00:00:00,3164 制造六处老化选别,6D0005,SF313-2608000301,4,UK561M200N300AP4APR,561
2026-08-23T00:00:00,B,2026-08-24T05:00:00,3161 制造六处釘卷,6DD117,SF313-2608000300,29,UK561M200N300AP4APR,132
2026-08-23T00:00:00,B,2026-08-24T05:00:00,3161 制造六处釘卷,6DD117,SF313-2608000300,31,UK561M200N300AP4APR,360
2026-08-23T00:00:00,B,2026-08-24T05:00:00,3161 制造六处釘卷,6DD117,SF313-2608000300,33,UK561M200N300AP4APR,336
2026-08-23T00:00:00,B,2026-08-24T05:00:00,3161 制造六处釘卷,6DD117,SF313-2608000300,41,UK561M200N300AP4APR,203
2026-08-23T00:00:00,B,2026-08-24T05:00:00,3161 制造六处釘卷,6DD119,SF313-2608000300,28,UK561M200N300AP4APR,96
2026-08-23T00:00:00,B,2026-08-24T05:00:00,3161 制造六处釘卷,6DD119,SF313-2608000300,30,UK561M200N300AP4APR,134
2026-08-23T00:00:00,B,2026-08-24T05:00:00,3161 制造六处釘卷,6DD119,SF313-2608000300,32,UK561M200N300AP4APR,46
2026-08-23T00:00:00,B,2026-08-24T05:00:00,3161 制造六处釘卷,6DD119,SF313-2608000300,34,UK561M200N300AP4APR,191
2026-08-23T00:00:00,B,2026-08-24T05:00:00,3161 制造六处釘卷,6DD129,SF313-2608000301,26,UK561M200N300AP4APR,324
2026-08-23T00:00:00,B,2026-08-24T05:00:00,3161 制造六处釘卷,6DD129,SF313-2608000301,27,UK561M200N300AP4APR,108
2026-08-23T00:00:00,B,2026-08-24T05:00:00,3161 制造六处釘卷,6DD129,SF313-2608000301,28,UK561M200N300AP4APR,216
2026-08-23T00:00:00,B,2026-08-24T05:00:00,3161 制造六处釘卷,6DD129,SF313-2608000301,29,UK561M200N300AP4APR,168
2026-08-23T00:00:00,B,2026-08-24T05:00:00,3161 制造六处釘卷,6DD129,SF313-2608000301,32,UK561M200N300AP4APR,72
2026-08-23T00:00:00,B,2026-08-24T05:00:00,3161 制造六处釘卷,6DD131,SF313-2608000301,22,UK561M200N300AP4APR,336
2026-08-23T00:00:00,B,2026-08-24T05:00:00,3161 制造六处釘卷,6DD131,SF313-2608000301,24,UK561M200N300AP4APR,168
2026-08-23T00:00:00,B,2026-08-24T05:00:00,3161 制造六处釘卷,6DD131,SF313-2608000301,30,UK561M200N300AP4APR,276
2026-08-23T00:00:00,B,2026-08-24T05:00:00,3162 制造六处自动组立套胶,6B0007,SF313-2608000300,2,UK561M200N300AP4APR,322
2026-08-23T00:00:00,B,2026-08-24T05:00:00,3162 制造六处自动组立套胶,6B0007,SF313-2608000300,15,UK561M200N300AP4APR,272
2026-08-23T00:00:00,B,2026-08-24T05:00:00,3162 制造六处自动组立套胶,6B0007,SF313-2608000301,6,UK561M200N300AP4APR,144
2026-08-23T00:00:00,B,2026-08-24T05:00:00,3162 制造六处自动组立套胶,6B0007,SF313-2608000301,7,UK561M200N300AP4APR,154
2026-08-23T00:00:00,B,2026-08-24T05:00:00,3162 制造六处自动组立套胶,6B0007,SF313-2608000301,13,UK561M200N300AP4APR,350
2026-08-23T00:00:00,B,2026-08-24T05:00:00,3162 制造六处自动组立套胶,6B0007,SF313-2608000301,16,UK561M200N300AP4APR,182
2026-08-23T00:00:00,B,2026-08-24T05:00:00,3162 制造六处自动组立套胶,6B0009,SF313-2608000300,9,UK561M200N300AP4APR,0
2026-08-23T00:00:00,B,2026-08-24T05:00:00,3162 制造六处自动组立套胶,6B0009,SF313-2608000300,16,UK561M200N300AP4APR,77
2026-08-23T00:00:00,B,2026-08-24T05:00:00,3162 制造六处自动组立套胶,6B0009,SF313-2608000300,23,UK561M200N300AP4APR,48
2026-08-23T00:00:00,B,2026-08-24T05:00:00,3162 制造六处自动组立套胶,6B0009,SF313-2608000301,14,UK561M200N300AP4APR,171
2026-08-23T00:00:00,B,2026-08-24T05:00:00,3162 制造六处自动组立套胶,6B0012,SF313-2608000300,30,UK561M200N300AP4APR,67
2026-08-23T00:00:00,B,2026-08-24T05:00:00,3162 制造六处自动组立套胶,6B0012,SF313-2608000300,32,UK561M200N300AP4APR,37
2026-08-23T00:00:00,B,2026-08-24T05:00:00,3162 制造六处自动组立套胶,6B0012,SF313-2608000300,34,UK561M200N300AP4APR,152
2026-08-23T00:00:00,B,2026-08-24T05:00:00,3162 制造六处自动组立套胶,6B0015,SF313-2608000300,11,UK561M200N300AP4APR,0
2026-08-23T00:00:00,B,2026-08-24T05:00:00,3162 制造六处自动组立套胶,6B0015,SF313-2608000300,19,UK561M200N300AP4APR,0
2026-08-23T00:00:00,B,2026-08-24T05:00:00,3164 制造六处老化选别,6D0005,SF313-2608000300,3,UK561M200N300AP4APR,271
2026-08-23T00:00:00,B,2026-08-24T05:00:00,3164 制造六处老化选别,6D0005,SF313-2608000300,6,UK561M200N300AP4APR,371
2026-08-23T00:00:00,B,2026-08-24T05:00:00,3164 制造六处老化选别,6D0005,SF313-2608000300,8,UK561M200N300AP4APR,377
2026-08-23T00:00:00,B,2026-08-24T05:00:00,3164 制造六处老化选别,6D0005,SF313-2608000300,16,UK561M200N300AP4APR,57
2026-08-23T00:00:00,B,2026-08-24T05:00:00,3164 制造六处老化选别,6D0005,SF313-2608000300,20,UK561M200N300AP4APR,92
2026-08-23T00:00:00,B,2026-08-24T05:00:00,3164 制造六处老化选别,6D0005,SF313-2608000300,23,UK561M200N300AP4APR,71
2026-08-23T00:00:00,B,2026-08-24T05:00:00,3164 制造六处老化选别,6D0005,SF313-2608000301,2,UK561M200N300AP4APR,140
2026-08-23T00:00:00,B,2026-08-24T05:00:00,3164 制造六处老化选别,6D0005,SF313-2608000301,3,UK561M200N300AP4APR,315
2026-08-23T00:00:00,B,2026-08-24T05:00:00,3164 制造六处老化选别,6D0005,SF313-2608000301,4,UK561M200N300AP4APR,201
2026-08-24T00:00:00,A,2026-08-24T12:00:00,3161 制造六处釘卷,6DD098,SF313-2608000303,11,UK561M200N300AP4APR,204
2026-08-24T00:00:00,A,2026-08-24T12:00:00,3161 制造六处釘卷,6DD099,SF313-2608000303,8,UK561M200N300AP4APR,480
2026-08-24T00:00:00,A,2026-08-24T12:00:00,3161 制造六处釘卷,6DD099,SF313-2608000303,10,UK561M200N300AP4APR,528
2026-08-24T00:00:00,A,2026-08-24T12:00:00,3161 制造六处釘卷,6DD127,SF313-2608000302,1,UK561M200N300AP4APR,360
2026-08-24T00:00:00,A,2026-08-24T12:00:00,3161 制造六处釘卷,6DD127,SF313-2608000302,3,UK561M200N300AP4APR,204
2026-08-24T00:00:00,A,2026-08-24T12:00:00,3161 制造六处釘卷,6DD127,SF313-2608000302,5,UK561M200N300AP4APR,312
2026-08-24T00:00:00,A,2026-08-24T12:00:00,3161 制造六处釘卷,6DD127,SF313-2608000302,7,UK561M200N300AP4APR,552
2026-08-24T00:00:00,A,2026-08-24T12:00:00,3161 制造六处釘卷,6DD128,SF313-2608000302,9,UK561M200N300AP4APR,216
2026-08-24T00:00:00,A,2026-08-24T12:00:00,3162 制造六处自动组立套胶,6B0009,SF313-2608000301,10,UK561M200N300AP4APR,467
2026-08-24T00:00:00,A,2026-08-24T12:00:00,3162 制造六处自动组立套胶,6B0009,SF313-2608000301,12,UK561M200N300AP4APR,497
2026-08-24T00:00:00,A,2026-08-24T12:00:00,3162 制造六处自动组立套胶,6B0009,SF313-2608000301,15,UK561M200N300AP4APR,458
2026-08-24T00:00:00,A,2026-08-24T12:00:00,3162 制造六处自动组立套胶,6B0012,SF313-2608000300,29,UK561M200N300AP4APR,228
2026-08-24T00:00:00,A,2026-08-24T12:00:00,3162 制造六处自动组立套胶,6B0012,SF313-2608000300,31,UK561M200N300AP4APR,289
2026-08-24T00:00:00,A,2026-08-24T12:00:00,3162 制造六处自动组立套胶,6B0012,SF313-2608000300,35,UK561M200N300AP4APR,560
2026-08-24T00:00:00,A,2026-08-24T12:00:00,3162 制造六处自动组立套胶,6B0012,SF313-2608000301,24,UK561M200N300AP4APR,266
2026-08-24T00:00:00,A,2026-08-24T12:00:00,3162 制造六处自动组立套胶,6B0012,SF313-2608000301,27,UK561M200N300AP4APR,722
2026-08-24T00:00:00,A,2026-08-24T12:00:00,3162 制造六处自动组立套胶,6B0012,SF313-2608000301,28,UK561M200N300AP4APR,433
2026-08-24T00:00:00,A,2026-08-24T12:00:00,3162 制造六处自动组立套胶,6B0012,SF313-2608000301,30,UK561M200N300AP4APR,590
2026-08-24T00:00:00,A,2026-08-24T12:00:00,3162 制造六处自动组立套胶,6B0015,SF313-2608000300,37,UK561M200N300AP4APR,499
2026-08-24T00:00:00,A,2026-08-24T12:00:00,3162 制造六处自动组立套胶,6B0015,SF313-2608000300,38,UK561M200N300AP4APR,475
2026-08-24T00:00:00,A,2026-08-24T12:00:00,3162 制造六处自动组立套胶,6B0015,SF313-2608000300,40,UK561M200N300AP4APR,505
2026-08-24T00:00:00,A,2026-08-24T12:00:00,3162 制造六处自动组立套胶,6B0015,SF313-2608000301,33,UK561M200N300AP4APR,601
2026-08-24T00:00:00,A,2026-08-24T12:00:00,3162 制造六处自动组立套胶,6B0032,SF313-2608000300,28,UK561M200N300AP4APR,529
2026-08-24T00:00:00,A,2026-08-24T12:00:00,3162 制造六处自动组立套胶,6B0032,SF313-2608000303,1,UK561M200N300AP4APR,216
2026-08-24T00:00:00,A,2026-08-24T12:00:00,3162 制造六处自动组立套胶,6B0032,SF313-2608000303,3,UK561M200N300AP4APR,312
2026-08-24T00:00:00,A,2026-08-24T12:00:00,3162 制造六处自动组立套胶,6B0032,SF313-2608000303,6,UK561M200N300AP4APR,168
2026-08-24T00:00:00,A,2026-08-24T12:00:00,3162 制造六处自动组立套胶,6B0032,SF313-2608000303,11,UK561M200N300AP4APR,408
2026-08-24T00:00:00,A,2026-08-24T12:00:00,3164 制造六处老化选别,6D0005,SF313-2608000300,11,UK561M200N300AP4APR,245
2026-08-24T00:00:00,A,2026-08-24T12:00:00,3164 制造六处老化选别,6D0005,SF313-2608000300,13,UK561M200N300AP4APR,414
2026-08-24T00:00:00,A,2026-08-24T12:00:00,3164 制造六处老化选别,6D0005,SF313-2608000300,34,UK561M200N300AP4APR,307
2026-08-24T00:00:00,A,2026-08-24T12:00:00,3164 制造六处老化选别,6D0005,SF313-2608000301,22,UK561M200N300AP4APR,327
2026-08-24T00:00:00,A,2026-08-24T12:00:00,3164 制造六处老化选别,6D0005,SF313-2608000301,26,UK561M200N300AP4APR,491
2026-08-24T00:00:00,A,2026-08-24T12:00:00,3164 制造六处老化选别,6D0009,SF313-2608000300,24,UK561M200N300AP4APR,525
2026-08-24T00:00:00,A,2026-08-24T12:00:00,3164 制造六处老化选别,6D0009,SF313-2608000300,30,UK561M200N300AP4APR,189
2026-08-24T00:00:00,A,2026-08-24T12:00:00,3164 制造六处老化选别,6D0009,SF313-2608000300,32,UK561M200N300AP4APR,584
2026-08-24T00:00:00,A,2026-08-24T12:00:00,3164 制造六处老化选别,6D0009,SF313-2608000301,19,UK561M200N300AP4APR,378
2026-08-24T00:00:00,A,2026-08-24T12:00:00,3164 制造六处老化选别,6D0009,SF313-2608000301,21,UK561M200N300AP4APR,538
2026-08-24T00:00:00,A,2026-08-24T12:00:00,3164 制造六处老化选别,6D0009,SF313-2608000301,25,UK561M200N300AP4APR,308
2026-08-24T00:00:00,A,2026-08-24T12:00:00,3164 制造六处老化选别,6FX02,SF313-2608000300,9,UK561M200N300AP4APR,437
2026-08-24T00:00:00,A,2026-08-24T12:00:00,3164 制造六处老化选别,6FX02,SF313-2608000301,14,UK561M200N300AP4APR,383
2026-08-24T00:00:00,A,2026-08-24T17:00:00,3161 制造六处釘卷,6DD098,SF313-2608000303,11,UK561M200N300AP4APR,160
2026-08-24T00:00:00,A,2026-08-24T17:00:00,3161 制造六处釘卷,6DD099,SF313-2608000303,8,UK561M200N300AP4APR,192
2026-08-24T00:00:00,A,2026-08-24T17:00:00,3161 制造六处釘卷,6DD099,SF313-2608000303,10,UK561M200N300AP4APR,120
2026-08-24T00:00:00,A,2026-08-24T17:00:00,3161 制造六处釘卷,6DD127,SF313-2608000302,1,UK561M200N300AP4APR,312
2026-08-24T00:00:00,A,2026-08-24T17:00:00,3161 制造六处釘卷,6DD127,SF313-2608000302,3,UK561M200N300AP4APR,288
2026-08-24T00:00:00,A,2026-08-24T17:00:00,3161 制造六处釘卷,6DD127,SF313-2608000302,5,UK561M200N300AP4APR,108
2026-08-24T00:00:00,A,2026-08-24T17:00:00,3161 制造六处釘卷,6DD127,SF313-2608000302,7,UK561M200N300AP4APR,72
2026-08-24T00:00:00,A,2026-08-24T17:00:00,3161 制造六处釘卷,6DD128,SF313-2608000302,9,UK561M200N300AP4APR,83
2026-08-24T00:00:00,A,2026-08-24T17:00:00,3162 制造六处自动组立套胶,6B0009,SF313-2608000301,10,UK561M200N300AP4APR,198
2026-08-24T00:00:00,A,2026-08-24T17:00:00,3162 制造六处自动组立套胶,6B0009,SF313-2608000301,12,UK561M200N300AP4APR,426
2026-08-24T00:00:00,A,2026-08-24T17:00:00,3162 制造六处自动组立套胶,6B0009,SF313-2608000301,15,UK561M200N300AP4APR,347
2026-08-24T00:00:00,A,2026-08-24T17:00:00,3162 制造六处自动组立套胶,6B0012,SF313-2608000300,29,UK561M200N300AP4APR,228
2026-08-24T00:00:00,A,2026-08-24T17:00:00,3162 制造六处自动组立套胶,6B0012,SF313-2608000300,31,UK561M200N300AP4APR,156
2026-08-24T00:00:00,A,2026-08-24T17:00:00,3162 制造六处自动组立套胶,6B0012,SF313-2608000300,35,UK561M200N300AP4APR,134
2026-08-24T00:00:00,A,2026-08-24T17:00:00,3162 制造六处自动组立套胶,6B0012,SF313-2608000301,24,UK561M200N300AP4APR,126
2026-08-24T00:00:00,A,2026-08-24T17:00:00,3162 制造六处自动组立套胶,6B0012,SF313-2608000301,27,UK561M200N300AP4APR,354
2026-08-24T00:00:00,A,2026-08-24T17:00:00,3162 制造六处自动组立套胶,6B0012,SF313-2608000301,28,UK561M200N300AP4APR,125
2026-08-24T00:00:00,A,2026-08-24T17:00:00,3162 制造六处自动组立套胶,6B0012,SF313-2608000301,30,UK561M200N300AP4APR,224
2026-08-24T00:00:00,A,2026-08-24T17:00:00,3162 制造六处自动组立套胶,6B0015,SF313-2608000300,37,UK561M200N300AP4APR,215
2026-08-24T00:00:00,A,2026-08-24T17:00:00,3162 制造六处自动组立套胶,6B0015,SF313-2608000300,38,UK561M200N300AP4APR,371
2026-08-24T00:00:00,A,2026-08-24T17:00:00,3162 制造六处自动组立套胶,6B0015,SF313-2608000300,40,UK561M200N300AP4APR,340
2026-08-24T00:00:00,A,2026-08-24T17:00:00,3162 制造六处自动组立套胶,6B0015,SF313-2608000301,33,UK561M200N300AP4APR,257
2026-08-24T00:00:00,A,2026-08-24T17:00:00,3162 制造六处自动组立套胶,6B0032,SF313-2608000300,28,UK561M200N300AP4APR,164
2026-08-24T00:00:00,A,2026-08-24T17:00:00,3162 制造六处自动组立套胶,6B0032,SF313-2608000303,1,UK561M200N300AP4APR,252
2026-08-24T00:00:00,A,2026-08-24T17:00:00,3162 制造六处自动组立套胶,6B0032,SF313-2608000303,3,UK561M200N300AP4APR,120
2026-08-24T00:00:00,A,2026-08-24T17:00:00,3162 制造六处自动组立套胶,6B0032,SF313-2608000303,6,UK561M200N300AP4APR,372
2026-08-24T00:00:00,A,2026-08-24T17:00:00,3162 制造六处自动组立套胶,6B0032,SF313-2608000303,11,UK561M200N300AP4APR,80
2026-08-24T00:00:00,A,2026-08-24T17:00:00,3164 制造六处老化选别,6D0005,SF313-2608000300,11,UK561M200N300AP4APR,85
2026-08-24T00:00:00,A,2026-08-24T17:00:00,3164 制造六处老化选别,6D0005,SF313-2608000300,13,UK561M200N300AP4APR,183
2026-08-24T00:00:00,A,2026-08-24T17:00:00,3164 制造六处老化选别,6D0005,SF313-2608000300,34,UK561M200N300AP4APR,236
2026-08-24T00:00:00,A,2026-08-24T17:00:00,3164 制造六处老化选别,6D0005,SF313-2608000301,22,UK561M200N300AP4APR,299
2026-08-24T00:00:00,A,2026-08-24T17:00:00,3164 制造六处老化选别,6D0005,SF313-2608000301,26,UK561M200N300AP4APR,210
2026-08-24T00:00:00,A,2026-08-24T17:00:00,3164 制造六处老化选别,6D0009,SF313-2608000300,24,UK561M200N300AP4APR,214
2026-08-24T00:00:00,A,2026-08-24T17:00:00,3164 制造六处老化选别,6D0009,SF313-2608000300,30,UK561M200N300AP4APR,71
2026-08-24T00:00:00,A,2026-08-24T17:00:00,3164 制造六处老化选别,6D0009,SF313-2608000300,32,UK561M200N300AP4APR,119
2026-08-24T00:00:00,A,2026-08-24T17:00:00,3164 制造六处老化选别,6D0009,SF313-2608000301,19,UK561M200N300AP4APR,307
2026-08-24T00:00:00,A,2026-08-24T17:00:00,3164 制造六处老化选别,6D0009,SF313-2608000301,21,UK561M200N300AP4APR,370
2026-08-24T00:00:00,A,2026-08-24T17:00:00,3164 制造六处老化选别,6D0009,SF313-2608000301,25,UK561M200N300AP4APR,378
2026-08-24T00:00:00,A,2026-08-24T17:00:00,3164 制造六处老化选别,6FX02,SF313-2608000300,9,UK561M200N300AP4APR,388
2026-08-24T00:00:00,A,2026-08-24T17:00:00,3164 制造六处老化选别,6FX02,SF313-2608000301,14,UK561M200N300AP4APR,298
2026-08-24T00:00:00,B,2026-08-25T00:00:00,3161 制造六处釘卷,6DD098,SF313-2608000303,1,UK561M200N300AP4APR,516
2026-08-24T00:00:00,B,2026-08-25T00:00:00,3161 制造六处釘卷,6DD098,SF313-2608000303,3,UK561M200N300AP4APR,600
2026-08-24T00:00:00,B,2026-08-25T00:00:00,3161 制造六处釘卷,6DD098,SF313-2608000303,5,UK561M200N300AP4APR,204
2026-08-24T00:00:00,B,2026-08-25T00:00:00,3161 制造六处釘卷,6DD098,SF313-2608000303,7,UK561M200N300AP4APR,336
2026-08-24T00:00:00,B,2026-08-25T00:00:00,3161 制造六处釘卷,6DD098,SF313-2608000303,9,UK561M200N300AP4APR,192
2026-08-24T00:00:00,B,2026-08-25T00:00:00,3161 制造六处釘卷,6DD098,SF313-2608000303,13,UK561M200N300AP4APR,192
2026-08-24T00:00:00,B,2026-08-25T00:00:00,3161 制造六处釘卷,6DD098,SF313-2608000303,15,UK561M200N300AP4APR,312
2026-08-24T00:00:00,B,2026-08-25T00:00:00,3161 制造六处釘卷,6DD098,SF313-2608000303,17,UK561M200N300AP4APR,396
2026-08-24T00:00:00,B,2026-08-25T00:00:00,3161 制造六处釘卷,6DD099,SF313-2608000303,2,UK561M200N300AP4APR,420
2026-08-24T00:00:00,B,2026-08-25T00:00:00,3161 制造六处釘卷,6DD099,SF313-2608000303,4,UK561M200N300AP4APR,288
2026-08-24T00:00:00,B,2026-08-25T00:00:00,3161 制造六处釘卷,6DD099,SF313-2608000303,6,UK561M200N300AP4APR,168
2026-08-24T00:00:00,B,2026-08-25T00:00:00,3161 制造六处釘卷,6DD099,SF313-2608000303,12,UK561M200N300AP4APR,540
2026-08-24T00:00:00,B,2026-08-25T00:00:00,3161 制造六处釘卷,6DD099,SF313-2608000303,14,UK561M200N300AP4APR,504
2026-08-24T00:00:00,B,2026-08-25T00:00:00,3161 制造六处釘卷,6DD099,SF313-2608000303,16,UK561M200N300AP4APR,540
2026-08-24T00:00:00,B,2026-08-25T00:00:00,3161 制造六处釘卷,6DD117,SF313-2608000300,39,UK561M200N300AP4APR,528
2026-08-24T00:00:00,B,2026-08-25T00:00:00,3161 制造六处釘卷,6DD117,SF313-2608000300,43,UK561M200N300AP4APR,198
2026-08-24T00:00:00,B,2026-08-25T00:00:00,3161 制造六处釘卷,6DD117,SF313-2608000304,7,UK561M200N300AP4APR,192
2026-08-24T00:00:00,B,2026-08-25T00:00:00,3161 制造六处釘卷,6DD119,SF313-2608000300,42,UK561M200N300AP4APR,252
2026-08-24T00:00:00,B,2026-08-25T00:00:00,3161 制造六处釘卷,6DD127,SF313-2608000302,2,UK561M200N300AP4APR,252
2026-08-24T00:00:00,B,2026-08-25T00:00:00,3161 制造六处釘卷,6DD127,SF313-2608000302,4,UK561M200N300AP4APR,396
2026-08-24T00:00:00,B,2026-08-25T00:00:00,3161 制造六处釘卷,6DD127,SF313-2608000302,6,UK561M200N300AP4APR,228
2026-08-24T00:00:00,B,2026-08-25T00:00:00,3161 制造六处釘卷,6DD127,SF313-2608000302,8,UK561M200N300AP4APR,600
2026-08-24T00:00:00,B,2026-08-25T00:00:00,3161 制造六处釘卷,6DD128,SF313-2608000302,11,UK561M200N300AP4APR,612
2026-08-24T00:00:00,B,2026-08-25T00:00:00,3161 制造六处釘卷,6DD129,SF313-2608000301,40,UK561M200N300AP4APR,600
2026-08-24T00:00:00,B,2026-08-25T00:00:00,3161 制造六处釘卷,6DD131,SF313-2608000301,36,UK561M200N300AP4APR,300
2026-08-24T00:00:00,B,2026-08-25T00:00:00,3161 制造六处釘卷,6DD131,SF313-2608000301,38,UK561M200N300AP4APR,468
2026-08-24T00:00:00,B,2026-08-25T00:00:00,3162 制造六处自动组立套胶,6B0009,SF313-2608000300,43,UK561M200N300AP4APR,330
2026-08-24T00:00:00,B,2026-08-25T00:00:00,3162 制造六处自动组立套胶,6B0009,SF313-2608000301,9,UK561M200N300AP4APR,400
2026-08-24T00:00:00,B,2026-08-25T00:00:00,3162 制造六处自动组立套胶,6B0009,SF313-2608000301,11,UK561M200N300AP4APR,228
2026-08-24T00:00:00,B,2026-08-25T00:00:00,3162 制造六处自动组立套胶,6B0012,SF313-2608000300,21,UK561M200N300AP4APR,201
2026-08-24T00:00:00,B,2026-08-25T00:00:00,3162 制造六处自动组立套胶,6B0012,SF313-2608000300,22,UK561M200N300AP4APR,443
2026-08-24T00:00:00,B,2026-08-25T00:00:00,3162 制造六处自动组立套胶,6B0012,SF313-2608000300,27,UK561M200N300AP4APR,503
2026-08-24T00:00:00,B,2026-08-25T00:00:00,3162 制造六处自动组立套胶,6B0012,SF313-2608000300,33,UK561M200N300AP4APR,67
2026-08-24T00:00:00,B,2026-08-25T00:00:00,3162 制造六处自动组立套胶,6B0012,SF313-2608000301,20,UK561M200N300AP4APR,287
2026-08-24T00:00:00,B,2026-08-25T00:00:00,3162 制造六处自动组立套胶,6B0012,SF313-2608000301,22,UK561M200N300AP4APR,670
2026-08-24T00:00:00,B,2026-08-25T00:00:00,3162 制造六处自动组立套胶,6B0012,SF313-2608000301,25,UK561M200N300AP4APR,336
2026-08-24T00:00:00,B,2026-08-25T00:00:00,3162 制造六处自动组立套胶,6B0012,SF313-2608000301,26,UK561M200N300AP4APR,379
2026-08-24T00:00:00,B,2026-08-25T00:00:00,3162 制造六处自动组立套胶,6B0015,SF313-2608000301,35,UK561M200N300AP4APR,359
2026-08-24T00:00:00,B,2026-08-25T00:00:00,3164 制造六处老化选别,6D0005,SF313-2608000300,2,UK561M200N300AP4APR,607
2026-08-24T00:00:00,B,2026-08-25T00:00:00,3164 制造六处老化选别,6D0005,SF313-2608000300,15,UK561M200N300AP4APR,520
2026-08-24T00:00:00,B,2026-08-25T00:00:00,3164 制造六处老化选别,6D0005,SF313-2608000300,19,UK561M200N300AP4APR,417
2026-08-24T00:00:00,B,2026-08-25T00:00:00,3164 制造六处老化选别,6D0005,SF313-2608000300,31,UK561M200N300AP4APR,579
2026-08-24T00:00:00,B,2026-08-25T00:00:00,3164 制造六处老化选别,6D0005,SF313-2608000300,33,UK561M200N300AP4APR,100
2026-08-24T00:00:00,B,2026-08-25T00:00:00,3164 制造六处老化选别,6D0005,SF313-2608000301,6,UK561M200N300AP4APR,545
2026-08-24T00:00:00,B,2026-08-25T00:00:00,3164 制造六处老化选别,6D0005,SF313-2608000301,7,UK561M200N300AP4APR,357
2026-08-24T00:00:00,B,2026-08-25T00:00:00,3164 制造六处老化选别,6D0005,SF313-2608000301,13,UK561M200N300AP4APR,701
2026-08-24T00:00:00,B,2026-08-25T00:00:00,3164 制造六处老化选别,6D0005,SF313-2608000301,16,UK561M200N300AP4APR,674
2026-08-24T00:00:00,B,2026-08-25T00:00:00,3164 制造六处老化选别,6D0005,SF313-2608000301,24,UK561M200N300AP4APR,518
2026-08-24T00:00:00,B,2026-08-25T00:00:00,3164 制造六处老化选别,6D0009,SF313-2608000300,17,UK561M200N300AP4APR,281
2026-08-24T00:00:00,B,2026-08-25T00:00:00,3164 制造六处老化选别,6D0009,SF313-2608000300,26,UK561M200N300AP4APR,169
2026-08-24T00:00:00,B,2026-08-25T00:00:00,3164 制造六处老化选别,6D0009,SF313-2608000301,17,UK561M200N300AP4APR,281
2026-08-24T00:00:00,B,2026-08-25T00:00:00,3164 制造六处老化选别,6D0009,SF313-2608000301,18,UK561M200N300AP4APR,258
2026-08-24T00:00:00,B,2026-08-25T00:00:00,3164 制造六处老化选别,6D0009,SF313-2608000301,23,UK561M200N300AP4APR,423
2026-08-24T00:00:00,B,2026-08-25T00:00:00,3164 制造六处老化选别,6D0009,SF313-2608000301,29,UK561M200N300AP4APR,326
2026-08-24T00:00:00,B,2026-08-25T05:00:00,3161 制造六处釘卷,6DD098,SF313-2608000303,1,UK561M200N300AP4APR,276
2026-08-24T00:00:00,B,2026-08-25T05:00:00,3161 制造六处釘卷,6DD098,SF313-2608000303,3,UK561M200N300AP4APR,264
2026-08-24T00:00:00,B,2026-08-25T05:00:00,3161 制造六处釘卷,6DD098,SF313-2608000303,5,UK561M200N300AP4APR,300
2026-08-24T00:00:00,B,2026-08-25T05:00:00,3161 制造六处釘卷,6DD098,SF313-2608000303,7,UK561M200N300AP4APR,120
2026-08-24T00:00:00,B,2026-08-25T05:00:00,3161 制造六处釘卷,6DD098,SF313-2608000303,9,UK561M200N300AP4APR,372
2026-08-24T00:00:00,B,2026-08-25T05:00:00,3161 制造六处釘卷,6DD098,SF313-2608000303,13,UK561M200N300AP4APR,300
2026-08-24T00:00:00,B,2026-08-25T05:00:00,3161 制造六处釘卷,6DD098,SF313-2608000303,15,UK561M200N300AP4APR,0
2026-08-24T00:00:00,B,2026-08-25T05:00:00,3161 制造六处釘卷,6DD098,SF313-2608000303,17,UK561M200N300AP4APR,252
2026-08-24T00:00:00,B,2026-08-25T05:00:00,3161 制造六处釘卷,6DD099,SF313-2608000303,2,UK561M200N300AP4APR,276
2026-08-24T00:00:00,B,2026-08-25T05:00:00,3161 制造六处釘卷,6DD099,SF313-2608000303,4,UK561M200N300AP4APR,108
2026-08-24T00:00:00,B,2026-08-25T05:00:00,3161 制造六处釘卷,6DD099,SF313-2608000303,6,UK561M200N300AP4APR,96
2026-08-24T00:00:00,B,2026-08-25T05:00:00,3161 制造六处釘卷,6DD099,SF313-2608000303,12,UK561M200N300AP4APR,216
2026-08-24T00:00:00,B,2026-08-25T05:00:00,3161 制造六处釘卷,6DD099,SF313-2608000303,14,UK561M200N300AP4APR,132
2026-08-24T00:00:00,B,2026-08-25T05:00:00,3161 制造六处釘卷,6DD099,SF313-2608000303,16,UK561M200N300AP4APR,240
2026-08-24T00:00:00,B,2026-08-25T05:00:00,3161 制造六处釘卷,6DD117,SF313-2608000300,39,UK561M200N300AP4APR,252
2026-08-24T00:00:00,B,2026-08-25T05:00:00,3161 制造六处釘卷,6DD117,SF313-2608000300,43,UK561M200N300AP4APR,48
2026-08-24T00:00:00,B,2026-08-25T05:00:00,3161 制造六处釘卷,6DD117,SF313-2608000304,7,UK561M200N300AP4APR,83
2026-08-24T00:00:00,B,2026-08-25T05:00:00,3161 制造六处釘卷,6DD119,SF313-2608000300,42,UK561M200N300AP4APR,144
2026-08-24T00:00:00,B,2026-08-25T05:00:00,3161 制造六处釘卷,6DD127,SF313-2608000302,2,UK561M200N300AP4APR,83
2026-08-24T00:00:00,B,2026-08-25T05:00:00,3161 制造六处釘卷,6DD127,SF313-2608000302,4,UK561M200N300AP4APR,203
2026-08-24T00:00:00,B,2026-08-25T05:00:00,3161 制造六处釘卷,6DD127,SF313-2608000302,6,UK561M200N300AP4APR,312
2026-08-24T00:00:00,B,2026-08-25T05:00:00,3161 制造六处釘卷,6DD127,SF313-2608000302,8,UK561M200N300AP4APR,216
2026-08-24T00:00:00,B,2026-08-25T05:00:00,3161 制造六处釘卷,6DD128,SF313-2608000302,11,UK561M200N300AP4APR,180
2026-08-24T00:00:00,B,2026-08-25T05:00:00,3161 制造六处釘卷,6DD129,SF313-2608000301,40,UK561M200N300AP4APR,384
2026-08-24T00:00:00,B,2026-08-25T05:00:00,3161 制造六处釘卷,6DD131,SF313-2608000301,36,UK561M200N300AP4APR,228
2026-08-24T00:00:00,B,2026-08-25T05:00:00,3161 制造六处釘卷,6DD131,SF313-2608000301,38,UK561M200N300AP4APR,372
2026-08-24T00:00:00,B,2026-08-25T05:00:00,3162 制造六处自动组立套胶,6B0009,SF313-2608000300,43,UK561M200N300AP4APR,336
2026-08-24T00:00:00,B,2026-08-25T05:00:00,3162 制造六处自动组立套胶,6B0009,SF313-2608000301,9,UK561M200N300AP4APR,400
2026-08-24T00:00:00,B,2026-08-25T05:00:00,3162 制造六处自动组立套胶,6B0009,SF313-2608000301,11,UK561M200N300AP4APR,143
2026-08-24T00:00:00,B,2026-08-25T05:00:00,3162 制造六处自动组立套胶,6B0012,SF313-2608000300,21,UK561M200N300AP4APR,417
2026-08-24T00:00:00,B,2026-08-25T05:00:00,3162 制造六处自动组立套胶,6B0012,SF313-2608000300,22,UK561M200N300AP4APR,356
2026-08-24T00:00:00,B,2026-08-25T05:00:00,3162 制造六处自动组立套胶,6B0012,SF313-2608000300,27,UK561M200N300AP4APR,227
2026-08-24T00:00:00,B,2026-08-25T05:00:00,3162 制造六处自动组立套胶,6B0012,SF313-2608000300,33,UK561M200N300AP4APR,156
2026-08-24T00:00:00,B,2026-08-25T05:00:00,3162 制造六处自动组立套胶,6B0012,SF313-2608000301,20,UK561M200N300AP4APR,172
2026-08-24T00:00:00,B,2026-08-25T05:00:00,3162 制造六处自动组立套胶,6B0012,SF313-2608000301,22,UK561M200N300AP4APR,228
2026-08-24T00:00:00,B,2026-08-25T05:00:00,3162 制造六处自动组立套胶,6B0012,SF313-2608000301,25,UK561M200N300AP4APR,266
2026-08-24T00:00:00,B,2026-08-25T05:00:00,3162 制造六处自动组立套胶,6B0012,SF313-2608000301,26,UK561M200N300AP4APR,238
2026-08-24T00:00:00,B,2026-08-25T05:00:00,3162 制造六处自动组立套胶,6B0015,SF313-2608000301,35,UK561M200N300AP4APR,208
2026-08-24T00:00:00,B,2026-08-25T05:00:00,3164 制造六处老化选别,6D0005,SF313-2608000300,2,UK561M200N300AP4APR,322
2026-08-24T00:00:00,B,2026-08-25T05:00:00,3164 制造六处老化选别,6D0005,SF313-2608000300,15,UK561M200N300AP4APR,0
2026-08-24T00:00:00,B,2026-08-25T05:00:00,3164 制造六处老化选别,6D0005,SF313-2608000300,19,UK561M200N300AP4APR,171
2026-08-24T00:00:00,B,2026-08-25T05:00:00,3164 制造六处老化选别,6D0005,SF313-2608000300,31,UK561M200N300AP4APR,0
2026-08-24T00:00:00,B,2026-08-25T05:00:00,3164 制造六处老化选别,6D0005,SF313-2608000300,33,UK561M200N300AP4APR,155
2026-08-24T00:00:00,B,2026-08-25T05:00:00,3164 制造六处老化选别,6D0005,SF313-2608000301,6,UK561M200N300AP4APR,77
2026-08-24T00:00:00,B,2026-08-25T05:00:00,3164 制造六处老化选别,6D0005,SF313-2608000301,7,UK561M200N300AP4APR,345
2026-08-24T00:00:00,B,2026-08-25T05:00:00,3164 制造六处老化选别,6D0005,SF313-2608000301,13,UK561M200N300AP4APR,182
2026-08-24T00:00:00,B,2026-08-25T05:00:00,3164 制造六处老化选别,6D0005,SF313-2608000301,16,UK561M200N300AP4APR,266
2026-08-24T00:00:00,B,2026-08-25T05:00:00,3164 制造六处老化选别,6D0005,SF313-2608000301,24,UK561M200N300AP4APR,266
2026-08-24T00:00:00,B,2026-08-25T05:00:00,3164 制造六处老化选别,6D0009,SF313-2608000300,17,UK561M200N300AP4APR,98
2026-08-24T00:00:00,B,2026-08-25T05:00:00,3164 制造六处老化选别,6D0009,SF313-2608000300,26,UK561M200N300AP4APR,121
2026-08-24T00:00:00,B,2026-08-25T05:00:00,3164 制造六处老化选别,6D0009,SF313-2608000301,17,UK561M200N300AP4APR,0
2026-08-24T00:00:00,B,2026-08-25T05:00:00,3164 制造六处老化选别,6D0009,SF313-2608000301,18,UK561M200N300AP4APR,172
2026-08-24T00:00:00,B,2026-08-25T05:00:00,3164 制造六处老化选别,6D0009,SF313-2608000301,23,UK561M200N300AP4APR,105
2026-08-24T00:00:00,B,2026-08-25T05:00:00,3164 制造六处老化选别,6D0009,SF313-2608000301,29,UK561M200N300AP4APR,113
2026-08-25T00:00:00,A,2026-08-25T12:00:00,3161 制造六处釘卷,6DD098,SF313-2608000303,21,UK561M200N300AP4APR,326
2026-08-25T00:00:00,A,2026-08-25T12:00:00,3161 制造六处釘卷,6DD098,SF313-2608000303,23,UK561M200N300AP4APR,240
2026-08-25T00:00:00,A,2026-08-25T12:00:00,3161 制造六处釘卷,6DD099,SF313-2608000303,20,UK561M200N300AP4APR,212
2026-08-25T00:00:00,A,2026-08-25T12:00:00,3161 制造六处釘卷,6DD099,SF313-2608000303,22,UK561M200N300AP4APR,63
2026-08-25T00:00:00,A,2026-08-25T12:00:00,3161 制造六处釘卷,6DD099,SF313-2608000303,24,UK561M200N300AP4APR,336
2026-08-25T00:00:00,A,2026-08-25T12:00:00,3161 制造六处釘卷,6DD119,SF313-2608000304,4,UK561M200N300AP4APR,300
2026-08-25T00:00:00,A,2026-08-25T12:00:00,3161 制造六处釘卷,6DD127,SF313-2608000302,19,UK561M200N300AP4APR,168
2026-08-25T00:00:00,A,2026-08-25T12:00:00,3161 制造六处釘卷,6DD127,SF313-2608000302,22,UK561M200N300AP4APR,228
2026-08-25T00:00:00,A,2026-08-25T12:00:00,3161 制造六处釘卷,6DD127,SF313-2608000302,24,UK561M200N300AP4APR,540
2026-08-25T00:00:00,A,2026-08-25T12:00:00,3161 制造六处釘卷,6DD127,SF313-2608000302,26,UK561M200N300AP4APR,336
2026-08-25T00:00:00,A,2026-08-25T12:00:00,3161 制造六处釘卷,6DD127,SF313-2608000302,28,UK561M200N300AP4APR,576
2026-08-25T00:00:00,A,2026-08-25T12:00:00,3161 制造六处釘卷,6DD128,SF313-2608000302,20,UK561M200N300AP4APR,360
2026-08-25T00:00:00,A,2026-08-25T12:00:00,3161 制造六处釘卷,6DD128,SF313-2608000302,21,UK561M200N300AP4APR,492
2026-08-25T00:00:00,A,2026-08-25T12:00:00,3161 制造六处釘卷,6DD128,SF313-2608000302,23,UK561M200N300AP4APR,240
2026-08-25T00:00:00,A,2026-08-25T12:00:00,3161 制造六处釘卷,6DD128,SF313-2608000302,25,UK561M200N300AP4APR,564
2026-08-25T00:00:00,A,2026-08-25T12:00:00,3161 制造六处釘卷,6DD128,SF313-2608000302,27,UK561M200N300AP4APR,588
2026-08-25T00:00:00,A,2026-08-25T12:00:00,3162 制造六处自动组立套胶,6B0009,SF313-2608000301,38,UK561M200N300AP4APR,515
2026-08-25T00:00:00,A,2026-08-25T12:00:00,3162 制造六处自动组立套胶,6B0009,SF313-2608000301,40,UK561M200N300AP4APR,241
2026-08-25T00:00:00,A,2026-08-25T12:00:00,3162 制造六处自动组立套胶,6B0009,SF313-2608000302,1,UK561M200N300AP4APR,358
2026-08-25T00:00:00,A,2026-08-25T12:00:00,3162 制造六处自动组立套胶,6B0009,SF313-2608000302,5,UK561M200N300AP4APR,519
2026-08-25T00:00:00,A,2026-08-25T12:00:00,3162 制造六处自动组立套胶,6B0009,SF313-2608000302,7,UK561M200N300AP4APR,624
2026-08-25T00:00:00,A,2026-08-25T12:00:00,3162 制造六处自动组立套胶,6B0009,SF313-2608000302,14,UK561M200N300AP4APR,167
2026-08-25T00:00:00,A,2026-08-25T12:00:00,3162 制造六处自动组立套胶,6B0009,SF313-2608000303,2,UK561M200N300AP4APR,371
2026-08-25T00:00:00,A,2026-08-25T12:00:00,3162 制造六处自动组立套胶,6B0009,SF313-2608000303,4,UK561M200N300AP4APR,366
2026-08-25T00:00:00,A,2026-08-25T12:00:00,3162 制造六处自动组立套胶,6B0009,SF313-2608000303,5,UK561M200N300AP4APR,367
2026-08-25T00:00:00,A,2026-08-25T12:00:00,3162 制造六处自动组立套胶,6B0012,SF313-2608000300,14,UK561M200N300AP4APR,460
2026-08-25T00:00:00,A,2026-08-25T12:00:00,3162 制造六处自动组立套胶,6B0012,SF313-2608000303,9,UK561M200N300AP4APR,316
2026-08-25T00:00:00,A,2026-08-25T12:00:00,3162 制造六处自动组立套胶,6B0032,SF313-2608000303,16,UK561M200N300AP4APR,168
2026-08-25T00:00:00,A,2026-08-25T12:00:00,3162 制造六处自动组立套胶,6B0032,SF313-2608000303,17,UK561M200N300AP4APR,612
2026-08-25T00:00:00,A,2026-08-25T12:00:00,3162 制造六处自动组立套胶,6B0032,SF313-2608000303,20,UK561M200N300AP4APR,52
2026-08-25T00:00:00,A,2026-08-25T12:00:00,3162 制造六处自动组立套胶,6B0032,SF313-2608000303,21,UK561M200N300AP4APR,46
2026-08-25T00:00:00,A,2026-08-25T12:00:00,3162 制造六处自动组立套胶,6B0032,SF313-2608000303,22,UK561M200N300AP4APR,189
2026-08-25T00:00:00,A,2026-08-25T12:00:00,3162 制造六处自动组立套胶,6B0032,SF313-2608000303,23,UK561M200N300AP4APR,48
2026-08-25T00:00:00,A,2026-08-25T12:00:00,3164 制造六处老化选别,6D0005,SF313-2608000300,37,UK561M200N300AP4APR,249
2026-08-25T00:00:00,A,2026-08-25T12:00:00,3164 制造六处老化选别,6D0005,SF313-2608000300,38,UK561M200N300AP4APR,255
2026-08-25T00:00:00,A,2026-08-25T12:00:00,3164 制造六处老化选别,6D0005,SF313-2608000300,40,UK561M200N300AP4APR,446
2026-08-25T00:00:00,A,2026-08-25T12:00:00,3164 制造六处老化选别,6D0005,SF313-2608000301,9,UK561M200N300AP4APR,372
2026-08-25T00:00:00,A,2026-08-25T12:00:00,3164 制造六处老化选别,6D0005,SF313-2608000301,11,UK561M200N300AP4APR,586
2026-08-25T00:00:00,A,2026-08-25T12:00:00,3164 制造六处老化选别,6D0005,SF313-2608000301,20,UK561M200N300AP4APR,473
2026-08-25T00:00:00,A,2026-08-25T12:00:00,3164 制造六处老化选别,6D0005,SF313-2608000301,35,UK561M200N300AP4APR,487
2026-08-25T00:00:00,A,2026-08-25T12:00:00,3164 制造六处老化选别,6D0005,SF313-2608000301,37,UK561M200N300AP4APR,699
2026-08-25T00:00:00,A,2026-08-25T12:00:00,3164 制造六处老化选别,6D0005,SF313-2608000303,6,UK561M200N300AP4APR,216
2026-08-25T00:00:00,A,2026-08-25T12:00:00,3164 制造六处老化选别,6D0009,SF313-2608000300,10,UK561M200N300AP4APR,557
2026-08-25T00:00:00,A,2026-08-25T12:00:00,3164 制造六处老化选别,6D0015,SF313-2608000300,22,UK561M200N300AP4APR,307
2026-08-25T00:00:00,A,2026-08-25T12:00:00,3164 制造六处老化选别,6D0015,SF313-2608000300,27,UK561M200N300AP4APR,191
2026-08-25T00:00:00,A,2026-08-25T12:00:00,3164 制造六处老化选别,6D0015,SF313-2608000303,1,UK561M200N300AP4APR,456
2026-08-25T00:00:00,A,2026-08-25T12:00:00,3164 制造六处老化选别,6D0015,SF313-2608000303,8,UK561M200N300AP4APR,687
2026-08-25T00:00:00,A,2026-08-25T12:00:00,3164 制造六处老化选别,6D0015,SF313-2608000303,10,UK561M200N300AP4APR,518
2026-08-25T00:00:00,A,2026-08-25T12:00:00,3164 制造六处老化选别,6D0015,SF313-2608000303,11,UK561M200N300AP4APR,301
2026-08-25T00:00:00,A,2026-08-25T12:00:00,3164 制造六处老化选别,6D0015,SF313-2608000303,12,UK561M200N300AP4APR,264
2026-08-25T00:00:00,A,2026-08-25T12:00:00,3164 制造六处老化选别,6D0015,SF313-2608000303,13,UK561M200N300AP4APR,240
2026-08-25T00:00:00,A,2026-08-25T17:00:00,3161 制造六处釘卷,6DD098,SF313-2608000303,21,UK561M200N300AP4APR,441
2026-08-25T00:00:00,A,2026-08-25T17:00:00,3161 制造六处釘卷,6DD098,SF313-2608000303,23,UK561M200N300AP4APR,280
2026-08-25T00:00:00,A,2026-08-25T17:00:00,3161 制造六处釘卷,6DD099,SF313-2608000303,20,UK561M200N300AP4APR,275
2026-08-25T00:00:00,A,2026-08-25T17:00:00,3161 制造六处釘卷,6DD099,SF313-2608000303,22,UK561M200N300AP4APR,94
2026-08-25T00:00:00,A,2026-08-25T17:00:00,3161 制造六处釘卷,6DD099,SF313-2608000303,24,UK561M200N300AP4APR,552
2026-08-25T00:00:00,A,2026-08-25T17:00:00,3161 制造六处釘卷,6DD119,SF313-2608000304,4,UK561M200N300AP4APR,516
2026-08-25T00:00:00,A,2026-08-25T17:00:00,3161 制造六处釘卷,6DD127,SF313-2608000302,19,UK561M200N300AP4APR,384
2026-08-25T00:00:00,A,2026-08-25T17:00:00,3161 制造六处釘卷,6DD127,SF313-2608000302,22,UK561M200N300AP4APR,444
2026-08-25T00:00:00,A,2026-08-25T17:00:00,3161 制造六处釘卷,6DD127,SF313-2608000302,24,UK561M200N300AP4APR,756
2026-08-25T00:00:00,A,2026-08-25T17:00:00,3161 制造六处釘卷,6DD127,SF313-2608000302,26,UK561M200N300AP4APR,552
2026-08-25T00:00:00,A,2026-08-25T17:00:00,3161 制造六处釘卷,6DD127,SF313-2608000302,28,UK561M200N300AP4APR,792
2026-08-25T00:00:00,A,2026-08-25T17:00:00,3161 制造六处釘卷,6DD128,SF313-2608000302,20,UK561M200N300AP4APR,576
2026-08-25T00:00:00,A,2026-08-25T17:00:00,3161 制造六处釘卷,6DD128,SF313-2608000302,21,UK561M200N300AP4APR,708
2026-08-25T00:00:00,A,2026-08-25T17:00:00,3161 制造六处釘卷,6DD128,SF313-2608000302,23,UK561M200N300AP4APR,456
2026-08-25T00:00:00,A,2026-08-25T17:00:00,3161 制造六处釘卷,6DD128,SF313-2608000302,25,UK561M200N300AP4APR,780
2026-08-25T00:00:00,A,2026-08-25T17:00:00,3161 制造六处釘卷,6DD128,SF313-2608000302,27,UK561M200N300AP4APR,803
2026-08-25T00:00:00,A,2026-08-25T17:00:00,3162 制造六处自动组立套胶,6B0009,SF313-2608000301,38,UK561M200N300AP4APR,773
2026-08-25T00:00:00,A,2026-08-25T17:00:00,3162 制造六处自动组立套胶,6B0009,SF313-2608000301,40,UK561M200N300AP4APR,449
2026-08-25T00:00:00,A,2026-08-25T17:00:00,3162 制造六处自动组立套胶,6B0009,SF313-2608000302,1,UK561M200N300AP4APR,617
2026-08-25T00:00:00,A,2026-08-25T17:00:00,3162 制造六处自动组立套胶,6B0009,SF313-2608000302,5,UK561M200N300AP4APR,772
2026-08-25T00:00:00,A,2026-08-25T17:00:00,3162 制造六处自动组立套胶,6B0009,SF313-2608000302,7,UK561M200N300AP4APR,845
2026-08-25T00:00:00,A,2026-08-25T17:00:00,3162 制造六处自动组立套胶,6B0009,SF313-2608000302,14,UK561M200N300AP4APR,382
2026-08-25T00:00:00,A,2026-08-25T17:00:00,3162 制造六处自动组立套胶,6B0009,SF313-2608000303,2,UK561M200N300AP4APR,586
2026-08-25T00:00:00,A,2026-08-25T17:00:00,3162 制造六处自动组立套胶,6B0009,SF313-2608000303,4,UK561M200N300AP4APR,579
2026-08-25T00:00:00,A,2026-08-25T17:00:00,3162 制造六处自动组立套胶,6B0009,SF313-2608000303,5,UK561M200N300AP4APR,580
2026-08-25T00:00:00,A,2026-08-25T17:00:00,3162 制造六处自动组立套胶,6B0012,SF313-2608000300,14,UK561M200N300AP4APR,678
2026-08-25T00:00:00,A,2026-08-25T17:00:00,3162 制造六处自动组立套胶,6B0012,SF313-2608000303,9,UK561M200N300AP4APR,527
2026-08-25T00:00:00,A,2026-08-25T17:00:00,3162 制造六处自动组立套胶,6B0032,SF313-2608000303,16,UK561M200N300AP4APR,384
2026-08-25T00:00:00,A,2026-08-25T17:00:00,3162 制造六处自动组立套胶,6B0032,SF313-2608000303,17,UK561M200N300AP4APR,827
2026-08-25T00:00:00,A,2026-08-25T17:00:00,3162 制造六处自动组立套胶,6B0032,SF313-2608000303,20,UK561M200N300AP4APR,205
2026-08-25T00:00:00,A,2026-08-25T17:00:00,3162 制造六处自动组立套胶,6B0032,SF313-2608000303,21,UK561M200N300AP4APR,147
2026-08-25T00:00:00,A,2026-08-25T17:00:00,3162 制造六处自动组立套胶,6B0032,SF313-2608000303,22,UK561M200N300AP4APR,374
2026-08-25T00:00:00,A,2026-08-25T17:00:00,3162 制造六处自动组立套胶,6B0032,SF313-2608000303,23,UK561M200N300AP4APR,224
2026-08-25T00:00:00,A,2026-08-25T17:00:00,3164 制造六处老化选别,6D0005,SF313-2608000300,37,UK561M200N300AP4APR,454
2026-08-25T00:00:00,A,2026-08-25T17:00:00,3164 制造六处老化选别,6D0005,SF313-2608000300,38,UK561M200N300AP4APR,464
2026-08-25T00:00:00,A,2026-08-25T17:00:00,3164 制造六处老化选别,6D0005,SF313-2608000300,40,UK561M200N300AP4APR,658
2026-08-25T00:00:00,A,2026-08-25T17:00:00,3164 制造六处老化选别,6D0005,SF313-2608000301,9,UK561M200N300AP4APR,629
2026-08-25T00:00:00,A,2026-08-25T17:00:00,3164 制造六处老化选别,6D0005,SF313-2608000301,11,UK561M200N300AP4APR,843
2026-08-25T00:00:00,A,2026-08-25T17:00:00,3164 制造六处老化选别,6D0005,SF313-2608000301,20,UK561M200N300AP4APR,732
2026-08-25T00:00:00,A,2026-08-25T17:00:00,3164 制造六处老化选别,6D0005,SF313-2608000301,35,UK561M200N300AP4APR,696
2026-08-25T00:00:00,A,2026-08-25T17:00:00,3164 制造六处老化选别,6D0005,SF313-2608000301,37,UK561M200N300AP4APR,956
2026-08-25T00:00:00,A,2026-08-25T17:00:00,3164 制造六处老化选别,6D0005,SF313-2608000303,6,UK561M200N300AP4APR,432
2026-08-25T00:00:00,A,2026-08-25T17:00:00,3164 制造六处老化选别,6D0009,SF313-2608000300,10,UK561M200N300AP4APR,779
2026-08-25T00:00:00,A,2026-08-25T17:00:00,3164 制造六处老化选别,6D0015,SF313-2608000300,22,UK561M200N300AP4APR,529
2026-08-25T00:00:00,A,2026-08-25T17:00:00,3164 制造六处老化选别,6D0015,SF313-2608000300,27,UK561M200N300AP4APR,407
2026-08-25T00:00:00,A,2026-08-25T17:00:00,3164 制造六处老化选别,6D0015,SF313-2608000303,1,UK561M200N300AP4APR,672
2026-08-25T00:00:00,A,2026-08-25T17:00:00,3164 制造六处老化选别,6D0015,SF313-2608000303,8,UK561M200N300AP4APR,945
2026-08-25T00:00:00,A,2026-08-25T17:00:00,3164 制造六处老化选别,6D0015,SF313-2608000303,10,UK561M200N300AP4APR,777
2026-08-25T00:00:00,A,2026-08-25T17:00:00,3164 制造六处老化选别,6D0015,SF313-2608000303,11,UK561M200N300AP4APR,559
2026-08-25T00:00:00,A,2026-08-25T17:00:00,3164 制造六处老化选别,6D0015,SF313-2608000303,12,UK561M200N300AP4APR,480
2026-08-25T00:00:00,A,2026-08-25T17:00:00,3164 制造六处老化选别,6D0015,SF313-2608000303,13,UK561M200N300AP4APR,456
2026-08-25T00:00:00,B,2026-08-26T00:00:00,3161 制造六处釘卷,6DD098,SF313-2608000303,19,UK561M200N300AP4APR,456
2026-08-25T00:00:00,B,2026-08-26T00:00:00,3161 制造六处釘卷,6DD098,SF313-2608000303,25,UK561M200N300AP4APR,348
2026-08-25T00:00:00,B,2026-08-26T00:00:00,3161 制造六处釘卷,6DD098,SF313-2608000303,27,UK561M200N300AP4APR,264
2026-08-25T00:00:00,B,2026-08-26T00:00:00,3161 制造六处釘卷,6DD098,SF313-2608000303,29,UK561M200N300AP4APR,336
2026-08-25T00:00:00,B,2026-08-26T00:00:00,3161 制造六处釘卷,6DD099,SF313-2608000303,18,UK561M200N300AP4APR,336
2026-08-25T00:00:00,B,2026-08-26T00:00:00,3161 制造六处釘卷,6DD099,SF313-2608000303,26,UK561M200N300AP4APR,600
2026-08-25T00:00:00,B,2026-08-26T00:00:00,3161 制造六处釘卷,6DD099,SF313-2608000303,28,UK561M200N300AP4APR,564
2026-08-25T00:00:00,B,2026-08-26T00:00:00,3161 制造六处釘卷,6DD099,SF313-2608000303,30,UK561M200N300AP4APR,228
2026-08-25T00:00:00,B,2026-08-26T00:00:00,3161 制造六处釘卷,6DD117,SF313-2608000304,9,UK561M200N300AP4APR,444
2026-08-25T00:00:00,B,2026-08-26T00:00:00,3161 制造六处釘卷,6DD119,SF313-2608000304,1,UK561M200N300AP4APR,612
2026-08-25T00:00:00,B,2026-08-26T00:00:00,3161 制造六处釘卷,6DD119,SF313-2608000304,2,UK561M200N300AP4APR,420
2026-08-25T00:00:00,B,2026-08-26T00:00:00,3161 制造六处釘卷,6DD119,SF313-2608000304,3,UK561M200N300AP4APR,516
2026-08-25T00:00:00,B,2026-08-26T00:00:00,3161 制造六处釘卷,6DD119,SF313-2608000304,5,UK561M200N300AP4APR,396
2026-08-25T00:00:00,B,2026-08-26T00:00:00,3161 制造六处釘卷,6DD127,SF313-2608000302,10,UK561M200N300AP4APR,51
2026-08-25T00:00:00,B,2026-08-26T00:00:00,3161 制造六处釘卷,6DD127,SF313-2608000302,12,UK561M200N300AP4APR,57
2026-08-25T00:00:00,B,2026-08-26T00:00:00,3161 制造六处釘卷,6DD127,SF313-2608000302,14,UK561M200N300AP4APR,384
2026-08-25T00:00:00,B,2026-08-26T00:00:00,3161 制造六处釘卷,6DD127,SF313-2608000302,16,UK561M200N300AP4APR,204
2026-08-25T00:00:00,B,2026-08-26T00:00:00,3161 制造六处釘卷,6DD127,SF313-2608000302,18,UK561M200N300AP4APR,396
2026-08-25T00:00:00,B,2026-08-26T00:00:00,3161 制造六处釘卷,6DD127,SF313-2608000302,30,UK561M200N300AP4APR,384
2026-08-25T00:00:00,B,2026-08-26T00:00:00,3161 制造六处釘卷,6DD128,SF313-2608000302,13,UK561M200N300AP4APR,456
2026-08-25T00:00:00,B,2026-08-26T00:00:00,3161 制造六处釘卷,6DD128,SF313-2608000302,15,UK561M200N300AP4APR,432
2026-08-25T00:00:00,B,2026-08-26T00:00:00,3161 制造六处釘卷,6DD128,SF313-2608000302,17,UK561M200N300AP4APR,408
2026-08-25T00:00:00,B,2026-08-26T00:00:00,3161 制造六处釘卷,6DD128,SF313-2608000302,29,UK561M200N300AP4APR,504
2026-08-25T00:00:00,B,2026-08-26T00:00:00,3162 制造六处自动组立套胶,6B0009,SF313-2608000300,41,UK561M200N300AP4APR,167
2026-08-25T00:00:00,B,2026-08-26T00:00:00,3162 制造六处自动组立套胶,6B0009,SF313-2608000300,42,UK561M200N300AP4APR,205
2026-08-25T00:00:00,B,2026-08-26T00:00:00,3162 制造六处自动组立套胶,6B0009,SF313-2608000301,31,UK561M200N300AP4APR,292
2026-08-25T00:00:00,B,2026-08-26T00:00:00,3162 制造六处自动组立套胶,6B0009,SF313-2608000301,32,UK561M200N300AP4APR,623
2026-08-25T00:00:00,B,2026-08-26T00:00:00,3162 制造六处自动组立套胶,6B0009,SF313-2608000301,36,UK561M200N300AP4APR,329
2026-08-25T00:00:00,B,2026-08-26T00:00:00,3162 制造六处自动组立套胶,6B0009,SF313-2608000302,8,UK561M200N300AP4APR,342
2026-08-25T00:00:00,B,2026-08-26T00:00:00,3162 制造六处自动组立套胶,6B0009,SF313-2608000302,10,UK561M200N300AP4APR,177
2026-08-25T00:00:00,B,2026-08-26T00:00:00,3162 制造六处自动组立套胶,6B0009,SF313-2608000302,12,UK561M200N300AP4APR,132
2026-08-25T00:00:00,B,2026-08-26T00:00:00,3162 制造六处自动组立套胶,6B0009,SF313-2608000303,7,UK561M200N300AP4APR,132
2026-08-25T00:00:00,B,2026-08-26T00:00:00,3162 制造六处自动组立套胶,6B0012,SF313-2608000300,10,UK561M200N300AP4APR,346
2026-08-25T00:00:00,B,2026-08-26T00:00:00,3162 制造六处自动组立套胶,6B0012,SF313-2608000300,12,UK561M200N300AP4APR,94
2026-08-25T00:00:00,B,2026-08-26T00:00:00,3162 制造六处自动组立套胶,6B0012,SF313-2608000300,25,UK561M200N300AP4APR,377
2026-08-25T00:00:00,B,2026-08-26T00:00:00,3162 制造六处自动组立套胶,6B0012,SF313-2608000300,36,UK561M200N300AP4APR,383
2026-08-25T00:00:00,B,2026-08-26T00:00:00,3162 制造六处自动组立套胶,6B0015,SF313-2608000301,37,UK561M200N300AP4APR,285
2026-08-25T00:00:00,B,2026-08-26T00:00:00,3162 制造六处自动组立套胶,6B0032,SF313-2608000303,8,UK561M200N300AP4APR,257
2026-08-25T00:00:00,B,2026-08-26T00:00:00,3162 制造六处自动组立套胶,6B0032,SF313-2608000303,10,UK561M200N300AP4APR,575
2026-08-25T00:00:00,B,2026-08-26T00:00:00,3162 制造六处自动组立套胶,6B0032,SF313-2608000303,12,UK561M200N300AP4APR,552
2026-08-25T00:00:00,B,2026-08-26T00:00:00,3162 制造六处自动组立套胶,6B0032,SF313-2608000303,13,UK561M200N300AP4APR,348
2026-08-25T00:00:00,B,2026-08-26T00:00:00,3162 制造六处自动组立套胶,6B0032,SF313-2608000303,14,UK561M200N300AP4APR,612
2026-08-25T00:00:00,B,2026-08-26T00:00:00,3162 制造六处自动组立套胶,6B0032,SF313-2608000303,15,UK561M200N300AP4APR,480
2026-08-25T00:00:00,B,2026-08-26T00:00:00,3164 制造六处老化选别,6D0005,SF313-2608000300,28,UK561M200N300AP4APR,223
2026-08-25T00:00:00,B,2026-08-26T00:00:00,3164 制造六处老化选别,6D0005,SF313-2608000300,29,UK561M200N300AP4APR,252
2026-08-25T00:00:00,B,2026-08-26T00:00:00,3164 制造六处老化选别,6D0005,SF313-2608000300,35,UK561M200N300AP4APR,268
2026-08-25T00:00:00,B,2026-08-26T00:00:00,3164 制造六处老化选别,6D0005,SF313-2608000300,42,UK561M200N300AP4APR,40
2026-08-25T00:00:00,B,2026-08-26T00:00:00,3164 制造六处老化选别,6D0005,SF313-2608000301,12,UK561M200N300AP4APR,355
2026-08-25T00:00:00,B,2026-08-26T00:00:00,3164 制造六处老化选别,6D0005,SF313-2608000301,30,UK561M200N300AP4APR,477
2026-08-25T00:00:00,B,2026-08-26T00:00:00,3164 制造六处老化选别,6D0005,SF313-2608000301,31,UK561M200N300AP4APR,218
2026-08-25T00:00:00,B,2026-08-26T00:00:00,3164 制造六处老化选别,6D0005,SF313-2608000301,33,UK561M200N300AP4APR,729
2026-08-25T00:00:00,B,2026-08-26T00:00:00,3164 制造六处老化选别,6D0005,SF313-2608000303,3,UK561M200N300AP4APR,480
2026-08-25T00:00:00,B,2026-08-26T00:00:00,3164 制造六处老化选别,6D0009,SF313-2608000303,7,UK561M200N300AP4APR,152
2026-08-25T00:00:00,B,2026-08-26T00:00:00,3164 制造六处老化选别,6D0015,SF313-2608000300,12,UK561M200N300AP4APR,373
2026-08-25T00:00:00,B,2026-08-26T00:00:00,3164 制造六处老化选别,6D0015,SF313-2608000300,21,UK561M200N300AP4APR,432
2026-08-25T00:00:00,B,2026-08-26T00:00:00,3164 制造六处老化选别,6D0015,SF313-2608000301,10,UK561M200N300AP4APR,680
2026-08-25T00:00:00,B,2026-08-26T00:00:00,3164 制造六处老化选别,6D0015,SF313-2608000301,15,UK561M200N300AP4APR,583
2026-08-25T00:00:00,B,2026-08-26T00:00:00,3164 制造六处老化选别,6D0015,SF313-2608000301,27,UK561M200N300AP4APR,552
2026-08-25T00:00:00,B,2026-08-26T00:00:00,3164 制造六处老化选别,6D0015,SF313-2608000301,28,UK561M200N300AP4APR,251
2026-08-25T00:00:00,B,2026-08-26T05:00:00,3161 制造六处釘卷,6DD098,SF313-2608000303,19,UK561M200N300AP4APR,672
2026-08-25T00:00:00,B,2026-08-26T05:00:00,3161 制造六处釘卷,6DD098,SF313-2608000303,25,UK561M200N300AP4APR,564
2026-08-25T00:00:00,B,2026-08-26T05:00:00,3161 制造六处釘卷,6DD098,SF313-2608000303,27,UK561M200N300AP4APR,480
2026-08-25T00:00:00,B,2026-08-26T05:00:00,3161 制造六处釘卷,6DD098,SF313-2608000303,29,UK561M200N300AP4APR,552
2026-08-25T00:00:00,B,2026-08-26T05:00:00,3161 制造六处釘卷,6DD099,SF313-2608000303,18,UK561M200N300AP4APR,552
2026-08-25T00:00:00,B,2026-08-26T05:00:00,3161 制造六处釘卷,6DD099,SF313-2608000303,26,UK561M200N300AP4APR,815
2026-08-25T00:00:00,B,2026-08-26T05:00:00,3161 制造六处釘卷,6DD099,SF313-2608000303,28,UK561M200N300AP4APR,780
2026-08-25T00:00:00,B,2026-08-26T05:00:00,3161 制造六处釘卷,6DD099,SF313-2608000303,30,UK561M200N300AP4APR,444
2026-08-25T00:00:00,B,2026-08-26T05:00:00,3161 制造六处釘卷,6DD117,SF313-2608000304,9,UK561M200N300AP4APR,660
2026-08-25T00:00:00,B,2026-08-26T05:00:00,3161 制造六处釘卷,6DD119,SF313-2608000304,1,UK561M200N300AP4APR,827
2026-08-25T00:00:00,B,2026-08-26T05:00:00,3161 制造六处釘卷,6DD119,SF313-2608000304,2,UK561M200N300AP4APR,636
2026-08-25T00:00:00,B,2026-08-26T05:00:00,3161 制造六处釘卷,6DD119,SF313-2608000304,3,UK561M200N300AP4APR,732
2026-08-25T00:00:00,B,2026-08-26T05:00:00,3161 制造六处釘卷,6DD119,SF313-2608000304,5,UK561M200N300AP4APR,612
2026-08-25T00:00:00,B,2026-08-26T05:00:00,3161 制造六处釘卷,6DD127,SF313-2608000302,10,UK561M200N300AP4APR,267
2026-08-25T00:00:00,B,2026-08-26T05:00:00,3161 制造六处釘卷,6DD127,SF313-2608000302,12,UK561M200N300AP4APR,147
2026-08-25T00:00:00,B,2026-08-26T05:00:00,3161 制造六处釘卷,6DD127,SF313-2608000302,14,UK561M200N300AP4APR,600
2026-08-25T00:00:00,B,2026-08-26T05:00:00,3161 制造六处釘卷,6DD127,SF313-2608000302,16,UK561M200N300AP4APR,420
2026-08-25T00:00:00,B,2026-08-26T05:00:00,3161 制造六处釘卷,6DD127,SF313-2608000302,18,UK561M200N300AP4APR,612
2026-08-25T00:00:00,B,2026-08-26T05:00:00,3161 制造六处釘卷,6DD127,SF313-2608000302,30,UK561M200N300AP4APR,600
2026-08-25T00:00:00,B,2026-08-26T05:00:00,3161 制造六处釘卷,6DD128,SF313-2608000302,13,UK561M200N300AP4APR,672
2026-08-25T00:00:00,B,2026-08-26T05:00:00,3161 制造六处釘卷,6DD128,SF313-2608000302,15,UK561M200N300AP4APR,648
2026-08-25T00:00:00,B,2026-08-26T05:00:00,3161 制造六处釘卷,6DD128,SF313-2608000302,17,UK561M200N300AP4APR,624
2026-08-25T00:00:00,B,2026-08-26T05:00:00,3161 制造六处釘卷,6DD128,SF313-2608000302,29,UK561M200N300AP4APR,720
2026-08-25T00:00:00,B,2026-08-26T05:00:00,3162 制造六处自动组立套胶,6B0009,SF313-2608000300,41,UK561M200N300AP4APR,382
2026-08-25T00:00:00,B,2026-08-26T05:00:00,3162 制造六处自动组立套胶,6B0009,SF313-2608000300,42,UK561M200N300AP4APR,171
2026-08-25T00:00:00,B,2026-08-26T05:00:00,3162 制造六处自动组立套胶,6B0009,SF313-2608000301,31,UK561M200N300AP4APR,216
2026-08-25T00:00:00,B,2026-08-26T05:00:00,3162 制造六处自动组立套胶,6B0009,SF313-2608000301,32,UK561M200N300AP4APR,878
2026-08-25T00:00:00,B,2026-08-26T05:00:00,3162 制造六处自动组立套胶,6B0009,SF313-2608000301,36,UK561M200N300AP4APR,587
2026-08-25T00:00:00,B,2026-08-26T05:00:00,3162 制造六处自动组立套胶,6B0009,SF313-2608000302,8,UK561M200N300AP4APR,599
2026-08-25T00:00:00,B,2026-08-26T05:00:00,3162 制造六处自动组立套胶,6B0009,SF313-2608000302,10,UK561M200N300AP4APR,177
2026-08-25T00:00:00,B,2026-08-26T05:00:00,3162 制造六处自动组立套胶,6B0009,SF313-2608000302,12,UK561M200N300AP4APR,255
2026-08-25T00:00:00,B,2026-08-26T05:00:00,3162 制造六处自动组立套胶,6B0009,SF313-2608000303,7,UK561M200N300AP4APR,398
2026-08-25T00:00:00,B,2026-08-26T05:00:00,3162 制造六处自动组立套胶,6B0012,SF313-2608000300,10,UK561M200N300AP4APR,569
2026-08-25T00:00:00,B,2026-08-26T05:00:00,3162 制造六处自动组立套胶,6B0012,SF313-2608000300,12,UK561M200N300AP4APR,459
2026-08-25T00:00:00,B,2026-08-26T05:00:00,3162 制造六处自动组立套胶,6B0012,SF313-2608000300,25,UK561M200N300AP4APR,596
2026-08-25T00:00:00,B,2026-08-26T05:00:00,3162 制造六处自动组立套胶,6B0012,SF313-2608000300,36,UK561M200N300AP4APR,599
2026-08-25T00:00:00,B,2026-08-26T05:00:00,3162 制造六处自动组立套胶,6B0015,SF313-2608000301,37,UK561M200N300AP4APR,542
2026-08-25T00:00:00,B,2026-08-26T05:00:00,3162 制造六处自动组立套胶,6B0032,SF313-2608000303,8,UK561M200N300AP4APR,515
2026-08-25T00:00:00,B,2026-08-26T05:00:00,3162 制造六处自动组立套胶,6B0032,SF313-2608000303,10,UK561M200N300AP4APR,834
2026-08-25T00:00:00,B,2026-08-26T05:00:00,3162 制造六处自动组立套胶,6B0032,SF313-2608000303,12,UK561M200N300AP4APR,768
2026-08-25T00:00:00,B,2026-08-26T05:00:00,3162 制造六处自动组立套胶,6B0032,SF313-2608000303,13,UK561M200N300AP4APR,564
2026-08-25T00:00:00,B,2026-08-26T05:00:00,3162 制造六处自动组立套胶,6B0032,SF313-2608000303,14,UK561M200N300AP4APR,827
2026-08-25T00:00:00,B,2026-08-26T05:00:00,3162 制造六处自动组立套胶,6B0032,SF313-2608000303,15,UK561M200N300AP4APR,696
2026-08-25T00:00:00,B,2026-08-26T05:00:00,3164 制造六处老化选别,6D0005,SF313-2608000300,28,UK561M200N300AP4APR,435
2026-08-25T00:00:00,B,2026-08-26T05:00:00,3164 制造六处老化选别,6D0005,SF313-2608000300,29,UK561M200N300AP4APR,468
2026-08-25T00:00:00,B,2026-08-26T05:00:00,3164 制造六处老化选别,6D0005,SF313-2608000300,35,UK561M200N300AP4APR,487
2026-08-25T00:00:00,B,2026-08-26T05:00:00,3164 制造六处老化选别,6D0005,SF313-2608000300,42,UK561M200N300AP4APR,285
2026-08-25T00:00:00,B,2026-08-26T05:00:00,3164 制造六处老化选别,6D0005,SF313-2608000301,12,UK561M200N300AP4APR,611
2026-08-25T00:00:00,B,2026-08-26T05:00:00,3164 制造六处老化选别,6D0005,SF313-2608000301,30,UK561M200N300AP4APR,730
2026-08-25T00:00:00,B,2026-08-26T05:00:00,3164 制造六处老化选别,6D0005,SF313-2608000301,31,UK561M200N300AP4APR,503
2026-08-25T00:00:00,B,2026-08-26T05:00:00,3164 制造六处老化选别,6D0005,SF313-2608000301,33,UK561M200N300AP4APR,987
2026-08-25T00:00:00,B,2026-08-26T05:00:00,3164 制造六处老化选别,6D0005,SF313-2608000303,3,UK561M200N300AP4APR,696
2026-08-25T00:00:00,B,2026-08-26T05:00:00,3164 制造六处老化选别,6D0009,SF313-2608000303,7,UK561M200N300AP4APR,99
2026-08-25T00:00:00,B,2026-08-26T05:00:00,3164 制造六处老化选别,6D0015,SF313-2608000300,12,UK561M200N300AP4APR,229
2026-08-25T00:00:00,B,2026-08-26T05:00:00,3164 制造六处老化选别,6D0015,SF313-2608000300,21,UK561M200N300AP4APR,691
2026-08-25T00:00:00,B,2026-08-26T05:00:00,3164 制造六处老化选别,6D0015,SF313-2608000301,10,UK561M200N300AP4APR,935
2026-08-25T00:00:00,B,2026-08-26T05:00:00,3164 制造六处老化选别,6D0015,SF313-2608000301,15,UK561M200N300AP4APR,834
2026-08-25T00:00:00,B,2026-08-26T05:00:00,3164 制造六处老化选别,6D0015,SF313-2608000301,27,UK561M200N300AP4APR,807
2026-08-25T00:00:00,B,2026-08-26T05:00:00,3164 制造六处老化选别,6D0015,SF313-2608000301,28,UK561M200N300AP4APR,503
2026-08-26T00:00:00,A,2026-08-26T12:00:00,3161 制造六处釘卷,6DD098,SF313-2608000303,33,UK561M200N300AP4APR,183
2026-08-26T00:00:00,A,2026-08-26T12:00:00,3161 制造六处釘卷,6DD098,SF313-2608000303,35,UK561M200N300AP4APR,552
2026-08-26T00:00:00,A,2026-08-26T12:00:00,3161 制造六处釘卷,6DD099,SF313-2608000303,34,UK561M200N300AP4APR,162
2026-08-26T00:00:00,A,2026-08-26T12:00:00,3161 制造六处釘卷,6DD099,SF313-2608000303,36,UK561M200N300AP4APR,348
2026-08-26T00:00:00,A,2026-08-26T12:00:00,3161 制造六处釘卷,6DD117,SF313-2608000304,11,UK561M200N300AP4APR,192
2026-08-26T00:00:00,A,2026-08-26T12:00:00,3161 制造六处釘卷,6DD117,SF313-2608000304,13,UK561M200N300AP4APR,516
2026-08-26T00:00:00,A,2026-08-26T12:00:00,3161 制造六处釘卷,6DD119,SF313-2608000304,14,UK561M200N300AP4APR,420
2026-08-26T00:00:00,A,2026-08-26T12:00:00,3161 制造六处釘卷,6DD127,SF313-2608000302,38,UK561M200N300AP4APR,192
2026-08-26T00:00:00,A,2026-08-26T12:00:00,3161 制造六处釘卷,6DD127,SF313-2608000302,40,UK561M200N300AP4APR,396
2026-08-26T00:00:00,A,2026-08-26T12:00:00,3161 制造六处釘卷,6DD127,SF313-2608000302,42,UK561M200N300AP4APR,504
2026-08-26T00:00:00,A,2026-08-26T12:00:00,3161 制造六处釘卷,6DD127,SF313-2608000302,44,UK561M200N300AP4APR,216
2026-08-26T00:00:00,A,2026-08-26T12:00:00,3161 制造六处釘卷,6DD127,SF313-2608000302,46,UK561M200N300AP4APR,264
2026-08-26T00:00:00,A,2026-08-26T12:00:00,3161 制造六处釘卷,6DD128,SF313-2608000302,39,UK561M200N300AP4APR,264
2026-08-26T00:00:00,A,2026-08-26T12:00:00,3161 制造六处釘卷,6DD128,SF313-2608000302,41,UK561M200N300AP4APR,540
2026-08-26T00:00:00,A,2026-08-26T12:00:00,3161 制造六处釘卷,6DD128,SF313-2608000302,43,UK561M200N300AP4APR,216
2026-08-26T00:00:00,A,2026-08-26T12:00:00,3161 制造六处釘卷,6DD128,SF313-2608000302,45,UK561M200N300AP4APR,456
2026-08-26T00:00:00,A,2026-08-26T12:00:00,3162 制造六处自动组立套胶,6B0012,SF313-2608000304,4,UK561M200N300AP4APR,416
2026-08-26T00:00:00,A,2026-08-26T12:00:00,3162 制造六处自动组立套胶,6B0032,SF313-2608000303,29,UK561M200N300AP4APR,546
2026-08-26T00:00:00,A,2026-08-26T12:00:00,3162 制造六处自动组立套胶,6B0032,SF313-2608000303,30,UK561M200N300AP4APR,700
2026-08-26T00:00:00,A,2026-08-26T12:00:00,3162 制造六处自动组立套胶,6B0032,SF313-2608000303,33,UK561M200N300AP4APR,45
2026-08-26T00:00:00,A,2026-08-26T12:00:00,3162 制造六处自动组立套胶,6B0032,SF313-2608000303,34,UK561M200N300AP4APR,378
2026-08-26T00:00:00,A,2026-08-26T12:00:00,3164 制造六处老化选别,6D0005,SF313-2608000302,7,UK561M200N300AP4APR,526
2026-08-26T00:00:00,A,2026-08-26T12:00:00,3164 制造六处老化选别,6D0005,SF313-2608000302,11,UK561M200N300AP4APR,629
2026-08-26T00:00:00,A,2026-08-26T12:00:00,3164 制造六处老化选别,6D0005,SF313-2608000302,17,UK561M200N300AP4APR,492
2026-08-26T00:00:00,A,2026-08-26T12:00:00,3164 制造六处老化选别,6D0005,SF313-2608000303,2,UK561M200N300AP4APR,263
2026-08-26T00:00:00,A,2026-08-26T12:00:00,3164 制造六处老化选别,6D0005,SF313-2608000303,4,UK561M200N300AP4APR,437
2026-08-26T00:00:00,A,2026-08-26T12:00:00,3164 制造六处老化选别,6D0005,SF313-2608000303,5,UK561M200N300AP4APR,521
2026-08-26T00:00:00,A,2026-08-26T12:00:00,3164 制造六处老化选别,6D0015,SF313-2608000303,14,UK561M200N300AP4APR,540
2026-08-26T00:00:00,A,2026-08-26T12:00:00,3164 制造六处老化选别,6D0015,SF313-2608000303,15,UK561M200N300AP4APR,612
2026-08-26T00:00:00,A,2026-08-26T12:00:00,3164 制造六处老化选别,6D0015,SF313-2608000303,20,UK561M200N300AP4APR,632
2026-08-26T00:00:00,A,2026-08-26T12:00:00,3164 制造六处老化选别,6D0015,SF313-2608000303,21,UK561M200N300AP4APR,647
2026-08-26T00:00:00,A,2026-08-26T12:00:00,3164 制造六处老化选别,6D0015,SF313-2608000303,24,UK561M200N300AP4APR,330
2026-08-26T00:00:00,A,2026-08-26T12:00:00,3164 制造六处老化选别,6D0015,SF313-2608000303,25,UK561M200N300AP4APR,266
2026-08-26T00:00:00,A,2026-08-26T12:00:00,3164 制造六处老化选别,6D0015,SF313-2608000303,27,UK561M200N300AP4APR,560
2026-08-26T00:00:00,A,2026-08-26T12:00:00,3164 制造六处老化选别,6D0017,SF313-2608000302,18,UK561M200N300AP4APR,427
2026-08-26T00:00:00,A,2026-08-26T17:00:00,3161 制造六处釘卷,6DD098,SF313-2608000303,33,UK561M200N300AP4APR,288
2026-08-26T00:00:00,A,2026-08-26T17:00:00,3161 制造六处釘卷,6DD098,SF313-2608000303,35,UK561M200N300AP4APR,0
2026-08-26T00:00:00,A,2026-08-26T17:00:00,3161 制造六处釘卷,6DD099,SF313-2608000303,34,UK561M200N300AP4APR,35
2026-08-26T00:00:00,A,2026-08-26T17:00:00,3161 制造六处釘卷,6DD099,SF313-2608000303,36,UK561M200N300AP4APR,96
2026-08-26T00:00:00,A,2026-08-26T17:00:00,3161 制造六处釘卷,6DD117,SF313-2608000304,11,UK561M200N300AP4APR,336
2026-08-26T00:00:00,A,2026-08-26T17:00:00,3161 制造六处釘卷,6DD117,SF313-2608000304,13,UK561M200N300AP4APR,72
2026-08-26T00:00:00,A,2026-08-26T17:00:00,3161 制造六处釘卷,6DD119,SF313-2608000304,14,UK561M200N300AP4APR,228
2026-08-26T00:00:00,A,2026-08-26T17:00:00,3161 制造六处釘卷,6DD127,SF313-2608000302,38,UK561M200N300AP4APR,324
2026-08-26T00:00:00,A,2026-08-26T17:00:00,3161 制造六处釘卷,6DD127,SF313-2608000302,40,UK561M200N300AP4APR,180
2026-08-26T00:00:00,A,2026-08-26T17:00:00,3161 制造六处釘卷,6DD127,SF313-2608000302,42,UK561M200N300AP4APR,240
2026-08-26T00:00:00,A,2026-08-26T17:00:00,3161 制造六处釘卷,6DD127,SF313-2608000302,44,UK561M200N300AP4APR,180
2026-08-26T00:00:00,A,2026-08-26T17:00:00,3161 制造六处釘卷,6DD127,SF313-2608000302,46,UK561M200N300AP4APR,96
2026-08-26T00:00:00,A,2026-08-26T17:00:00,3161 制造六处釘卷,6DD128,SF313-2608000302,39,UK561M200N300AP4APR,264
2026-08-26T00:00:00,A,2026-08-26T17:00:00,3161 制造六处釘卷,6DD128,SF313-2608000302,41,UK561M200N300AP4APR,168
2026-08-26T00:00:00,A,2026-08-26T17:00:00,3161 制造六处釘卷,6DD128,SF313-2608000302,43,UK561M200N300AP4APR,96
2026-08-26T00:00:00,A,2026-08-26T17:00:00,3161 制造六处釘卷,6DD128,SF313-2608000302,45,UK561M200N300AP4APR,324
2026-08-26T00:00:00,A,2026-08-26T17:00:00,3162 制造六处自动组立套胶,6B0012,SF313-2608000304,4,UK561M200N300AP4APR,343
2026-08-26T00:00:00,A,2026-08-26T17:00:00,3162 制造六处自动组立套胶,6B0032,SF313-2608000303,29,UK561M200N300AP4APR,84
2026-08-26T00:00:00,A,2026-08-26T17:00:00,3162 制造六处自动组立套胶,6B0032,SF313-2608000303,30,UK561M200N300AP4APR,280
2026-08-26T00:00:00,A,2026-08-26T17:00:00,3162 制造六处自动组立套胶,6B0032,SF313-2608000303,33,UK561M200N300AP4APR,48
2026-08-26T00:00:00,A,2026-08-26T17:00:00,3162 制造六处自动组立套胶,6B0032,SF313-2608000303,34,UK561M200N300AP4APR,61
2026-08-26T00:00:00,A,2026-08-26T17:00:00,3164 制造六处老化选别,6D0005,SF313-2608000302,7,UK561M200N300AP4APR,183
2026-08-26T00:00:00,A,2026-08-26T17:00:00,3164 制造六处老化选别,6D0005,SF313-2608000302,11,UK561M200N300AP4APR,370
2026-08-26T00:00:00,A,2026-08-26T17:00:00,3164 制造六处老化选别,6D0005,SF313-2608000302,17,UK561M200N300AP4APR,0
2026-08-26T00:00:00,A,2026-08-26T17:00:00,3164 制造六处老化选别,6D0005,SF313-2608000303,2,UK561M200N300AP4APR,347
2026-08-26T00:00:00,A,2026-08-26T17:00:00,3164 制造六处老化选别,6D0005,SF313-2608000303,4,UK561M200N300AP4APR,248
2026-08-26T00:00:00,A,2026-08-26T17:00:00,3164 制造六处老化选别,6D0005,SF313-2608000303,5,UK561M200N300AP4APR,248
2026-08-26T00:00:00,A,2026-08-26T17:00:00,3164 制造六处老化选别,6D0015,SF313-2608000303,14,UK561M200N300AP4APR,168
2026-08-26T00:00:00,A,2026-08-26T17:00:00,3164 制造六处老化选别,6D0015,SF313-2608000303,15,UK561M200N300AP4APR,0
2026-08-26T00:00:00,A,2026-08-26T17:00:00,3164 制造六处老化选别,6D0015,SF313-2608000303,20,UK561M200N300AP4APR,416
2026-08-26T00:00:00,A,2026-08-26T17:00:00,3164 制造六处老化选别,6D0015,SF313-2608000303,21,UK561M200N300AP4APR,115
2026-08-26T00:00:00,A,2026-08-26T17:00:00,3164 制造六处老化选别,6D0015,SF313-2608000303,24,UK561M200N300AP4APR,330
2026-08-26T00:00:00,A,2026-08-26T17:00:00,3164 制造六处老化选别,6D0015,SF313-2608000303,25,UK561M200N300AP4APR,308
2026-08-26T00:00:00,A,2026-08-26T17:00:00,3164 制造六处老化选别,6D0015,SF313-2608000303,27,UK561M200N300AP4APR,210
2026-08-26T00:00:00,A,2026-08-26T17:00:00,3164 制造六处老化选别,6D0017,SF313-2608000302,18,UK561M200N300AP4APR,109
2026-08-26T00:00:00,B,2026-08-27T00:00:00,3161 制造六处釘卷,6DD098,SF313-2608000303,31,UK561M200N300AP4APR,372
2026-08-26T00:00:00,B,2026-08-27T00:00:00,3161 制造六处釘卷,6DD098,SF313-2608000303,37,UK561M200N300AP4APR,468
2026-08-26T00:00:00,B,2026-08-27T00:00:00,3161 制造六处釘卷,6DD098,SF313-2608000303,39,UK561M200N300AP4APR,456
2026-08-26T00:00:00,B,2026-08-27T00:00:00,3161 制造六处釘卷,6DD099,SF313-2608000303,32,UK561M200N300AP4APR,360
2026-08-26T00:00:00,B,2026-08-27T00:00:00,3161 制造六处釘卷,6DD099,SF313-2608000303,38,UK561M200N300AP4APR,396
2026-08-26T00:00:00,B,2026-08-27T00:00:00,3161 制造六处釘卷,6DD119,SF313-2608000304,6,UK561M200N300AP4APR,312
2026-08-26T00:00:00,B,2026-08-27T00:00:00,3161 制造六处釘卷,6DD119,SF313-2608000304,8,UK561M200N300AP4APR,324
2026-08-26T00:00:00,B,2026-08-27T00:00:00,3161 制造六处釘卷,6DD119,SF313-2608000304,10,UK561M200N300AP4APR,444
2026-08-26T00:00:00,B,2026-08-27T00:00:00,3161 制造六处釘卷,6DD119,SF313-2608000304,12,UK561M200N300AP4APR,612
2026-08-26T00:00:00,B,2026-08-27T00:00:00,3161 制造六处釘卷,6DD119,SF313-2608000304,16,UK561M200N300AP4APR,516
2026-08-26T00:00:00,B,2026-08-27T00:00:00,3161 制造六处釘卷,6DD127,SF313-2608000302,32,UK561M200N300AP4APR,456
2026-08-26T00:00:00,B,2026-08-27T00:00:00,3161 制造六处釘卷,6DD127,SF313-2608000302,34,UK561M200N300AP4APR,204
2026-08-26T00:00:00,B,2026-08-27T00:00:00,3161 制造六处釘卷,6DD127,SF313-2608000302,36,UK561M200N300AP4APR,552
2026-08-26T00:00:00,B,2026-08-27T00:00:00,3161 制造六处釘卷,6DD128,SF313-2608000302,31,UK561M200N300AP4APR,444
2026-08-26T00:00:00,B,2026-08-27T00:00:00,3161 制造六处釘卷,6DD128,SF313-2608000302,33,UK561M200N300AP4APR,384
2026-08-26T00:00:00,B,2026-08-27T00:00:00,3161 制造六处釘卷,6DD128,SF313-2608000302,37,UK561M200N300AP4APR,528
2026-08-26T00:00:00,B,2026-08-27T00:00:00,3162 制造六处自动组立套胶,6B0009,SF313-2608000302,11,UK561M200N300AP4APR,271
2026-08-26T00:00:00,B,2026-08-27T00:00:00,3162 制造六处自动组立套胶,6B0009,SF313-2608000302,16,UK561M200N300AP4APR,50
2026-08-26T00:00:00,B,2026-08-27T00:00:00,3162 制造六处自动组立套胶,6B0009,SF313-2608000302,17,UK561M200N300AP4APR,554
2026-08-26T00:00:00,B,2026-08-27T00:00:00,3162 制造六处自动组立套胶,6B0009,SF313-2608000302,18,UK561M200N300AP4APR,610
2026-08-26T00:00:00,B,2026-08-27T00:00:00,3162 制造六处自动组立套胶,6B0012,SF313-2608000302,3,UK561M200N300AP4APR,313
2026-08-26T00:00:00,B,2026-08-27T00:00:00,3162 制造六处自动组立套胶,6B0012,SF313-2608000302,13,UK561M200N300AP4APR,269
2026-08-26T00:00:00,B,2026-08-27T00:00:00,3162 制造六处自动组立套胶,6B0012,SF313-2608000302,15,UK561M200N300AP4APR,258
2026-08-26T00:00:00,B,2026-08-27T00:00:00,3162 制造六处自动组立套胶,6B0012,SF313-2608000302,24,UK561M200N300AP4APR,497
2026-08-26T00:00:00,B,2026-08-27T00:00:00,3162 制造六处自动组立套胶,6B0012,SF313-2608000304,1,UK561M200N300AP4APR,434
2026-08-26T00:00:00,B,2026-08-27T00:00:00,3162 制造六处自动组立套胶,6B0012,SF313-2608000304,2,UK561M200N300AP4APR,248
2026-08-26T00:00:00,B,2026-08-27T00:00:00,3162 制造六处自动组立套胶,6B0012,SF313-2608000304,3,UK561M200N300AP4APR,231
2026-08-26T00:00:00,B,2026-08-27T00:00:00,3162 制造六处自动组立套胶,6B0012,SF313-2608000304,7,UK561M200N300AP4APR,607
2026-08-26T00:00:00,B,2026-08-27T00:00:00,3162 制造六处自动组立套胶,6B0012,SF313-2608000304,9,UK561M200N300AP4APR,54
2026-08-26T00:00:00,B,2026-08-27T00:00:00,3162 制造六处自动组立套胶,6B0032,SF313-2608000303,24,UK561M200N300AP4APR,731
2026-08-26T00:00:00,B,2026-08-27T00:00:00,3162 制造六处自动组立套胶,6B0032,SF313-2608000303,25,UK561M200N300AP4APR,644
2026-08-26T00:00:00,B,2026-08-27T00:00:00,3162 制造六处自动组立套胶,6B0032,SF313-2608000303,26,UK561M200N300AP4APR,434
2026-08-26T00:00:00,B,2026-08-27T00:00:00,3162 制造六处自动组立套胶,6B0032,SF313-2608000303,27,UK561M200N300AP4APR,378
2026-08-26T00:00:00,B,2026-08-27T00:00:00,3162 制造六处自动组立套胶,6B0032,SF313-2608000303,28,UK561M200N300AP4APR,616
2026-08-26T00:00:00,B,2026-08-27T00:00:00,3164 制造六处老化选别,6D0005,SF313-2608000300,41,UK561M200N300AP4APR,382
2026-08-26T00:00:00,B,2026-08-27T00:00:00,3164 制造六处老化选别,6D0005,SF313-2608000300,43,UK561M200N300AP4APR,564
2026-08-26T00:00:00,B,2026-08-27T00:00:00,3164 制造六处老化选别,6D0005,SF313-2608000301,32,UK561M200N300AP4APR,226
2026-08-26T00:00:00,B,2026-08-27T00:00:00,3164 制造六处老化选别,6D0005,SF313-2608000301,36,UK561M200N300AP4APR,329
2026-08-26T00:00:00,B,2026-08-27T00:00:00,3164 制造六处老化选别,6D0005,SF313-2608000301,38,UK561M200N300AP4APR,429
2026-08-26T00:00:00,B,2026-08-27T00:00:00,3164 制造六处老化选别,6D0005,SF313-2608000302,1,UK561M200N300AP4APR,387
2026-08-26T00:00:00,B,2026-08-27T00:00:00,3164 制造六处老化选别,6D0005,SF313-2608000302,5,UK561M200N300AP4APR,618
2026-08-26T00:00:00,B,2026-08-27T00:00:00,3164 制造六处老化选别,6D0005,SF313-2608000302,14,UK561M200N300AP4APR,191
2026-08-26T00:00:00,B,2026-08-27T00:00:00,3164 制造六处老化选别,6D0005,SF313-2608000302,16,UK561M200N300AP4APR,116
2026-08-26T00:00:00,B,2026-08-27T00:00:00,3164 制造六处老化选别,6D0015,SF313-2608000300,25,UK561M200N300AP4APR,523
2026-08-26T00:00:00,B,2026-08-27T00:00:00,3164 制造六处老化选别,6D0015,SF313-2608000300,36,UK561M200N300AP4APR,335
2026-08-26T00:00:00,B,2026-08-27T00:00:00,3164 制造六处老化选别,6D0015,SF313-2608000303,16,UK561M200N300AP4APR,336
2026-08-26T00:00:00,B,2026-08-27T00:00:00,3164 制造六处老化选别,6D0015,SF313-2608000303,17,UK561M200N300AP4APR,516
2026-08-26T00:00:00,B,2026-08-27T00:00:00,3164 制造六处老化选别,6D0015,SF313-2608000303,22,UK561M200N300AP4APR,228
2026-08-26T00:00:00,B,2026-08-27T00:00:00,3164 制造六处老化选别,6D0015,SF313-2608000303,23,UK561M200N300AP4APR,731
2026-08-26T00:00:00,B,2026-08-27T00:00:00,3164 制造六处老化选别,6D0015,SF313-2608000304,3,UK561M200N300AP4APR,230
2026-08-26T00:00:00,B,2026-08-27T00:00:00,3164 制造六处老化选别,6D0015,SF313-2608000304,9,UK561M200N300AP4APR,321
2026-08-26T00:00:00,B,2026-08-27T05:00:00,3161 制造六处釘卷,6DD098,SF313-2608000303,31,UK561M200N300AP4APR,348
2026-08-26T00:00:00,B,2026-08-27T05:00:00,3161 制造六处釘卷,6DD098,SF313-2608000303,37,UK561M200N300AP4APR,336
2026-08-26T00:00:00,B,2026-08-27T05:00:00,3161 制造六处釘卷,6DD098,SF313-2608000303,39,UK561M200N300AP4APR,216
2026-08-26T00:00:00,B,2026-08-27T05:00:00,3161 制造六处釘卷,6DD099,SF313-2608000303,32,UK561M200N300AP4APR,372
2026-08-26T00:00:00,B,2026-08-27T05:00:00,3161 制造六处釘卷,6DD099,SF313-2608000303,38,UK561M200N300AP4APR,336
2026-08-26T00:00:00,B,2026-08-27T05:00:00,3161 制造六处釘卷,6DD119,SF313-2608000304,6,UK561M200N300AP4APR,0
2026-08-26T00:00:00,B,2026-08-27T05:00:00,3161 制造六处釘卷,6DD119,SF313-2608000304,8,UK561M200N300AP4APR,372
2026-08-26T00:00:00,B,2026-08-27T05:00:00,3161 制造六处釘卷,6DD119,SF313-2608000304,10,UK561M200N300AP4APR,264
2026-08-26T00:00:00,B,2026-08-27T05:00:00,3161 制造六处釘卷,6DD119,SF313-2608000304,12,UK561M200N300AP4APR,312
2026-08-26T00:00:00,B,2026-08-27T05:00:00,3161 制造六处釘卷,6DD119,SF313-2608000304,16,UK561M200N300AP4APR,276
2026-08-26T00:00:00,B,2026-08-27T05:00:00,3161 制造六处釘卷,6DD127,SF313-2608000302,32,UK561M200N300AP4APR,228
2026-08-26T00:00:00,B,2026-08-27T05:00:00,3161 制造六处釘卷,6DD127,SF313-2608000302,34,UK561M200N300AP4APR,203
2026-08-26T00:00:00,B,2026-08-27T05:00:00,3161 制造六处釘卷,6DD127,SF313-2608000302,36,UK561M200N300AP4APR,276
2026-08-26T00:00:00,B,2026-08-27T05:00:00,3161 制造六处釘卷,6DD128,SF313-2608000302,31,UK561M200N300AP4APR,264
2026-08-26T00:00:00,B,2026-08-27T05:00:00,3161 制造六处釘卷,6DD128,SF313-2608000302,33,UK561M200N300AP4APR,72
2026-08-26T00:00:00,B,2026-08-27T05:00:00,3161 制造六处釘卷,6DD128,SF313-2608000302,37,UK561M200N300AP4APR,203
2026-08-26T00:00:00,B,2026-08-27T05:00:00,3162 制造六处自动组立套胶,6B0009,SF313-2608000302,11,UK561M200N300AP4APR,111
2026-08-26T00:00:00,B,2026-08-27T05:00:00,3162 制造六处自动组立套胶,6B0009,SF313-2608000302,16,UK561M200N300AP4APR,88
2026-08-26T00:00:00,B,2026-08-27T05:00:00,3162 制造六处自动组立套胶,6B0009,SF313-2608000302,17,UK561M200N300AP4APR,344
2026-08-26T00:00:00,B,2026-08-27T05:00:00,3162 制造六处自动组立套胶,6B0009,SF313-2608000302,18,UK561M200N300AP4APR,146
2026-08-26T00:00:00,B,2026-08-27T05:00:00,3162 制造六处自动组立套胶,6B0012,SF313-2608000302,3,UK561M200N300AP4APR,256
2026-08-26T00:00:00,B,2026-08-27T05:00:00,3162 制造六处自动组立套胶,6B0012,SF313-2608000302,13,UK561M200N300AP4APR,367
2026-08-26T00:00:00,B,2026-08-27T05:00:00,3162 制造六处自动组立套胶,6B0012,SF313-2608000302,15,UK561M200N300AP4APR,209
2026-08-26T00:00:00,B,2026-08-27T05:00:00,3162 制造六处自动组立套胶,6B0012,SF313-2608000302,24,UK561M200N300AP4APR,260
2026-08-26T00:00:00,B,2026-08-27T05:00:00,3162 制造六处自动组立套胶,6B0012,SF313-2608000304,1,UK561M200N300AP4APR,297
2026-08-26T00:00:00,B,2026-08-27T05:00:00,3162 制造六处自动组立套胶,6B0012,SF313-2608000304,2,UK561M200N300AP4APR,0
2026-08-26T00:00:00,B,2026-08-27T05:00:00,3162 制造六处自动组立套胶,6B0012,SF313-2608000304,3,UK561M200N300AP4APR,187
2026-08-26T00:00:00,B,2026-08-27T05:00:00,3162 制造六处自动组立套胶,6B0012,SF313-2608000304,7,UK561M200N300AP4APR,372
2026-08-26T00:00:00,B,2026-08-27T05:00:00,3162 制造六处自动组立套胶,6B0012,SF313-2608000304,9,UK561M200N300AP4APR,77
2026-08-26T00:00:00,B,2026-08-27T05:00:00,3162 制造六处自动组立套胶,6B0032,SF313-2608000303,24,UK561M200N300AP4APR,430
2026-08-26T00:00:00,B,2026-08-27T05:00:00,3162 制造六处自动组立套胶,6B0032,SF313-2608000303,25,UK561M200N300AP4APR,84
2026-08-26T00:00:00,B,2026-08-27T05:00:00,3162 制造六处自动组立套胶,6B0032,SF313-2608000303,26,UK561M200N300AP4APR,237
2026-08-26T00:00:00,B,2026-08-27T05:00:00,3162 制造六处自动组立套胶,6B0032,SF313-2608000303,27,UK561M200N300AP4APR,406
2026-08-26T00:00:00,B,2026-08-27T05:00:00,3162 制造六处自动组立套胶,6B0032,SF313-2608000303,28,UK561M200N300AP4APR,434
2026-08-26T00:00:00,B,2026-08-27T05:00:00,3164 制造六处老化选别,6D0005,SF313-2608000300,41,UK561M200N300AP4APR,155
2026-08-26T00:00:00,B,2026-08-27T05:00:00,3164 制造六处老化选别,6D0005,SF313-2608000300,43,UK561M200N300AP4APR,276
2026-08-26T00:00:00,B,2026-08-27T05:00:00,3164 制造六处老化选别,6D0005,SF313-2608000301,32,UK561M200N300AP4APR,340
2026-08-26T00:00:00,B,2026-08-27T05:00:00,3164 制造六处老化选别,6D0005,SF313-2608000301,36,UK561M200N300AP4APR,243
2026-08-26T00:00:00,B,2026-08-27T05:00:00,3164 制造六处老化选别,6D0005,SF313-2608000301,38,UK561M200N300AP4APR,286
2026-08-26T00:00:00,B,2026-08-27T05:00:00,3164 制造六处老化选别,6D0005,SF313-2608000302,1,UK561M200N300AP4APR,243
2026-08-26T00:00:00,B,2026-08-27T05:00:00,3164 制造六处老化选别,6D0005,SF313-2608000302,5,UK561M200N300AP4APR,0
2026-08-26T00:00:00,B,2026-08-27T05:00:00,3164 制造六处老化选别,6D0005,SF313-2608000302,14,UK561M200N300AP4APR,119
2026-08-26T00:00:00,B,2026-08-27T05:00:00,3164 制造六处老化选别,6D0005,SF313-2608000302,16,UK561M200N300AP4APR,101
2026-08-26T00:00:00,B,2026-08-27T05:00:00,3164 制造六处老化选别,6D0015,SF313-2608000300,25,UK561M200N300AP4APR,0
2026-08-26T00:00:00,B,2026-08-27T05:00:00,3164 制造六处老化选别,6D0015,SF313-2608000300,36,UK561M200N300AP4APR,287
2026-08-26T00:00:00,B,2026-08-27T05:00:00,3164 制造六处老化选别,6D0015,SF313-2608000303,16,UK561M200N300AP4APR,108
2026-08-26T00:00:00,B,2026-08-27T05:00:00,3164 制造六处老化选别,6D0015,SF313-2608000303,17,UK561M200N300AP4APR,96
2026-08-26T00:00:00,B,2026-08-27T05:00:00,3164 制造六处老化选别,6D0015,SF313-2608000303,22,UK561M200N300AP4APR,342
2026-08-26T00:00:00,B,2026-08-27T05:00:00,3164 制造六处老化选别,6D0015,SF313-2608000303,23,UK561M200N300AP4APR,215
2026-08-26T00:00:00,B,2026-08-27T05:00:00,3164 制造六处老化选别,6D0015,SF313-2608000304,3,UK561M200N300AP4APR,187
2026-08-26T00:00:00,B,2026-08-27T05:00:00,3164 制造六处老化选别,6D0015,SF313-2608000304,9,UK561M200N300AP4APR,10
2026-08-27T00:00:00,A,2026-08-27T12:00:00,3161 制造六处釘卷,6DD117,SF313-2608000304,17,UK561M200N300AP4APR,204
2026-08-27T00:00:00,A,2026-08-27T12:00:00,3161 制造六处釘卷,6DD117,SF313-2608000304,19,UK561M200N300AP4APR,564
2026-08-27T00:00:00,A,2026-08-27T12:00:00,3162 制造六处自动组立套胶,6B0007,SF313-2608000302,20,UK561M200N300AP4APR,439
2026-08-27T00:00:00,A,2026-08-27T12:00:00,3162 制造六处自动组立套胶,6B0007,SF313-2608000302,21,UK561M200N300AP4APR,622
2026-08-27T00:00:00,A,2026-08-27T12:00:00,3162 制造六处自动组立套胶,6B0007,SF313-2608000302,23,UK561M200N300AP4APR,427
2026-08-27T00:00:00,A,2026-08-27T12:00:00,3162 制造六处自动组立套胶,6B0007,SF313-2608000302,27,UK561M200N300AP4APR,460
2026-08-27T00:00:00,A,2026-08-27T12:00:00,3162 制造六处自动组立套胶,6B0007,SF313-2608000302,30,UK561M200N300AP4APR,596
2026-08-27T00:00:00,A,2026-08-27T12:00:00,3162 制造六处自动组立套胶,6B0012,SF313-2608000304,11,UK561M200N300AP4APR,407
2026-08-27T00:00:00,A,2026-08-27T12:00:00,3162 制造六处自动组立套胶,6B0015,SF313-2608000302,44,UK561M200N300AP4APR,292
2026-08-27T00:00:00,A,2026-08-27T12:00:00,3162 制造六处自动组立套胶,6B0032,SF313-2608000303,35,UK561M200N300AP4APR,124
2026-08-27T00:00:00,A,2026-08-27T12:00:00,3162 制造六处自动组立套胶,6B0032,SF313-2608000303,41,UK561M200N300AP4APR,588
2026-08-27T00:00:00,A,2026-08-27T12:00:00,3164 制造六处老化选别,6D0005,SF313-2608000302,22,UK561M200N300AP4APR,278
2026-08-27T00:00:00,A,2026-08-27T12:00:00,3164 制造六处老化选别,6D0005,SF313-2608000302,24,UK561M200N300AP4APR,355
2026-08-27T00:00:00,A,2026-08-27T12:00:00,3164 制造六处老化选别,6D0005,SF313-2608000302,26,UK561M200N300AP4APR,460
2026-08-27T00:00:00,A,2026-08-27T12:00:00,3164 制造六处老化选别,6D0005,SF313-2608000302,28,UK561M200N300AP4APR,476
2026-08-27T00:00:00,A,2026-08-27T12:00:00,3164 制造六处老化选别,6D0005,SF313-2608000302,32,UK561M200N300AP4APR,524
2026-08-27T00:00:00,A,2026-08-27T12:00:00,3164 制造六处老化选别,6D0005,SF313-2608000303,9,UK561M200N300AP4APR,187
2026-08-27T00:00:00,A,2026-08-27T12:00:00,3164 制造六处老化选别,6D0005,SF313-2608000304,1,UK561M200N300AP4APR,235
2026-08-27T00:00:00,A,2026-08-27T12:00:00,3164 制造六处老化选别,6D0005,SF313-2608000304,2,UK561M200N300AP4APR,584
2026-08-27T00:00:00,A,2026-08-27T12:00:00,3164 制造六处老化选别,6D0015,SF313-2608000303,29,UK561M200N300AP4APR,364
2026-08-27T00:00:00,A,2026-08-27T12:00:00,3164 制造六处老化选别,6D0015,SF313-2608000303,30,UK561M200N300AP4APR,420
2026-08-27T00:00:00,A,2026-08-27T12:00:00,3164 制造六处老化选别,6D0015,SF313-2608000303,35,UK561M200N300AP4APR,248
2026-08-27T00:00:00,A,2026-08-27T12:00:00,3164 制造六处老化选别,6D0015,SF313-2608000303,37,UK561M200N300AP4APR,280
2026-08-27T00:00:00,A,2026-08-27T12:00:00,3164 制造六处老化选别,6D0015,SF313-2608000303,38,UK561M200N300AP4APR,448
2026-08-27T00:00:00,A,2026-08-27T12:00:00,3164 制造六处老化选别,6D0015,SF313-2608000304,7,UK561M200N300AP4APR,620
2026-08-27T00:00:00,A,2026-08-27T17:00:00,3161 制造六处釘卷,6DD117,SF313-2608000304,17,UK561M200N300AP4APR,336
2026-08-27T00:00:00,A,2026-08-27T17:00:00,3161 制造六处釘卷,6DD117,SF313-2608000304,19,UK561M200N300AP4APR,83
2026-08-27T00:00:00,A,2026-08-27T17:00:00,3162 制造六处自动组立套胶,6B0007,SF313-2608000302,20,UK561M200N300AP4APR,219
2026-08-27T00:00:00,A,2026-08-27T17:00:00,3162 制造六处自动组立套胶,6B0007,SF313-2608000302,21,UK561M200N300AP4APR,390
2026-08-27T00:00:00,A,2026-08-27T17:00:00,3162 制造六处自动组立套胶,6B0007,SF313-2608000302,23,UK561M200N300AP4APR,183
2026-08-27T00:00:00,A,2026-08-27T17:00:00,3162 制造六处自动组立套胶,6B0007,SF313-2608000302,27,UK561M200N300AP4APR,302
2026-08-27T00:00:00,A,2026-08-27T17:00:00,3162 制造六处自动组立套胶,6B0007,SF313-2608000302,30,UK561M200N300AP4APR,250
2026-08-27T00:00:00,A,2026-08-27T17:00:00,3162 制造六处自动组立套胶,6B0012,SF313-2608000304,11,UK561M200N300AP4APR,81
2026-08-27T00:00:00,A,2026-08-27T17:00:00,3162 制造六处自动组立套胶,6B0015,SF313-2608000302,44,UK561M200N300AP4APR,207
2026-08-27T00:00:00,A,2026-08-27T17:00:00,3162 制造六处自动组立套胶,6B0032,SF313-2608000303,35,UK561M200N300AP4APR,62
2026-08-27T00:00:00,A,2026-08-27T17:00:00,3162 制造六处自动组立套胶,6B0032,SF313-2608000303,41,UK561M200N300AP4APR,237
2026-08-27T00:00:00,A,2026-08-27T17:00:00,3164 制造六处老化选别,6D0005,SF313-2608000302,22,UK561M200N300AP4APR,363
2026-08-27T00:00:00,A,2026-08-27T17:00:00,3164 制造六处老化选别,6D0005,SF313-2608000302,24,UK561M200N300AP4APR,296
2026-08-27T00:00:00,A,2026-08-27T17:00:00,3164 制造六处老化选别,6D0005,SF313-2608000302,26,UK561M200N300AP4APR,181
2026-08-27T00:00:00,A,2026-08-27T17:00:00,3164 制造六处老化选别,6D0005,SF313-2608000302,28,UK561M200N300AP4APR,321
2026-08-27T00:00:00,A,2026-08-27T17:00:00,3164 制造六处老化选别,6D0005,SF313-2608000302,32,UK561M200N300AP4APR,0
2026-08-27T00:00:00,A,2026-08-27T17:00:00,3164 制造六处老化选别,6D0005,SF313-2608000303,9,UK561M200N300AP4APR,70
2026-08-27T00:00:00,A,2026-08-27T17:00:00,3164 制造六处老化选别,6D0005,SF313-2608000304,1,UK561M200N300AP4APR,285
2026-08-27T00:00:00,A,2026-08-27T17:00:00,3164 制造六处老化选别,6D0005,SF313-2608000304,2,UK561M200N300AP4APR,298
2026-08-27T00:00:00,A,2026-08-27T17:00:00,3164 制造六处老化选别,6D0015,SF313-2608000303,29,UK561M200N300AP4APR,266
2026-08-27T00:00:00,A,2026-08-27T17:00:00,3164 制造六处老化选别,6D0015,SF313-2608000303,30,UK561M200N300AP4APR,448
2026-08-27T00:00:00,A,2026-08-27T17:00:00,3164 制造六处老化选别,6D0015,SF313-2608000303,35,UK561M200N300AP4APR,367
2026-08-27T00:00:00,A,2026-08-27T17:00:00,3164 制造六处老化选别,6D0015,SF313-2608000303,37,UK561M200N300AP4APR,112
2026-08-27T00:00:00,A,2026-08-27T17:00:00,3164 制造六处老化选别,6D0015,SF313-2608000303,38,UK561M200N300AP4APR,406
2026-08-27T00:00:00,A,2026-08-27T17:00:00,3164 制造六处老化选别,6D0015,SF313-2608000304,7,UK561M200N300AP4APR,173
2026-08-27T00:00:00,B,2026-08-28T00:00:00,3161 制造六处釘卷,6DD098,SF313-2608000303,41,UK561M200N300AP4APR,432
2026-08-27T00:00:00,B,2026-08-28T00:00:00,3161 制造六处釘卷,6DD099,SF313-2608000303,40,UK561M200N300AP4APR,82
2026-08-27T00:00:00,B,2026-08-28T00:00:00,3161 制造六处釘卷,6DD099,SF313-2608000303,42,UK561M200N300AP4APR,372
2026-08-27T00:00:00,B,2026-08-28T00:00:00,3161 制造六处釘卷,6DD117,SF313-2608000304,15,UK561M200N300AP4APR,324
2026-08-27T00:00:00,B,2026-08-28T00:00:00,3161 制造六处釘卷,6DD117,SF313-2608000304,21,UK561M200N300AP4APR,228
2026-08-27T00:00:00,B,2026-08-28T00:00:00,3161 制造六处釘卷,6DD119,SF313-2608000304,18,UK561M200N300AP4APR,528
2026-08-27T00:00:00,B,2026-08-28T00:00:00,3161 制造六处釘卷,6DD119,SF313-2608000304,20,UK561M200N300AP4APR,432
2026-08-27T00:00:00,B,2026-08-28T00:00:00,3161 制造六处釘卷,6DD119,SF313-2608000304,22,UK561M200N300AP4APR,492
2026-08-27T00:00:00,B,2026-08-28T00:00:00,3161 制造六处釘卷,6DD119,SF313-2608000304,24,UK561M200N300AP4APR,312
2026-08-27T00:00:00,B,2026-08-28T00:00:00,3162 制造六处自动组立套胶,6B0007,SF313-2608000304,13,UK561M200N300AP4APR,487
2026-08-27T00:00:00,B,2026-08-28T00:00:00,3162 制造六处自动组立套胶,6B0007,SF313-2608000304,14,UK561M200N300AP4APR,246
2026-08-27T00:00:00,B,2026-08-28T00:00:00,3162 制造六处自动组立套胶,6B0012,SF313-2608000302,9,UK561M200N300AP4APR,250
2026-08-27T00:00:00,B,2026-08-28T00:00:00,3162 制造六处自动组立套胶,6B0012,SF313-2608000302,22,UK561M200N300AP4APR,290
2026-08-27T00:00:00,B,2026-08-28T00:00:00,3162 制造六处自动组立套胶,6B0012,SF313-2608000302,26,UK561M200N300AP4APR,206
2026-08-27T00:00:00,B,2026-08-28T00:00:00,3162 制造六处自动组立套胶,6B0012,SF313-2608000302,28,UK561M200N300AP4APR,404
2026-08-27T00:00:00,B,2026-08-28T00:00:00,3162 制造六处自动组立套胶,6B0012,SF313-2608000302,32,UK561M200N300AP4APR,322
2026-08-27T00:00:00,B,2026-08-28T00:00:00,3162 制造六处自动组立套胶,6B0012,SF313-2608000303,18,UK561M200N300AP4APR,465
2026-08-27T00:00:00,B,2026-08-28T00:00:00,3162 制造六处自动组立套胶,6B0012,SF313-2608000303,19,UK561M200N300AP4APR,30
2026-08-27T00:00:00,B,2026-08-28T00:00:00,3162 制造六处自动组立套胶,6B0015,SF313-2608000302,19,UK561M200N300AP4APR,552
2026-08-27T00:00:00,B,2026-08-28T00:00:00,3162 制造六处自动组立套胶,6B0015,SF313-2608000302,38,UK561M200N300AP4APR,466
2026-08-27T00:00:00,B,2026-08-28T00:00:00,3162 制造六处自动组立套胶,6B0015,SF313-2608000302,42,UK561M200N300AP4APR,557
2026-08-27T00:00:00,B,2026-08-28T00:00:00,3162 制造六处自动组立套胶,6B0032,SF313-2608000303,36,UK561M200N300AP4APR,299
2026-08-27T00:00:00,B,2026-08-28T00:00:00,3162 制造六处自动组立套胶,6B0032,SF313-2608000303,37,UK561M200N300AP4APR,196
2026-08-27T00:00:00,B,2026-08-28T00:00:00,3162 制造六处自动组立套胶,6B0032,SF313-2608000303,38,UK561M200N300AP4APR,448
2026-08-27T00:00:00,B,2026-08-28T00:00:00,3162 制造六处自动组立套胶,6B0032,SF313-2608000303,39,UK561M200N300AP4APR,149
2026-08-27T00:00:00,B,2026-08-28T00:00:00,3162 制造六处自动组立套胶,6B0032,SF313-2608000303,40,UK561M200N300AP4APR,82
2026-08-27T00:00:00,B,2026-08-28T00:00:00,3164 制造六处老化选别,6D0005,SF313-2608000300,14,UK561M200N300AP4APR,278
2026-08-27T00:00:00,B,2026-08-28T00:00:00,3164 制造六处老化选别,6D0005,SF313-2608000302,3,UK561M200N300AP4APR,484
2026-08-27T00:00:00,B,2026-08-28T00:00:00,3164 制造六处老化选别,6D0005,SF313-2608000302,8,UK561M200N300AP4APR,313
2026-08-27T00:00:00,B,2026-08-28T00:00:00,3164 制造六处老化选别,6D0005,SF313-2608000302,9,UK561M200N300AP4APR,332
2026-08-27T00:00:00,B,2026-08-28T00:00:00,3164 制造六处老化选别,6D0005,SF313-2608000302,10,UK561M200N300AP4APR,525
2026-08-27T00:00:00,B,2026-08-28T00:00:00,3164 制造六处老化选别,6D0005,SF313-2608000302,12,UK561M200N300AP4APR,225
2026-08-27T00:00:00,B,2026-08-28T00:00:00,3164 制造六处老化选别,6D0005,SF313-2608000302,13,UK561M200N300AP4APR,465
2026-08-27T00:00:00,B,2026-08-28T00:00:00,3164 制造六处老化选别,6D0005,SF313-2608000303,18,UK561M200N300AP4APR,77
2026-08-27T00:00:00,B,2026-08-28T00:00:00,3164 制造六处老化选别,6D0005,SF313-2608000303,19,UK561M200N300AP4APR,205
2026-08-27T00:00:00,B,2026-08-28T00:00:00,3164 制造六处老化选别,6D0005,SF313-2608000304,4,UK561M200N300AP4APR,526
2026-08-27T00:00:00,B,2026-08-28T00:00:00,3164 制造六处老化选别,6D0015,SF313-2608000302,15,UK561M200N300AP4APR,455
2026-08-27T00:00:00,B,2026-08-28T00:00:00,3164 制造六处老化选别,6D0015,SF313-2608000303,26,UK561M200N300AP4APR,560
2026-08-27T00:00:00,B,2026-08-28T00:00:00,3164 制造六处老化选别,6D0015,SF313-2608000303,28,UK561M200N300AP4APR,308
2026-08-27T00:00:00,B,2026-08-28T00:00:00,3164 制造六处老化选别,6D0015,SF313-2608000303,33,UK561M200N300AP4APR,401
2026-08-27T00:00:00,B,2026-08-28T00:00:00,3164 制造六处老化选别,6D0015,SF313-2608000303,34,UK561M200N300AP4APR,382
2026-08-27T00:00:00,B,2026-08-28T00:00:00,3164 制造六处老化选别,6D0015,SF313-2608000303,39,UK561M200N300AP4APR,89
2026-08-27T00:00:00,B,2026-08-28T00:00:00,3164 制造六处老化选别,6D0015,SF313-2608000303,40,UK561M200N300AP4APR,244
2026-08-27T00:00:00,B,2026-08-28T05:00:00,3161 制造六处釘卷,6DD098,SF313-2608000303,41,UK561M200N300AP4APR,288
2026-08-27T00:00:00,B,2026-08-28T05:00:00,3161 制造六处釘卷,6DD099,SF313-2608000303,40,UK561M200N300AP4APR,85
2026-08-27T00:00:00,B,2026-08-28T05:00:00,3161 制造六处釘卷,6DD099,SF313-2608000303,42,UK561M200N300AP4APR,372
2026-08-27T00:00:00,B,2026-08-28T05:00:00,3161 制造六处釘卷,6DD117,SF313-2608000304,15,UK561M200N300AP4APR,228
2026-08-27T00:00:00,B,2026-08-28T05:00:00,3161 制造六处釘卷,6DD117,SF313-2608000304,21,UK561M200N300AP4APR,324
2026-08-27T00:00:00,B,2026-08-28T05:00:00,3161 制造六处釘卷,6DD119,SF313-2608000304,18,UK561M200N300AP4APR,120
2026-08-27T00:00:00,B,2026-08-28T05:00:00,3161 制造六处釘卷,6DD119,SF313-2608000304,20,UK561M200N300AP4APR,108
2026-08-27T00:00:00,B,2026-08-28T05:00:00,3161 制造六处釘卷,6DD119,SF313-2608000304,22,UK561M200N300AP4APR,83
2026-08-27T00:00:00,B,2026-08-28T05:00:00,3161 制造六处釘卷,6DD119,SF313-2608000304,24,UK561M200N300AP4APR,144
2026-08-27T00:00:00,B,2026-08-28T05:00:00,3162 制造六处自动组立套胶,6B0007,SF313-2608000304,13,UK561M200N300AP4APR,225
2026-08-27T00:00:00,B,2026-08-28T05:00:00,3162 制造六处自动组立套胶,6B0007,SF313-2608000304,14,UK561M200N300AP4APR,160
2026-08-27T00:00:00,B,2026-08-28T05:00:00,3162 制造六处自动组立套胶,6B0012,SF313-2608000302,9,UK561M200N300AP4APR,113
2026-08-27T00:00:00,B,2026-08-28T05:00:00,3162 制造六处自动组立套胶,6B0012,SF313-2608000302,22,UK561M200N300AP4APR,72
2026-08-27T00:00:00,B,2026-08-28T05:00:00,3162 制造六处自动组立套胶,6B0012,SF313-2608000302,26,UK561M200N300AP4APR,327
2026-08-27T00:00:00,B,2026-08-28T05:00:00,3162 制造六处自动组立套胶,6B0012,SF313-2608000302,28,UK561M200N300AP4APR,250
2026-08-27T00:00:00,B,2026-08-28T05:00:00,3162 制造六处自动组立套胶,6B0012,SF313-2608000302,32,UK561M200N300AP4APR,131
2026-08-27T00:00:00,B,2026-08-28T05:00:00,3162 制造六处自动组立套胶,6B0012,SF313-2608000303,18,UK561M200N300AP4APR,57
2026-08-27T00:00:00,B,2026-08-28T05:00:00,3162 制造六处自动组立套胶,6B0012,SF313-2608000303,19,UK561M200N300AP4APR,130
2026-08-27T00:00:00,B,2026-08-28T05:00:00,3162 制造六处自动组立套胶,6B0015,SF313-2608000302,19,UK561M200N300AP4APR,216
2026-08-27T00:00:00,B,2026-08-28T05:00:00,3162 制造六处自动组立套胶,6B0015,SF313-2608000302,38,UK561M200N300AP4APR,0
2026-08-27T00:00:00,B,2026-08-28T05:00:00,3162 制造六处自动组立套胶,6B0015,SF313-2608000302,42,UK561M200N300AP4APR,351
2026-08-27T00:00:00,B,2026-08-28T05:00:00,3162 制造六处自动组立套胶,6B0032,SF313-2608000303,36,UK561M200N300AP4APR,0
2026-08-27T00:00:00,B,2026-08-28T05:00:00,3162 制造六处自动组立套胶,6B0032,SF313-2608000303,37,UK561M200N300AP4APR,0
2026-08-27T00:00:00,B,2026-08-28T05:00:00,3162 制造六处自动组立套胶,6B0032,SF313-2608000303,38,UK561M200N300AP4APR,308
2026-08-27T00:00:00,B,2026-08-28T05:00:00,3162 制造六处自动组立套胶,6B0032,SF313-2608000303,39,UK561M200N300AP4APR,44
2026-08-27T00:00:00,B,2026-08-28T05:00:00,3162 制造六处自动组立套胶,6B0032,SF313-2608000303,40,UK561M200N300AP4APR,85
2026-08-27T00:00:00,B,2026-08-28T05:00:00,3164 制造六处老化选别,6D0005,SF313-2608000300,14,UK561M200N300AP4APR,303
2026-08-27T00:00:00,B,2026-08-28T05:00:00,3164 制造六处老化选别,6D0005,SF313-2608000302,3,UK561M200N300AP4APR,356
2026-08-27T00:00:00,B,2026-08-28T05:00:00,3164 制造六处老化选别,6D0005,SF313-2608000302,8,UK561M200N300AP4APR,85
2026-08-27T00:00:00,B,2026-08-28T05:00:00,3164 制造六处老化选别,6D0005,SF313-2608000302,9,UK561M200N300AP4APR,141
2026-08-27T00:00:00,B,2026-08-28T05:00:00,3164 制造六处老化选别,6D0005,SF313-2608000302,10,UK561M200N300AP4APR,198
2026-08-27T00:00:00,B,2026-08-28T05:00:00,3164 制造六处老化选别,6D0005,SF313-2608000302,12,UK561M200N300AP4APR,165
2026-08-27T00:00:00,B,2026-08-28T05:00:00,3164 制造六处老化选别,6D0005,SF313-2608000302,13,UK561M200N300AP4APR,293
2026-08-27T00:00:00,B,2026-08-28T05:00:00,3164 制造六处老化选别,6D0005,SF313-2608000303,18,UK561M200N300AP4APR,196
2026-08-27T00:00:00,B,2026-08-28T05:00:00,3164 制造六处老化选别,6D0005,SF313-2608000303,19,UK561M200N300AP4APR,130
2026-08-27T00:00:00,B,2026-08-28T05:00:00,3164 制造六处老化选别,6D0005,SF313-2608000304,4,UK561M200N300AP4APR,73
2026-08-27T00:00:00,B,2026-08-28T05:00:00,3164 制造六处老化选别,6D0015,SF313-2608000302,15,UK561M200N300AP4APR,283
2026-08-27T00:00:00,B,2026-08-28T05:00:00,3164 制造六处老化选别,6D0015,SF313-2608000303,26,UK561M200N300AP4APR,182
2026-08-27T00:00:00,B,2026-08-28T05:00:00,3164 制造六处老化选别,6D0015,SF313-2608000303,28,UK561M200N300AP4APR,196
2026-08-27T00:00:00,B,2026-08-28T05:00:00,3164 制造六处老化选别,6D0015,SF313-2608000303,33,UK561M200N300AP4APR,143
2026-08-27T00:00:00,B,2026-08-28T05:00:00,3164 制造六处老化选别,6D0015,SF313-2608000303,34,UK561M200N300AP4APR,368
2026-08-27T00:00:00,B,2026-08-28T05:00:00,3164 制造六处老化选别,6D0015,SF313-2608000303,39,UK561M200N300AP4APR,152
2026-08-27T00:00:00,B,2026-08-28T05:00:00,3164 制造六处老化选别,6D0015,SF313-2608000303,40,UK561M200N300AP4APR,70
2026-08-28T00:00:00,A,2026-08-28T12:00:00,3161 制造六处釘卷,6DD117,SF313-2608000304,27,UK561M200N300AP4APR,204
2026-08-28T00:00:00,A,2026-08-28T12:00:00,3161 制造六处釘卷,6DD119,SF313-2608000304,28,UK561M200N300AP4APR,612
2026-08-28T00:00:00,A,2026-08-28T12:00:00,3162 制造六处自动组立套胶,6B0007,SF313-2608000303,32,UK561M200N300AP4APR,552
2026-08-28T00:00:00,A,2026-08-28T12:00:00,3162 制造六处自动组立套胶,6B0007,SF313-2608000304,5,UK561M200N300AP4APR,581
2026-08-28T00:00:00,A,2026-08-28T12:00:00,3162 制造六处自动组立套胶,6B0007,SF313-2608000304,6,UK561M200N300AP4APR,499
2026-08-28T00:00:00,A,2026-08-28T12:00:00,3162 制造六处自动组立套胶,6B0007,SF313-2608000304,12,UK561M200N300AP4APR,522
2026-08-28T00:00:00,A,2026-08-28T12:00:00,3162 制造六处自动组立套胶,6B0007,SF313-2608000304,17,UK561M200N300AP4APR,348
2026-08-28T00:00:00,A,2026-08-28T12:00:00,3162 制造六处自动组立套胶,6B0007,SF313-2608000304,18,UK561M200N300AP4APR,556
2026-08-28T00:00:00,A,2026-08-28T12:00:00,3162 制造六处自动组立套胶,6B0007,SF313-2608000304,19,UK561M200N300AP4APR,219
2026-08-28T00:00:00,A,2026-08-28T12:00:00,3164 制造六处老化选别,6D0005,SF313-2608000301,40,UK561M200N300AP4APR,207
2026-08-28T00:00:00,A,2026-08-28T12:00:00,3164 制造六处老化选别,6D0005,SF313-2608000302,4,UK561M200N300AP4APR,542
2026-08-28T00:00:00,A,2026-08-28T12:00:00,3164 制造六处老化选别,6D0005,SF313-2608000302,6,UK561M200N300AP4APR,404
2026-08-28T00:00:00,A,2026-08-28T12:00:00,3164 制造六处老化选别,6D0005,SF313-2608000302,19,UK561M200N300AP4APR,504
2026-08-28T00:00:00,A,2026-08-28T12:00:00,3164 制造六处老化选别,6D0005,SF313-2608000302,23,UK561M200N300AP4APR,585
2026-08-28T00:00:00,A,2026-08-28T12:00:00,3164 制造六处老化选别,6D0005,SF313-2608000302,38,UK561M200N300AP4APR,394
2026-08-28T00:00:00,A,2026-08-28T12:00:00,3164 制造六处老化选别,6D0005,SF313-2608000302,42,UK561M200N300AP4APR,582
2026-08-28T00:00:00,A,2026-08-28T17:00:00,3161 制造六处釘卷,6DD117,SF313-2608000304,27,UK561M200N300AP4APR,384
2026-08-28T00:00:00,A,2026-08-28T17:00:00,3161 制造六处釘卷,6DD119,SF313-2608000304,28,UK561M200N300AP4APR,372
2026-08-28T00:00:00,A,2026-08-28T17:00:00,3162 制造六处自动组立套胶,6B0007,SF313-2608000303,32,UK561M200N300AP4APR,0
2026-08-28T00:00:00,A,2026-08-28T17:00:00,3162 制造六处自动组立套胶,6B0007,SF313-2608000304,5,UK561M200N300AP4APR,342
2026-08-28T00:00:00,A,2026-08-28T17:00:00,3162 制造六处自动组立套胶,6B0007,SF313-2608000304,6,UK561M200N300AP4APR,92
2026-08-28T00:00:00,A,2026-08-28T17:00:00,3162 制造六处自动组立套胶,6B0007,SF313-2608000304,12,UK561M200N300AP4APR,296
2026-08-28T00:00:00,A,2026-08-28T17:00:00,3162 制造六处自动组立套胶,6B0007,SF313-2608000304,17,UK561M200N300AP4APR,87
2026-08-28T00:00:00,A,2026-08-28T17:00:00,3162 制造六处自动组立套胶,6B0007,SF313-2608000304,18,UK561M200N300AP4APR,296
2026-08-28T00:00:00,A,2026-08-28T17:00:00,3162 制造六处自动组立套胶,6B0007,SF313-2608000304,19,UK561M200N300AP4APR,146
2026-08-28T00:00:00,A,2026-08-28T17:00:00,3164 制造六处老化选别,6D0005,SF313-2608000301,40,UK561M200N300AP4APR,207
2026-08-28T00:00:00,A,2026-08-28T17:00:00,3164 制造六处老化选别,6D0005,SF313-2608000302,4,UK561M200N300AP4APR,200
2026-08-28T00:00:00,A,2026-08-28T17:00:00,3164 制造六处老化选别,6D0005,SF313-2608000302,6,UK561M200N300AP4APR,380
2026-08-28T00:00:00,A,2026-08-28T17:00:00,3164 制造六处老化选别,6D0005,SF313-2608000302,19,UK561M200N300AP4APR,300
2026-08-28T00:00:00,A,2026-08-28T17:00:00,3164 制造六处老化选别,6D0005,SF313-2608000302,23,UK561M200N300AP4APR,292
2026-08-28T00:00:00,A,2026-08-28T17:00:00,3164 制造六处老化选别,6D0005,SF313-2608000302,38,UK561M200N300AP4APR,71
2026-08-28T00:00:00,A,2026-08-28T17:00:00,3164 制造六处老化选别,6D0005,SF313-2608000302,42,UK561M200N300AP4APR,145
2026-08-28T00:00:00,B,2026-08-29T00:00:00,3161 制造六处釘卷,6DD117,SF313-2608000304,23,UK561M200N300AP4APR,444
2026-08-28T00:00:00,B,2026-08-29T00:00:00,3161 制造六处釘卷,6DD117,SF313-2608000304,25,UK561M200N300AP4APR,264
2026-08-28T00:00:00,B,2026-08-29T00:00:00,3161 制造六处釘卷,6DD119,SF313-2608000304,26,UK561M200N300AP4APR,564
2026-08-28T00:00:00,B,2026-08-29T00:00:00,3161 制造六处釘卷,6DD119,SF313-2608000304,30,UK561M200N300AP4APR,492
2026-08-28T00:00:00,B,2026-08-29T00:00:00,3161 制造六处釘卷,6DD119,SF313-2608000304,32,UK561M200N300AP4APR,564
2026-08-28T00:00:00,B,2026-08-29T00:00:00,3162 制造六处自动组立套胶,6B0007,SF313-2608000302,2,UK561M200N300AP4APR,463
2026-08-28T00:00:00,B,2026-08-29T00:00:00,3162 制造六处自动组立套胶,6B0007,SF313-2608000302,25,UK561M200N300AP4APR,114
2026-08-28T00:00:00,B,2026-08-29T00:00:00,3162 制造六处自动组立套胶,6B0007,SF313-2608000304,10,UK561M200N300AP4APR,454
2026-08-28T00:00:00,B,2026-08-29T00:00:00,3162 制造六处自动组立套胶,6B0007,SF313-2608000304,15,UK561M200N300AP4APR,58
2026-08-28T00:00:00,B,2026-08-29T00:00:00,3162 制造六处自动组立套胶,6B0007,SF313-2608000304,16,UK561M200N300AP4APR,558
2026-08-28T00:00:00,B,2026-08-29T00:00:00,3162 制造六处自动组立套胶,6B0007,SF313-2608000304,22,UK561M200N300AP4APR,274
2026-08-28T00:00:00,B,2026-08-29T00:00:00,3162 制造六处自动组立套胶,6B0015,SF313-2608000302,4,UK561M200N300AP4APR,377
2026-08-28T00:00:00,B,2026-08-29T00:00:00,3162 制造六处自动组立套胶,6B0015,SF313-2608000302,6,UK561M200N300AP4APR,511
2026-08-28T00:00:00,B,2026-08-29T00:00:00,3164 制造六处老化选别,6D0005,SF313-2608000302,20,UK561M200N300AP4APR,598
2026-08-28T00:00:00,B,2026-08-29T00:00:00,3164 制造六处老化选别,6D0005,SF313-2608000302,21,UK561M200N300AP4APR,329
2026-08-28T00:00:00,B,2026-08-29T00:00:00,3164 制造六处老化选别,6D0005,SF313-2608000302,25,UK561M200N300AP4APR,227
2026-08-28T00:00:00,B,2026-08-29T00:00:00,3164 制造六处老化选别,6D0005,SF313-2608000302,27,UK561M200N300AP4APR,290
2026-08-28T00:00:00,B,2026-08-29T00:00:00,3164 制造六处老化选别,6D0005,SF313-2608000302,30,UK561M200N300AP4APR,607
2026-08-28T00:00:00,B,2026-08-29T00:00:00,3164 制造六处老化选别,6D0005,SF313-2608000302,44,UK561M200N300AP4APR,353
2026-08-28T00:00:00,B,2026-08-29T00:00:00,3164 制造六处老化选别,6D0005,SF313-2608000304,11,UK561M200N300AP4APR,407
2026-08-28T00:00:00,B,2026-08-29T00:00:00,3164 制造六处老化选别,6D0005,SF313-2608000304,13,UK561M200N300AP4APR,404
2026-08-28T00:00:00,B,2026-08-29T00:00:00,3164 制造六处老化选别,6D0005,SF313-2608000304,14,UK561M200N300AP4APR,468
2026-08-28T00:00:00,B,2026-08-29T00:00:00,3164 制造六处老化选别,6D0005,SF313-2608000304,15,UK561M200N300AP4APR,116
2026-08-28T00:00:00,B,2026-08-29T00:00:00,3164 制造六处老化选别,6D0015,SF313-2608000303,36,UK561M200N300AP4APR,256
2026-08-28T00:00:00,B,2026-08-29T00:00:00,3164 制造六处老化选别,6D0015,SF313-2608000303,41,UK561M200N300AP4APR,364
2026-08-28T00:00:00,B,2026-08-29T05:00:00,3161 制造六处釘卷,6DD117,SF313-2608000304,23,UK561M200N300AP4APR,192
2026-08-28T00:00:00,B,2026-08-29T05:00:00,3161 制造六处釘卷,6DD117,SF313-2608000304,25,UK561M200N300AP4APR,132
2026-08-28T00:00:00,B,2026-08-29T05:00:00,3161 制造六处釘卷,6DD119,SF313-2608000304,26,UK561M200N300AP4APR,312
2026-08-28T00:00:00,B,2026-08-29T05:00:00,3161 制造六处釘卷,6DD119,SF313-2608000304,30,UK561M200N300AP4APR,120
2026-08-28T00:00:00,B,2026-08-29T05:00:00,3161 制造六处釘卷,6DD119,SF313-2608000304,32,UK561M200N300AP4APR,288
2026-08-28T00:00:00,B,2026-08-29T05:00:00,3162 制造六处自动组立套胶,6B0007,SF313-2608000302,2,UK561M200N300AP4APR,390
2026-08-28T00:00:00,B,2026-08-29T05:00:00,3162 制造六处自动组立套胶,6B0007,SF313-2608000302,25,UK561M200N300AP4APR,136
2026-08-28T00:00:00,B,2026-08-29T05:00:00,3162 制造六处自动组立套胶,6B0007,SF313-2608000304,10,UK561M200N300AP4APR,215
2026-08-28T00:00:00,B,2026-08-29T05:00:00,3162 制造六处自动组立套胶,6B0007,SF313-2608000304,15,UK561M200N300AP4APR,0
2026-08-28T00:00:00,B,2026-08-29T05:00:00,3162 制造六处自动组立套胶,6B0007,SF313-2608000304,16,UK561M200N300AP4APR,335
2026-08-28T00:00:00,B,2026-08-29T05:00:00,3162 制造六处自动组立套胶,6B0007,SF313-2608000304,22,UK561M200N300AP4APR,373
2026-08-28T00:00:00,B,2026-08-29T05:00:00,3162 制造六处自动组立套胶,6B0015,SF313-2608000302,4,UK561M200N300AP4APR,235
2026-08-28T00:00:00,B,2026-08-29T05:00:00,3162 制造六处自动组立套胶,6B0015,SF313-2608000302,6,UK561M200N300AP4APR,190
2026-08-28T00:00:00,B,2026-08-29T05:00:00,3164 制造六处老化选别,6D0005,SF313-2608000302,20,UK561M200N300AP4APR,244
2026-08-28T00:00:00,B,2026-08-29T05:00:00,3164 制造六处老化选别,6D0005,SF313-2608000302,21,UK561M200N300AP4APR,305
2026-08-28T00:00:00,B,2026-08-29T05:00:00,3164 制造六处老化选别,6D0005,SF313-2608000302,25,UK561M200N300AP4APR,157
2026-08-28T00:00:00,B,2026-08-29T05:00:00,3164 制造六处老化选别,6D0005,SF313-2608000302,27,UK561M200N300AP4APR,205
2026-08-28T00:00:00,B,2026-08-29T05:00:00,3164 制造六处老化选别,6D0005,SF313-2608000302,30,UK561M200N300AP4APR,238
2026-08-28T00:00:00,B,2026-08-29T05:00:00,3164 制造六处老化选别,6D0005,SF313-2608000302,44,UK561M200N300AP4APR,267
2026-08-28T00:00:00,B,2026-08-29T05:00:00,3164 制造六处老化选别,6D0005,SF313-2608000304,11,UK561M200N300AP4APR,139
2026-08-28T00:00:00,B,2026-08-29T05:00:00,3164 制造六处老化选别,6D0005,SF313-2608000304,13,UK561M200N300AP4APR,178
2026-08-28T00:00:00,B,2026-08-29T05:00:00,3164 制造六处老化选别,6D0005,SF313-2608000304,14,UK561M200N300AP4APR,246
2026-08-28T00:00:00,B,2026-08-29T05:00:00,3164 制造六处老化选别,6D0005,SF313-2608000304,15,UK561M200N300AP4APR,0
2026-08-28T00:00:00,B,2026-08-29T05:00:00,3164 制造六处老化选别,6D0015,SF313-2608000303,36,UK561M200N300AP4APR,256
2026-08-28T00:00:00,B,2026-08-29T05:00:00,3164 制造六处老化选别,6D0015,SF313-2608000303,41,UK561M200N300AP4APR,294
2026-08-29T00:00:00,A,2026-08-29T12:00:00,3161 制造六处釘卷,6DD092,SF313-2608000384,4,UK561M200N300AP4APR,576
2026-08-29T00:00:00,A,2026-08-29T12:00:00,3161 制造六处釘卷,6DD092,SF313-2608000384,5,UK561M200N300AP4APR,300
2026-08-29T00:00:00,A,2026-08-29T12:00:00,3161 制造六处釘卷,6DD092,SF313-2608000384,6,UK561M200N300AP4APR,612
2026-08-29T00:00:00,A,2026-08-29T12:00:00,3161 制造六处釘卷,6DD092,SF313-2608000384,7,UK561M200N300AP4APR,336
2026-08-29T00:00:00,A,2026-08-29T12:00:00,3161 制造六处釘卷,6DD116,SF313-2608000383,1,UK561M200N300AP4APR,516
2026-08-29T00:00:00,A,2026-08-29T12:00:00,3161 制造六处釘卷,6DD116,SF313-2608000383,3,UK561M200N300AP4APR,180
2026-08-29T00:00:00,A,2026-08-29T12:00:00,3161 制造六处釘卷,6DD121,SF313-2608000383,4,UK561M200N300AP4APR,576
2026-08-29T00:00:00,A,2026-08-29T12:00:00,3162 制造六处自动组立套胶,6B0007,SF313-2608000302,29,UK561M200N300AP4APR,229
2026-08-29T00:00:00,A,2026-08-29T12:00:00,3162 制造六处自动组立套胶,6B0007,SF313-2608000302,31,UK561M200N300AP4APR,567
2026-08-29T00:00:00,A,2026-08-29T12:00:00,3162 制造六处自动组立套胶,6B0007,SF313-2608000302,33,UK561M200N300AP4APR,267
2026-08-29T00:00:00,A,2026-08-29T12:00:00,3162 制造六处自动组立套胶,6B0007,SF313-2608000302,34,UK561M200N300AP4APR,398
2026-08-29T00:00:00,A,2026-08-29T12:00:00,3162 制造六处自动组立套胶,6B0007,SF313-2608000302,36,UK561M200N300AP4APR,357
2026-08-29T00:00:00,A,2026-08-29T12:00:00,3162 制造六处自动组立套胶,6B0007,SF313-2608000302,37,UK561M200N300AP4APR,647
2026-08-29T00:00:00,A,2026-08-29T12:00:00,3162 制造六处自动组立套胶,6B0007,SF313-2608000302,43,UK561M200N300AP4APR,577
2026-08-29T00:00:00,A,2026-08-29T12:00:00,3162 制造六处自动组立套胶,6B0007,SF313-2608000302,45,UK561M200N300AP4APR,321
2026-08-29T00:00:00,A,2026-08-29T12:00:00,3164 制造六处老化选别,6D0005,SF313-2608000302,2,UK561M200N300AP4APR,341
2026-08-29T00:00:00,A,2026-08-29T12:00:00,3164 制造六处老化选别,6D0005,SF313-2608000304,10,UK561M200N300AP4APR,502
2026-08-29T00:00:00,A,2026-08-29T12:00:00,3164 制造六处老化选别,6D0005,SF313-2608000304,12,UK561M200N300AP4APR,332
2026-08-29T00:00:00,A,2026-08-29T12:00:00,3164 制造六处老化选别,6D0005,SF313-2608000304,19,UK561M200N300AP4APR,256
2026-08-29T00:00:00,A,2026-08-29T17:00:00,3161 制造六处釘卷,6DD092,SF313-2608000384,4,UK561M200N300AP4APR,348
2026-08-29T00:00:00,A,2026-08-29T17:00:00,3161 制造六处釘卷,6DD092,SF313-2608000384,5,UK561M200N300AP4APR,156
2026-08-29T00:00:00,A,2026-08-29T17:00:00,3161 制造六处釘卷,6DD092,SF313-2608000384,6,UK561M200N300AP4APR,360
2026-08-29T00:00:00,A,2026-08-29T17:00:00,3161 制造六处釘卷,6DD092,SF313-2608000384,7,UK561M200N300AP4APR,324
2026-08-29T00:00:00,A,2026-08-29T17:00:00,3161 制造六处釘卷,6DD116,SF313-2608000383,1,UK561M200N300AP4APR,168
2026-08-29T00:00:00,A,2026-08-29T17:00:00,3161 制造六处釘卷,6DD116,SF313-2608000383,3,UK561M200N300AP4APR,240
2026-08-29T00:00:00,A,2026-08-29T17:00:00,3161 制造六处釘卷,6DD121,SF313-2608000383,4,UK561M200N300AP4APR,120
2026-08-29T00:00:00,A,2026-08-29T17:00:00,3162 制造六处自动组立套胶,6B0007,SF313-2608000302,29,UK561M200N300AP4APR,277
2026-08-29T00:00:00,A,2026-08-29T17:00:00,3162 制造六处自动组立套胶,6B0007,SF313-2608000302,31,UK561M200N300AP4APR,313
2026-08-29T00:00:00,A,2026-08-29T17:00:00,3162 制造六处自动组立套胶,6B0007,SF313-2608000302,33,UK561M200N300AP4APR,158
2026-08-29T00:00:00,A,2026-08-29T17:00:00,3162 制造六处自动组立套胶,6B0007,SF313-2608000302,34,UK561M200N300AP4APR,0
2026-08-29T00:00:00,A,2026-08-29T17:00:00,3162 制造六处自动组立套胶,6B0007,SF313-2608000302,36,UK561M200N300AP4APR,285
2026-08-29T00:00:00,A,2026-08-29T17:00:00,3162 制造六处自动组立套胶,6B0007,SF313-2608000302,37,UK561M200N300AP4APR,129
2026-08-29T00:00:00,A,2026-08-29T17:00:00,3162 制造六处自动组立套胶,6B0007,SF313-2608000302,43,UK561M200N300AP4APR,351
2026-08-29T00:00:00,A,2026-08-29T17:00:00,3162 制造六处自动组立套胶,6B0007,SF313-2608000302,45,UK561M200N300AP4APR,197
2026-08-29T00:00:00,A,2026-08-29T17:00:00,3164 制造六处老化选别,6D0005,SF313-2608000302,2,UK561M200N300AP4APR,390
2026-08-29T00:00:00,A,2026-08-29T17:00:00,3164 制造六处老化选别,6D0005,SF313-2608000304,10,UK561M200N300AP4APR,311
2026-08-29T00:00:00,A,2026-08-29T17:00:00,3164 制造六处老化选别,6D0005,SF313-2608000304,12,UK561M200N300AP4APR,261
2026-08-29T00:00:00,A,2026-08-29T17:00:00,3164 制造六处老化选别,6D0005,SF313-2608000304,19,UK561M200N300AP4APR,146
2026-08-29T00:00:00,B,2026-08-30T00:00:00,3161 制造六处釘卷,6DD092,SF313-2608000384,1,UK561M200N300AP4APR,588
2026-08-29T00:00:00,B,2026-08-30T00:00:00,3161 制造六处釘卷,6DD092,SF313-2608000384,2,UK561M200N300AP4APR,372
2026-08-29T00:00:00,B,2026-08-30T00:00:00,3161 制造六处釘卷,6DD092,SF313-2608000384,3,UK561M200N300AP4APR,252
2026-08-29T00:00:00,B,2026-08-30T00:00:00,3161 制造六处釘卷,6DD092,SF313-2608000384,8,UK561M200N300AP4APR,396
2026-08-29T00:00:00,B,2026-08-30T00:00:00,3161 制造六处釘卷,6DD092,SF313-2608000384,9,UK561M200N300AP4APR,276
2026-08-29T00:00:00,B,2026-08-30T00:00:00,3161 制造六处釘卷,6DD116,SF313-2608000383,5,UK561M200N300AP4APR,540
2026-08-29T00:00:00,B,2026-08-30T00:00:00,3161 制造六处釘卷,6DD116,SF313-2608000383,7,UK561M200N300AP4APR,540
2026-08-29T00:00:00,B,2026-08-30T00:00:00,3161 制造六处釘卷,6DD117,SF313-2608000304,29,UK561M200N300AP4APR,360
2026-08-29T00:00:00,B,2026-08-30T00:00:00,3161 制造六处釘卷,6DD117,SF313-2608000304,31,UK561M200N300AP4APR,204
2026-08-29T00:00:00,B,2026-08-30T00:00:00,3161 制造六处釘卷,6DD117,SF313-2608000304,33,UK561M200N300AP4APR,192
2026-08-29T00:00:00,B,2026-08-30T00:00:00,3161 制造六处釘卷,6DD117,SF313-2608000304,35,UK561M200N300AP4APR,204
2026-08-29T00:00:00,B,2026-08-30T00:00:00,3161 制造六处釘卷,6DD119,SF313-2608000304,34,UK561M200N300AP4APR,420
2026-08-29T00:00:00,B,2026-08-30T00:00:00,3161 制造六处釘卷,6DD119,SF313-2608000304,36,UK561M200N300AP4APR,312
2026-08-29T00:00:00,B,2026-08-30T00:00:00,3161 制造六处釘卷,6DD121,SF313-2608000383,2,UK561M200N300AP4APR,576
2026-08-29T00:00:00,B,2026-08-30T00:00:00,3162 制造六处自动组立套胶,6B0007,SF313-2608000302,39,UK561M200N300AP4APR,396
2026-08-29T00:00:00,B,2026-08-30T00:00:00,3162 制造六处自动组立套胶,6B0007,SF313-2608000302,40,UK561M200N300AP4APR,483
2026-08-29T00:00:00,B,2026-08-30T00:00:00,3162 制造六处自动组立套胶,6B0007,SF313-2608000304,8,UK561M200N300AP4APR,591
2026-08-29T00:00:00,B,2026-08-30T00:00:00,3162 制造六处自动组立套胶,6B0007,SF313-2608000304,28,UK561M200N300AP4APR,196
2026-08-29T00:00:00,B,2026-08-30T00:00:00,3164 制造六处老化选别,6D0005,SF313-2608000303,32,UK561M200N300AP4APR,552
2026-08-29T00:00:00,B,2026-08-30T00:00:00,3164 制造六处老化选别,6D0005,SF313-2608000304,5,UK561M200N300AP4APR,353
2026-08-29T00:00:00,B,2026-08-30T00:00:00,3164 制造六处老化选别,6D0005,SF313-2608000304,6,UK561M200N300AP4APR,220
2026-08-29T00:00:00,B,2026-08-30T00:00:00,3164 制造六处老化选别,6D0005,SF313-2608000304,16,UK561M200N300AP4APR,447
2026-08-29T00:00:00,B,2026-08-30T00:00:00,3164 制造六处老化选别,6D0005,SF313-2608000304,17,UK561M200N300AP4APR,410
2026-08-29T00:00:00,B,2026-08-30T00:00:00,3164 制造六处老化选别,6D0005,SF313-2608000304,18,UK561M200N300AP4APR,210
2026-08-29T00:00:00,B,2026-08-30T00:00:00,3164 制造六处老化选别,6D0005,SF313-2608000304,22,UK561M200N300AP4APR,199
2026-08-29T00:00:00,B,2026-08-30T05:00:00,3161 制造六处釘卷,6DD092,SF313-2608000384,1,UK561M200N300AP4APR,168
2026-08-29T00:00:00,B,2026-08-30T05:00:00,3161 制造六处釘卷,6DD092,SF313-2608000384,2,UK561M200N300AP4APR,276
2026-08-29T00:00:00,B,2026-08-30T05:00:00,3161 制造六处釘卷,6DD092,SF313-2608000384,3,UK561M200N300AP4APR,288
2026-08-29T00:00:00,B,2026-08-30T05:00:00,3161 制造六处釘卷,6DD092,SF313-2608000384,8,UK561M200N300AP4APR,168
2026-08-29T00:00:00,B,2026-08-30T05:00:00,3161 制造六处釘卷,6DD092,SF313-2608000384,9,UK561M200N300AP4APR,252
2026-08-29T00:00:00,B,2026-08-30T05:00:00,3161 制造六处釘卷,6DD116,SF313-2608000383,5,UK561M200N300AP4APR,132
2026-08-29T00:00:00,B,2026-08-30T05:00:00,3161 制造六处釘卷,6DD116,SF313-2608000383,7,UK561M200N300AP4APR,276
2026-08-29T00:00:00,B,2026-08-30T05:00:00,3161 制造六处釘卷,6DD117,SF313-2608000304,29,UK561M200N300AP4APR,384
2026-08-29T00:00:00,B,2026-08-30T05:00:00,3161 制造六处釘卷,6DD117,SF313-2608000304,31,UK561M200N300AP4APR,360
2026-08-29T00:00:00,B,2026-08-30T05:00:00,3161 制造六处釘卷,6DD117,SF313-2608000304,33,UK561M200N300AP4APR,216
2026-08-29T00:00:00,B,2026-08-30T05:00:00,3161 制造六处釘卷,6DD117,SF313-2608000304,35,UK561M200N300AP4APR,276
2026-08-29T00:00:00,B,2026-08-30T05:00:00,3161 制造六处釘卷,6DD119,SF313-2608000304,34,UK561M200N300AP4APR,360
2026-08-29T00:00:00,B,2026-08-30T05:00:00,3161 制造六处釘卷,6DD119,SF313-2608000304,36,UK561M200N300AP4APR,264
2026-08-29T00:00:00,B,2026-08-30T05:00:00,3161 制造六处釘卷,6DD121,SF313-2608000383,2,UK561M200N300AP4APR,264
2026-08-29T00:00:00,B,2026-08-30T05:00:00,3162 制造六处自动组立套胶,6B0007,SF313-2608000302,39,UK561M200N300AP4APR,396
2026-08-29T00:00:00,B,2026-08-30T05:00:00,3162 制造六处自动组立套胶,6B0007,SF313-2608000302,40,UK561M200N300AP4APR,362
2026-08-29T00:00:00,B,2026-08-30T05:00:00,3162 制造六处自动组立套胶,6B0007,SF313-2608000304,8,UK561M200N300AP4APR,0
2026-08-29T00:00:00,B,2026-08-30T05:00:00,3162 制造六处自动组立套胶,6B0007,SF313-2608000304,28,UK561M200N300AP4APR,0
2026-08-29T00:00:00,B,2026-08-30T05:00:00,3164 制造六处老化选别,6D0005,SF313-2608000303,32,UK561M200N300AP4APR,203
2026-08-29T00:00:00,B,2026-08-30T05:00:00,3164 制造六处老化选别,6D0005,SF313-2608000304,5,UK561M200N300AP4APR,205
2026-08-29T00:00:00,B,2026-08-30T05:00:00,3164 制造六处老化选别,6D0005,SF313-2608000304,6,UK561M200N300AP4APR,0
2026-08-29T00:00:00,B,2026-08-30T05:00:00,3164 制造六处老化选别,6D0005,SF313-2608000304,16,UK561M200N300AP4APR,74
2026-08-29T00:00:00,B,2026-08-30T05:00:00,3164 制造六处老化选别,6D0005,SF313-2608000304,17,UK561M200N300AP4APR,0
2026-08-29T00:00:00,B,2026-08-30T05:00:00,3164 制造六处老化选别,6D0005,SF313-2608000304,18,UK561M200N300AP4APR,259
2026-08-29T00:00:00,B,2026-08-30T05:00:00,3164 制造六处老化选别,6D0005,SF313-2608000304,22,UK561M200N300AP4APR,0
2026-08-30T00:00:00,A,2026-08-30T12:00:00,3161 制造六处釘卷,6DD092,SF313-2608000384,13,UK561M200N300AP4APR,228
2026-08-30T00:00:00,A,2026-08-30T12:00:00,3161 制造六处釘卷,6DD121,SF313-2608000383,12,UK561M200N300AP4APR,384
2026-08-30T00:00:00,A,2026-08-30T12:00:00,3162 制造六处自动组立套胶,6B0007,SF313-2608000304,23,UK561M200N300AP4APR,563
2026-08-30T00:00:00,A,2026-08-30T12:00:00,3162 制造六处自动组立套胶,6B0007,SF313-2608000304,24,UK561M200N300AP4APR,336
2026-08-30T00:00:00,A,2026-08-30T12:00:00,3162 制造六处自动组立套胶,6B0012,SF313-2608000384,2,UK561M200N300AP4APR,342
2026-08-30T00:00:00,A,2026-08-30T12:00:00,3162 制造六处自动组立套胶,6B0012,SF313-2608000384,3,UK561M200N300AP4APR,514
2026-08-30T00:00:00,A,2026-08-30T17:00:00,3161 制造六处釘卷,6DD092,SF313-2608000384,13,UK561M200N300AP4APR,240
2026-08-30T00:00:00,A,2026-08-30T17:00:00,3161 制造六处釘卷,6DD121,SF313-2608000383,12,UK561M200N300AP4APR,156
2026-08-30T00:00:00,A,2026-08-30T17:00:00,3162 制造六处自动组立套胶,6B0007,SF313-2608000304,23,UK561M200N300AP4APR,338
2026-08-30T00:00:00,A,2026-08-30T17:00:00,3162 制造六处自动组立套胶,6B0007,SF313-2608000304,24,UK561M200N300AP4APR,162
2026-08-30T00:00:00,A,2026-08-30T17:00:00,3162 制造六处自动组立套胶,6B0012,SF313-2608000384,2,UK561M200N300AP4APR,128
2026-08-30T00:00:00,A,2026-08-30T17:00:00,3162 制造六处自动组立套胶,6B0012,SF313-2608000384,3,UK561M200N300AP4APR,226
2026-08-30T00:00:00,B,2026-08-31T00:00:00,3161 制造六处釘卷,6DD092,SF313-2608000384,10,UK561M200N300AP4APR,540
2026-08-30T00:00:00,B,2026-08-31T00:00:00,3161 制造六处釘卷,6DD092,SF313-2608000384,11,UK561M200N300AP4APR,384
2026-08-30T00:00:00,B,2026-08-31T00:00:00,3161 制造六处釘卷,6DD092,SF313-2608000384,12,UK561M200N300AP4APR,336
2026-08-30T00:00:00,B,2026-08-31T00:00:00,3161 制造六处釘卷,6DD116,SF313-2608000383,9,UK561M200N300AP4APR,168
2026-08-30T00:00:00,B,2026-08-31T00:00:00,3161 制造六处釘卷,6DD116,SF313-2608000383,11,UK561M200N300AP4APR,252
2026-08-30T00:00:00,B,2026-08-31T00:00:00,3161 制造六处釘卷,6DD117,SF313-2608000382,1,UK561M200N300AP4APR,492
2026-08-30T00:00:00,B,2026-08-31T00:00:00,3161 制造六处釘卷,6DD117,SF313-2608000382,3,UK561M200N300AP4APR,372
2026-08-30T00:00:00,B,2026-08-31T00:00:00,3161 制造六处釘卷,6DD117,SF313-2608000382,5,UK561M200N300AP4APR,360
2026-08-30T00:00:00,B,2026-08-31T00:00:00,3161 制造六处釘卷,6DD117,SF313-2608000382,7,UK561M200N300AP4APR,180
2026-08-30T00:00:00,B,2026-08-31T00:00:00,3161 制造六处釘卷,6DD117,SF313-2608000382,9,UK561M200N300AP4APR,204
2026-08-30T00:00:00,B,2026-08-31T00:00:00,3161 制造六处釘卷,6DD119,SF313-2608000382,2,UK561M200N300AP4APR,612
2026-08-30T00:00:00,B,2026-08-31T00:00:00,3161 制造六处釘卷,6DD121,SF313-2608000383,6,UK561M200N300AP4APR,528
2026-08-30T00:00:00,B,2026-08-31T00:00:00,3161 制造六处釘卷,6DD121,SF313-2608000383,8,UK561M200N300AP4APR,516
2026-08-30T00:00:00,B,2026-08-31T00:00:00,3161 制造六处釘卷,6DD121,SF313-2608000383,10,UK561M200N300AP4APR,336
2026-08-30T00:00:00,B,2026-08-31T00:00:00,3162 制造六处自动组立套胶,6B0007,SF313-2608000302,46,UK561M200N300AP4APR,193
2026-08-30T00:00:00,B,2026-08-31T00:00:00,3162 制造六处自动组立套胶,6B0007,SF313-2608000304,20,UK561M200N300AP4APR,437
2026-08-30T00:00:00,B,2026-08-31T00:00:00,3162 制造六处自动组立套胶,6B0007,SF313-2608000304,25,UK561M200N300AP4APR,492
2026-08-30T00:00:00,B,2026-08-31T00:00:00,3162 制造六处自动组立套胶,6B0007,SF313-2608000304,26,UK561M200N300AP4APR,166
2026-08-30T00:00:00,B,2026-08-31T00:00:00,3162 制造六处自动组立套胶,6B0012,SF313-2608000304,30,UK561M200N300AP4APR,347
2026-08-30T00:00:00,B,2026-08-31T00:00:00,3162 制造六处自动组立套胶,6B0012,SF313-2608000304,32,UK561M200N300AP4APR,203
2026-08-30T00:00:00,B,2026-08-31T00:00:00,3162 制造六处自动组立套胶,6B0012,SF313-2608000304,33,UK561M200N300AP4APR,187
2026-08-30T00:00:00,B,2026-08-31T00:00:00,3162 制造六处自动组立套胶,6B0012,SF313-2608000304,34,UK561M200N300AP4APR,570
2026-08-30T00:00:00,B,2026-08-31T05:00:00,3161 制造六处釘卷,6DD092,SF313-2608000384,10,UK561M200N300AP4APR,300
2026-08-30T00:00:00,B,2026-08-31T05:00:00,3161 制造六处釘卷,6DD092,SF313-2608000384,11,UK561M200N300AP4APR,240
2026-08-30T00:00:00,B,2026-08-31T05:00:00,3161 制造六处釘卷,6DD092,SF313-2608000384,12,UK561M200N300AP4APR,252
2026-08-30T00:00:00,B,2026-08-31T05:00:00,3161 制造六处釘卷,6DD116,SF313-2608000383,9,UK561M200N300AP4APR,108
2026-08-30T00:00:00,B,2026-08-31T05:00:00,3161 制造六处釘卷,6DD116,SF313-2608000383,11,UK561M200N300AP4APR,360
2026-08-30T00:00:00,B,2026-08-31T05:00:00,3161 制造六处釘卷,6DD117,SF313-2608000382,1,UK561M200N300AP4APR,192
2026-08-30T00:00:00,B,2026-08-31T05:00:00,3161 制造六处釘卷,6DD117,SF313-2608000382,3,UK561M200N300AP4APR,108
2026-08-30T00:00:00,B,2026-08-31T05:00:00,3161 制造六处釘卷,6DD117,SF313-2608000382,5,UK561M200N300AP4APR,324
2026-08-30T00:00:00,B,2026-08-31T05:00:00,3161 制造六处釘卷,6DD117,SF313-2608000382,7,UK561M200N300AP4APR,192
2026-08-30T00:00:00,B,2026-08-31T05:00:00,3161 制造六处釘卷,6DD117,SF313-2608000382,9,UK561M200N300AP4APR,324
2026-08-30T00:00:00,B,2026-08-31T05:00:00,3161 制造六处釘卷,6DD119,SF313-2608000382,2,UK561M200N300AP4APR,372
2026-08-30T00:00:00,B,2026-08-31T05:00:00,3161 制造六处釘卷,6DD121,SF313-2608000383,6,UK561M200N300AP4APR,132
2026-08-30T00:00:00,B,2026-08-31T05:00:00,3161 制造六处釘卷,6DD121,SF313-2608000383,8,UK561M200N300AP4APR,288
2026-08-30T00:00:00,B,2026-08-31T05:00:00,3161 制造六处釘卷,6DD121,SF313-2608000383,10,UK561M200N300AP4APR,300
2026-08-30T00:00:00,B,2026-08-31T05:00:00,3162 制造六处自动组立套胶,6B0007,SF313-2608000302,46,UK561M200N300AP4APR,290
2026-08-30T00:00:00,B,2026-08-31T05:00:00,3162 制造六处自动组立套胶,6B0007,SF313-2608000304,20,UK561M200N300AP4APR,137
2026-08-30T00:00:00,B,2026-08-31T05:00:00,3162 制造六处自动组立套胶,6B0007,SF313-2608000304,25,UK561M200N300AP4APR,360
2026-08-30T00:00:00,B,2026-08-31T05:00:00,3162 制造六处自动组立套胶,6B0007,SF313-2608000304,26,UK561M200N300AP4APR,189
2026-08-30T00:00:00,B,2026-08-31T05:00:00,3162 制造六处自动组立套胶,6B0012,SF313-2608000304,30,UK561M200N300AP4APR,311
2026-08-30T00:00:00,B,2026-08-31T05:00:00,3162 制造六处自动组立套胶,6B0012,SF313-2608000304,32,UK561M200N300AP4APR,370
2026-08-30T00:00:00,B,2026-08-31T05:00:00,3162 制造六处自动组立套胶,6B0012,SF313-2608000304,33,UK561M200N300AP4APR,210
2026-08-30T00:00:00,B,2026-08-31T05:00:00,3162 制造六处自动组立套胶,6B0012,SF313-2608000304,34,UK561M200N300AP4APR,225
2026-08-31T00:00:00,A,2026-08-31T12:00:00,3161 制造六处釘卷,6DD092,SF313-2608000384,14,UK561M200N300AP4APR,444
2026-08-31T00:00:00,A,2026-08-31T12:00:00,3161 制造六处釘卷,6DD092,SF313-2608000384,15,UK561M200N300AP4APR,216
2026-08-31T00:00:00,A,2026-08-31T12:00:00,3161 制造六处釘卷,6DD092,SF313-2608000384,16,UK561M200N300AP4APR,396
2026-08-31T00:00:00,A,2026-08-31T12:00:00,3161 制造六处釘卷,6DD092,SF313-2608000384,17,UK561M200N300AP4APR,444
2026-08-31T00:00:00,A,2026-08-31T12:00:00,3161 制造六处釘卷,6DD116,SF313-2608000383,21,UK561M200N300AP4APR,420
2026-08-31T00:00:00,A,2026-08-31T12:00:00,3161 制造六处釘卷,6DD121,SF313-2608000383,22,UK561M200N300AP4APR,492
2026-08-31T00:00:00,A,2026-08-31T12:00:00,3162 制造六处自动组立套胶,6B0007,SF313-2608000303,31,UK561M200N300AP4APR,540
2026-08-31T00:00:00,A,2026-08-31T12:00:00,3162 制造六处自动组立套胶,6B0007,SF313-2608000304,21,UK561M200N300AP4APR,376
2026-08-31T00:00:00,A,2026-08-31T12:00:00,3162 制造六处自动组立套胶,6B0007,SF313-2608000304,27,UK561M200N300AP4APR,338
2026-08-31T00:00:00,A,2026-08-31T12:00:00,3162 制造六处自动组立套胶,6B0007,SF313-2608000304,35,UK561M200N300AP4APR,240
2026-08-31T00:00:00,A,2026-08-31T12:00:00,3162 制造六处自动组立套胶,6B0007,SF313-2608000382,1,UK561M200N300AP4APR,271
2026-08-31T00:00:00,A,2026-08-31T12:00:00,3162 制造六处自动组立套胶,6B0007,SF313-2608000382,9,UK561M200N300AP4APR,385
2026-08-31T00:00:00,A,2026-08-31T12:00:00,3162 制造六处自动组立套胶,6B0007,SF313-2608000384,4,UK561M200N300AP4APR,595
2026-08-31T00:00:00,A,2026-08-31T12:00:00,3162 制造六处自动组立套胶,6B0012,SF313-2608000304,31,UK561M200N300AP4APR,447
2026-08-31T00:00:00,A,2026-08-31T12:00:00,3162 制造六处自动组立套胶,6B0012,SF313-2608000382,3,UK561M200N300AP4APR,175
2026-08-31T00:00:00,A,2026-08-31T12:00:00,3162 制造六处自动组立套胶,6B0012,SF313-2608000382,5,UK561M200N300AP4APR,536
2026-08-31T00:00:00,A,2026-08-31T12:00:00,3162 制造六处自动组立套胶,6B0012,SF313-2608000383,7,UK561M200N300AP4APR,560
2026-08-31T00:00:00,A,2026-08-31T12:00:00,3162 制造六处自动组立套胶,6B0012,SF313-2608000383,11,UK561M200N300AP4APR,441
2026-08-31T00:00:00,A,2026-08-31T12:00:00,3162 制造六处自动组立套胶,6B0012,SF313-2608000384,1,UK561M200N300AP4APR,178
2026-08-31T00:00:00,A,2026-08-31T12:00:00,3162 制造六处自动组立套胶,6B0015,SF313-2608000383,6,UK561M200N300AP4APR,175
2026-08-31T00:00:00,A,2026-08-31T12:00:00,3162 制造六处自动组立套胶,6B0015,SF313-2608000383,8,UK561M200N300AP4APR,262
2026-08-31T00:00:00,A,2026-08-31T12:00:00,3162 制造六处自动组立套胶,6B0015,SF313-2608000383,9,UK561M200N300AP4APR,438
2026-08-31T00:00:00,A,2026-08-31T12:00:00,3162 制造六处自动组立套胶,6B0015,SF313-2608000383,10,UK561M200N300AP4APR,440
2026-08-31T00:00:00,A,2026-08-31T12:00:00,3164 制造六处老化选别,6D0005,SF313-2608000302,29,UK561M200N300AP4APR,350
2026-08-31T00:00:00,A,2026-08-31T12:00:00,3164 制造六处老化选别,6D0005,SF313-2608000302,31,UK561M200N300AP4APR,398
2026-08-31T00:00:00,A,2026-08-31T12:00:00,3164 制造六处老化选别,6D0005,SF313-2608000304,28,UK561M200N300AP4APR,462
2026-08-31T00:00:00,A,2026-08-31T12:00:00,3164 制造六处老化选别,6D0005,SF313-2608000304,30,UK561M200N300AP4APR,275
2026-08-31T00:00:00,A,2026-08-31T12:00:00,3164 制造六处老化选别,6D0005,SF313-2608000384,3,UK561M200N300AP4APR,175
2026-08-31T00:00:00,A,2026-08-31T17:00:00,3161 制造六处釘卷,6DD092,SF313-2608000384,14,UK561M200N300AP4APR,156
2026-08-31T00:00:00,A,2026-08-31T17:00:00,3161 制造六处釘卷,6DD092,SF313-2608000384,15,UK561M200N300AP4APR,96
2026-08-31T00:00:00,A,2026-08-31T17:00:00,3161 制造六处釘卷,6DD092,SF313-2608000384,16,UK561M200N300AP4APR,264
2026-08-31T00:00:00,A,2026-08-31T17:00:00,3161 制造六处釘卷,6DD092,SF313-2608000384,17,UK561M200N300AP4APR,72
2026-08-31T00:00:00,A,2026-08-31T17:00:00,3161 制造六处釘卷,6DD116,SF313-2608000383,21,UK561M200N300AP4APR,300
2026-08-31T00:00:00,A,2026-08-31T17:00:00,3161 制造六处釘卷,6DD121,SF313-2608000383,22,UK561M200N300AP4APR,276
2026-08-31T00:00:00,A,2026-08-31T17:00:00,3162 制造六处自动组立套胶,6B0007,SF313-2608000303,31,UK561M200N300AP4APR,72
2026-08-31T00:00:00,A,2026-08-31T17:00:00,3162 制造六处自动组立套胶,6B0007,SF313-2608000304,21,UK561M200N300AP4APR,188
2026-08-31T00:00:00,A,2026-08-31T17:00:00,3162 制造六处自动组立套胶,6B0007,SF313-2608000304,27,UK561M200N300AP4APR,373
2026-08-31T00:00:00,A,2026-08-31T17:00:00,3162 制造六处自动组立套胶,6B0007,SF313-2608000304,35,UK561M200N300AP4APR,275
2026-08-31T00:00:00,A,2026-08-31T17:00:00,3162 制造六处自动组立套胶,6B0007,SF313-2608000382,1,UK561M200N300AP4APR,394
2026-08-31T00:00:00,A,2026-08-31T17:00:00,3162 制造六处自动组立套胶,6B0007,SF313-2608000382,9,UK561M200N300AP4APR,0
2026-08-31T00:00:00,A,2026-08-31T17:00:00,3162 制造六处自动组立套胶,6B0007,SF313-2608000384,4,UK561M200N300AP4APR,309
2026-08-31T00:00:00,A,2026-08-31T17:00:00,3162 制造六处自动组立套胶,6B0012,SF313-2608000304,31,UK561M200N300AP4APR,376
2026-08-31T00:00:00,A,2026-08-31T17:00:00,3162 制造六处自动组立套胶,6B0012,SF313-2608000382,3,UK561M200N300AP4APR,150
2026-08-31T00:00:00,A,2026-08-31T17:00:00,3162 制造六处自动组立套胶,6B0012,SF313-2608000382,5,UK561M200N300AP4APR,0
2026-08-31T00:00:00,A,2026-08-31T17:00:00,3162 制造六处自动组立套胶,6B0012,SF313-2608000383,7,UK561M200N300AP4APR,210
2026-08-31T00:00:00,A,2026-08-31T17:00:00,3162 制造六处自动组立套胶,6B0012,SF313-2608000383,11,UK561M200N300AP4APR,214
2026-08-31T00:00:00,A,2026-08-31T17:00:00,3162 制造六处自动组立套胶,6B0012,SF313-2608000384,1,UK561M200N300AP4APR,249
2026-08-31T00:00:00,A,2026-08-31T17:00:00,3162 制造六处自动组立套胶,6B0015,SF313-2608000383,6,UK561M200N300AP4APR,128
2026-08-31T00:00:00,A,2026-08-31T17:00:00,3162 制造六处自动组立套胶,6B0015,SF313-2608000383,8,UK561M200N300AP4APR,239
2026-08-31T00:00:00,A,2026-08-31T17:00:00,3162 制造六处自动组立套胶,6B0015,SF313-2608000383,9,UK561M200N300AP4APR,196
2026-08-31T00:00:00,A,2026-08-31T17:00:00,3162 制造六处自动组立套胶,6B0015,SF313-2608000383,10,UK561M200N300AP4APR,238
2026-08-31T00:00:00,A,2026-08-31T17:00:00,3164 制造六处老化选别,6D0005,SF313-2608000302,29,UK561M200N300AP4APR,362
2026-08-31T00:00:00,A,2026-08-31T17:00:00,3164 制造六处老化选别,6D0005,SF313-2608000302,31,UK561M200N300AP4APR,265
2026-08-31T00:00:00,A,2026-08-31T17:00:00,3164 制造六处老化选别,6D0005,SF313-2608000304,28,UK561M200N300AP4APR,0
2026-08-31T00:00:00,A,2026-08-31T17:00:00,3164 制造六处老化选别,6D0005,SF313-2608000304,30,UK561M200N300AP4APR,299
2026-08-31T00:00:00,A,2026-08-31T17:00:00,3164 制造六处老化选别,6D0005,SF313-2608000384,3,UK561M200N300AP4APR,226
2026-08-31T00:00:00,B,2026-09-01T00:00:00,3161 制造六处釘卷,6DD116,SF313-2608000383,13,UK561M200N300AP4APR,312
2026-08-31T00:00:00,B,2026-09-01T00:00:00,3161 制造六处釘卷,6DD116,SF313-2608000383,15,UK561M200N300AP4APR,612
2026-08-31T00:00:00,B,2026-09-01T00:00:00,3161 制造六处釘卷,6DD116,SF313-2608000383,17,UK561M200N300AP4APR,300
2026-08-31T00:00:00,B,2026-09-01T00:00:00,3161 制造六处釘卷,6DD116,SF313-2608000383,19,UK561M200N300AP4APR,168
2026-08-31T00:00:00,B,2026-09-01T00:00:00,3161 制造六处釘卷,6DD117,SF313-2608000382,11,UK561M200N300AP4APR,348
2026-08-31T00:00:00,B,2026-09-01T00:00:00,3161 制造六处釘卷,6DD117,SF313-2608000382,13,UK561M200N300AP4APR,432
2026-08-31T00:00:00,B,2026-09-01T00:00:00,3161 制造六处釘卷,6DD117,SF313-2608000382,15,UK561M200N300AP4APR,396
2026-08-31T00:00:00,B,2026-09-01T00:00:00,3161 制造六处釘卷,6DD117,SF313-2608000382,17,UK561M200N300AP4APR,204
2026-08-31T00:00:00,B,2026-09-01T00:00:00,3161 制造六处釘卷,6DD117,SF313-2608000382,19,UK561M200N300AP4APR,504
2026-08-31T00:00:00,B,2026-09-01T00:00:00,3161 制造六处釘卷,6DD117,SF313-2608000382,21,UK561M200N300AP4APR,336
2026-08-31T00:00:00,B,2026-09-01T00:00:00,3161 制造六处釘卷,6DD119,SF313-2608000382,4,UK561M200N300AP4APR,372
2026-08-31T00:00:00,B,2026-09-01T00:00:00,3161 制造六处釘卷,6DD119,SF313-2608000382,6,UK561M200N300AP4APR,612
2026-08-31T00:00:00,B,2026-09-01T00:00:00,3161 制造六处釘卷,6DD119,SF313-2608000382,8,UK561M200N300AP4APR,576
2026-08-31T00:00:00,B,2026-09-01T00:00:00,3161 制造六处釘卷,6DD119,SF313-2608000382,10,UK561M200N300AP4APR,372
2026-08-31T00:00:00,B,2026-09-01T00:00:00,3161 制造六处釘卷,6DD119,SF313-2608000382,12,UK561M200N300AP4APR,396
2026-08-31T00:00:00,B,2026-09-01T00:00:00,3161 制造六处釘卷,6DD119,SF313-2608000382,14,UK561M200N300AP4APR,528
2026-08-31T00:00:00,B,2026-09-01T00:00:00,3161 制造六处釘卷,6DD119,SF313-2608000382,16,UK561M200N300AP4APR,384
2026-08-31T00:00:00,B,2026-09-01T00:00:00,3161 制造六处釘卷,6DD121,SF313-2608000383,14,UK561M200N300AP4APR,504
2026-08-31T00:00:00,B,2026-09-01T00:00:00,3161 制造六处釘卷,6DD121,SF313-2608000383,16,UK561M200N300AP4APR,240
2026-08-31T00:00:00,B,2026-09-01T00:00:00,3161 制造六处釘卷,6DD121,SF313-2608000383,18,UK561M200N300AP4APR,528
2026-08-31T00:00:00,B,2026-09-01T00:00:00,3161 制造六处釘卷,6DD121,SF313-2608000383,20,UK561M200N300AP4APR,168
2026-08-31T00:00:00,B,2026-09-01T00:00:00,3162 制造六处自动组立套胶,6B0007,SF313-2608000300,39,UK561M200N300AP4APR,56
2026-08-31T00:00:00,B,2026-09-01T00:00:00,3162 制造六处自动组立套胶,6B0007,SF313-2608000382,7,UK561M200N300AP4APR,361
2026-08-31T00:00:00,B,2026-09-01T00:00:00,3162 制造六处自动组立套胶,6B0015,SF313-2608000302,41,UK561M200N300AP4APR,91
2026-08-31T00:00:00,B,2026-09-01T00:00:00,3162 制造六处自动组立套胶,6B0015,SF313-2608000383,5,UK561M200N300AP4APR,218
2026-08-31T00:00:00,B,2026-09-01T00:00:00,3162 制造六处自动组立套胶,6B0015,SF313-2608000384,7,UK561M200N300AP4APR,512
2026-08-31T00:00:00,B,2026-09-01T00:00:00,3162 制造六处自动组立套胶,6B0015,SF313-2608000384,10,UK561M200N300AP4APR,345
2026-08-31T00:00:00,B,2026-09-01T00:00:00,3162 制造六处自动组立套胶,6B0015,SF313-2608000384,11,UK561M200N300AP4APR,263
2026-08-31T00:00:00,B,2026-09-01T00:00:00,3162 制造六处自动组立套胶,6B0015,SF313-2608000384,12,UK561M200N300AP4APR,346
2026-08-31T00:00:00,B,2026-09-01T00:00:00,3164 制造六处老化选别,6D0005,SF313-2608000302,36,UK561M200N300AP4APR,314
2026-08-31T00:00:00,B,2026-09-01T00:00:00,3164 制造六处老化选别,6D0005,SF313-2608000302,37,UK561M200N300AP4APR,215
2026-08-31T00:00:00,B,2026-09-01T00:00:00,3164 制造六处老化选别,6D0005,SF313-2608000304,25,UK561M200N300AP4APR,300
2026-08-31T00:00:00,B,2026-09-01T00:00:00,3164 制造六处老化选别,6D0005,SF313-2608000304,26,UK561M200N300AP4APR,367
2026-08-31T00:00:00,B,2026-09-01T00:00:00,3164 制造六处老化选别,6D0005,SF313-2608000304,32,UK561M200N300AP4APR,298
2026-08-31T00:00:00,B,2026-09-01T00:00:00,3164 制造六处老化选别,6D0005,SF313-2608000304,33,UK561M200N300AP4APR,210
2026-08-31T00:00:00,B,2026-09-01T00:00:00,3164 制造六处老化选别,6D0005,SF313-2608000304,34,UK561M200N300AP4APR,594
2026-08-31T00:00:00,B,2026-09-01T05:00:00,3161 制造六处釘卷,6DD116,SF313-2608000383,13,UK561M200N300AP4APR,180
2026-08-31T00:00:00,B,2026-09-01T05:00:00,3161 制造六处釘卷,6DD116,SF313-2608000383,15,UK561M200N300AP4APR,384
2026-08-31T00:00:00,B,2026-09-01T05:00:00,3161 制造六处釘卷,6DD116,SF313-2608000383,17,UK561M200N300AP4APR,83
2026-08-31T00:00:00,B,2026-09-01T05:00:00,3161 制造六处釘卷,6DD116,SF313-2608000383,19,UK561M200N300AP4APR,0
2026-08-31T00:00:00,B,2026-09-01T05:00:00,3161 制造六处釘卷,6DD117,SF313-2608000382,11,UK561M200N300AP4APR,276
2026-08-31T00:00:00,B,2026-09-01T05:00:00,3161 制造六处釘卷,6DD117,SF313-2608000382,13,UK561M200N300AP4APR,312
2026-08-31T00:00:00,B,2026-09-01T05:00:00,3161 制造六处釘卷,6DD117,SF313-2608000382,15,UK561M200N300AP4APR,288
2026-08-31T00:00:00,B,2026-09-01T05:00:00,3161 制造六处釘卷,6DD117,SF313-2608000382,17,UK561M200N300AP4APR,360
2026-08-31T00:00:00,B,2026-09-01T05:00:00,3161 制造六处釘卷,6DD117,SF313-2608000382,19,UK561M200N300AP4APR,252
2026-08-31T00:00:00,B,2026-09-01T05:00:00,3161 制造六处釘卷,6DD117,SF313-2608000382,21,UK561M200N300AP4APR,144
2026-08-31T00:00:00,B,2026-09-01T05:00:00,3161 制造六处釘卷,6DD119,SF313-2608000382,4,UK561M200N300AP4APR,203
2026-08-31T00:00:00,B,2026-09-01T05:00:00,3161 制造六处釘卷,6DD119,SF313-2608000382,6,UK561M200N300AP4APR,300
2026-08-31T00:00:00,B,2026-09-01T05:00:00,3161 制造六处釘卷,6DD119,SF313-2608000382,8,UK561M200N300AP4APR,372
2026-08-31T00:00:00,B,2026-09-01T05:00:00,3161 制造六处釘卷,6DD119,SF313-2608000382,10,UK561M200N300AP4APR,288
2026-08-31T00:00:00,B,2026-09-01T05:00:00,3161 制造六处釘卷,6DD119,SF313-2608000382,12,UK561M200N300AP4APR,132
2026-08-31T00:00:00,B,2026-09-01T05:00:00,3161 制造六处釘卷,6DD119,SF313-2608000382,14,UK561M200N300AP4APR,144
2026-08-31T00:00:00,B,2026-09-01T05:00:00,3161 制造六处釘卷,6DD119,SF313-2608000382,16,UK561M200N300AP4APR,336
2026-08-31T00:00:00,B,2026-09-01T05:00:00,3161 制造六处釘卷,6DD121,SF313-2608000383,14,UK561M200N300AP4APR,288
2026-08-31T00:00:00,B,2026-09-01T05:00:00,3161 制造六处釘卷,6DD121,SF313-2608000383,16,UK561M200N300AP4APR,180
2026-08-31T00:00:00,B,2026-09-01T05:00:00,3161 制造六处釘卷,6DD121,SF313-2608000383,18,UK561M200N300AP4APR,83
2026-08-31T00:00:00,B,2026-09-01T05:00:00,3161 制造六处釘卷,6DD121,SF313-2608000383,20,UK561M200N300AP4APR,0
2026-08-31T00:00:00,B,2026-09-01T05:00:00,3162 制造六处自动组立套胶,6B0007,SF313-2608000300,39,UK561M200N300AP4APR,54
2026-08-31T00:00:00,B,2026-09-01T05:00:00,3162 制造六处自动组立套胶,6B0007,SF313-2608000382,7,UK561M200N300AP4APR,262
2026-08-31T00:00:00,B,2026-09-01T05:00:00,3162 制造六处自动组立套胶,6B0015,SF313-2608000302,41,UK561M200N300AP4APR,112
2026-08-31T00:00:00,B,2026-09-01T05:00:00,3162 制造六处自动组立套胶,6B0015,SF313-2608000383,5,UK561M200N300AP4APR,91
2026-08-31T00:00:00,B,2026-09-01T05:00:00,3162 制造六处自动组立套胶,6B0015,SF313-2608000384,7,UK561M200N300AP4APR,0
2026-08-31T00:00:00,B,2026-09-01T05:00:00,3162 制造六处自动组立套胶,6B0015,SF313-2608000384,10,UK561M200N300AP4APR,71
2026-08-31T00:00:00,B,2026-09-01T05:00:00,3162 制造六处自动组立套胶,6B0015,SF313-2608000384,11,UK561M200N300AP4APR,71
2026-08-31T00:00:00,B,2026-09-01T05:00:00,3162 制造六处自动组立套胶,6B0015,SF313-2608000384,12,UK561M200N300AP4APR,298
2026-08-31T00:00:00,B,2026-09-01T05:00:00,3164 制造六处老化选别,6D0005,SF313-2608000302,36,UK561M200N300AP4APR,314
2026-08-31T00:00:00,B,2026-09-01T05:00:00,3164 制造六处老化选别,6D0005,SF313-2608000302,37,UK561M200N300AP4APR,201
2026-08-31T00:00:00,B,2026-09-01T05:00:00,3164 制造六处老化选别,6D0005,SF313-2608000304,25,UK561M200N300AP4APR,252
2026-08-31T00:00:00,B,2026-09-01T05:00:00,3164 制造六处老化选别,6D0005,SF313-2608000304,26,UK561M200N300AP4APR,320
2026-08-31T00:00:00,B,2026-09-01T05:00:00,3164 制造六处老化选别,6D0005,SF313-2608000304,32,UK561M200N300AP4APR,179
2026-08-31T00:00:00,B,2026-09-01T05:00:00,3164 制造六处老化选别,6D0005,SF313-2608000304,33,UK561M200N300AP4APR,363
2026-08-31T00:00:00,B,2026-09-01T05:00:00,3164 制造六处老化选别,6D0005,SF313-2608000304,34,UK561M200N300AP4APR,332
2026-09-01T00:00:00,A,2026-09-01T12:00:00,3161 制造六处釘卷,6DD116,SF313-2608000383,23,UK561M200N300AP4APR,276
2026-09-01T00:00:00,A,2026-09-01T12:00:00,3161 制造六处釘卷,6DD116,SF313-2608000383,25,UK561M200N300AP4APR,94
2026-09-01T00:00:00,A,2026-09-01T12:00:00,3161 制造六处釘卷,6DD116,SF313-2608000383,37,UK561M200N300AP4APR,540
2026-09-01T00:00:00,A,2026-09-01T12:00:00,3161 制造六处釘卷,6DD117,SF313-2608000382,35,UK561M200N300AP4APR,228
2026-09-01T00:00:00,A,2026-09-01T12:00:00,3161 制造六处釘卷,6DD117,SF313-2608000382,37,UK561M200N300AP4APR,456
2026-09-01T00:00:00,A,2026-09-01T12:00:00,3161 制造六处釘卷,6DD119,SF313-2608000382,36,UK561M200N300AP4APR,504
2026-09-01T00:00:00,A,2026-09-01T12:00:00,3161 制造六处釘卷,6DD121,SF313-2608000383,24,UK561M200N300AP4APR,150
2026-09-01T00:00:00,A,2026-09-01T12:00:00,3161 制造六处釘卷,6DD121,SF313-2608000383,26,UK561M200N300AP4APR,359
2026-09-01T00:00:00,A,2026-09-01T12:00:00,3161 制造六处釘卷,6DD121,SF313-2608000383,36,UK561M200N300AP4APR,180
2026-09-01T00:00:00,A,2026-09-01T12:00:00,3162 制造六处自动组立套胶,6B0007,SF313-2608000382,17,UK561M200N300AP4APR,311
2026-09-01T00:00:00,A,2026-09-01T12:00:00,3162 制造六处自动组立套胶,6B0007,SF313-2608000383,14,UK561M200N300AP4APR,271
2026-09-01T00:00:00,A,2026-09-01T12:00:00,3162 制造六处自动组立套胶,6B0007,SF313-2608000383,20,UK561M200N300AP4APR,456
2026-09-01T00:00:00,A,2026-09-01T12:00:00,3162 制造六处自动组立套胶,6B0009,SF313-2608000304,36,UK561M200N300AP4APR,518
2026-09-01T00:00:00,A,2026-09-01T12:00:00,3162 制造六处自动组立套胶,6B0009,SF313-2608000383,2,UK561M200N300AP4APR,538
2026-09-01T00:00:00,A,2026-09-01T12:00:00,3162 制造六处自动组立套胶,6B0012,SF313-2608000383,24,UK561M200N300AP4APR,150
2026-09-01T00:00:00,A,2026-09-01T12:00:00,3162 制造六处自动组立套胶,6B0012,SF313-2608000383,25,UK561M200N300AP4APR,470
2026-09-01T00:00:00,A,2026-09-01T12:00:00,3162 制造六处自动组立套胶,6B0012,SF313-2608000383,26,UK561M200N300AP4APR,179
2026-09-01T00:00:00,A,2026-09-01T12:00:00,3162 制造六处自动组立套胶,6B0012,SF313-2608000384,13,UK561M200N300AP4APR,425
2026-09-01T00:00:00,A,2026-09-01T12:00:00,3164 制造六处老化选别,6D0005,SF313-2608000302,33,UK561M200N300AP4APR,522
2026-09-01T00:00:00,A,2026-09-01T12:00:00,3164 制造六处老化选别,6D0005,SF313-2608000302,46,UK561M200N300AP4APR,217
2026-09-01T00:00:00,A,2026-09-01T12:00:00,3164 制造六处老化选别,6D0005,SF313-2608000304,8,UK561M200N300AP4APR,289
2026-09-01T00:00:00,A,2026-09-01T12:00:00,3164 制造六处老化选别,6D0005,SF313-2608000304,23,UK561M200N300AP4APR,538
2026-09-01T00:00:00,A,2026-09-01T12:00:00,3164 制造六处老化选别,6D0005,SF313-2608000304,27,UK561M200N300AP4APR,361
2026-09-01T00:00:00,A,2026-09-01T12:00:00,3164 制造六处老化选别,6D0005,SF313-2608000304,31,UK561M200N300AP4APR,259
2026-09-01T00:00:00,A,2026-09-01T12:00:00,3164 制造六处老化选别,6D0005,SF313-2608000384,1,UK561M200N300AP4APR,225
2026-09-01T00:00:00,A,2026-09-01T12:00:00,3164 制造六处老化选别,6D0005,SF313-2608000384,10,UK561M200N300AP4APR,381
2026-09-01T00:00:00,A,2026-09-01T12:00:00,3164 制造六处老化选别,6D0005,SF313-2608000384,12,UK561M200N300AP4APR,429
2026-09-01T00:00:00,A,2026-09-01T12:00:00,3164 制造六处老化选别,6D0009,SF313-2608000302,39,UK561M200N300AP4APR,507
2026-09-01T00:00:00,A,2026-09-01T12:00:00,3164 制造六处老化选别,6D0009,SF313-2608000302,43,UK561M200N300AP4APR,188
2026-09-01T00:00:00,A,2026-09-01T12:00:00,3164 制造六处老化选别,6D0009,SF313-2608000302,45,UK561M200N300AP4APR,432
2026-09-01T00:00:00,A,2026-09-01T17:00:00,3161 制造六处釘卷,6DD116,SF313-2608000383,23,UK561M200N300AP4APR,492
2026-09-01T00:00:00,A,2026-09-01T17:00:00,3161 制造六处釘卷,6DD116,SF313-2608000383,25,UK561M200N300AP4APR,390
2026-09-01T00:00:00,A,2026-09-01T17:00:00,3161 制造六处釘卷,6DD116,SF313-2608000383,37,UK561M200N300AP4APR,756
2026-09-01T00:00:00,A,2026-09-01T17:00:00,3161 制造六处釘卷,6DD117,SF313-2608000382,35,UK561M200N300AP4APR,444
2026-09-01T00:00:00,A,2026-09-01T17:00:00,3161 制造六处釘卷,6DD117,SF313-2608000382,37,UK561M200N300AP4APR,672
2026-09-01T00:00:00,A,2026-09-01T17:00:00,3161 制造六处釘卷,6DD119,SF313-2608000382,36,UK561M200N300AP4APR,720
2026-09-01T00:00:00,A,2026-09-01T17:00:00,3161 制造六处釘卷,6DD121,SF313-2608000383,24,UK561M200N300AP4APR,402
2026-09-01T00:00:00,A,2026-09-01T17:00:00,3161 制造六处釘卷,6DD121,SF313-2608000383,26,UK561M200N300AP4APR,502
2026-09-01T00:00:00,A,2026-09-01T17:00:00,3161 制造六处釘卷,6DD121,SF313-2608000383,36,UK561M200N300AP4APR,396
2026-09-01T00:00:00,A,2026-09-01T17:00:00,3162 制造六处自动组立套胶,6B0007,SF313-2608000382,17,UK561M200N300AP4APR,535
2026-09-01T00:00:00,A,2026-09-01T17:00:00,3162 制造六处自动组立套胶,6B0007,SF313-2608000383,14,UK561M200N300AP4APR,484
2026-09-01T00:00:00,A,2026-09-01T17:00:00,3162 制造六处自动组立套胶,6B0007,SF313-2608000383,20,UK561M200N300AP4APR,667
2026-09-01T00:00:00,A,2026-09-01T17:00:00,3162 制造六处自动组立套胶,6B0009,SF313-2608000304,36,UK561M200N300AP4APR,730
2026-09-01T00:00:00,A,2026-09-01T17:00:00,3162 制造六处自动组立套胶,6B0009,SF313-2608000383,2,UK561M200N300AP4APR,754
2026-09-01T00:00:00,A,2026-09-01T17:00:00,3162 制造六处自动组立套胶,6B0012,SF313-2608000383,24,UK561M200N300AP4APR,114
2026-09-01T00:00:00,A,2026-09-01T17:00:00,3162 制造六处自动组立套胶,6B0012,SF313-2608000383,25,UK561M200N300AP4APR,390
2026-09-01T00:00:00,A,2026-09-01T17:00:00,3162 制造六处自动组立套胶,6B0012,SF313-2608000383,26,UK561M200N300AP4APR,251
2026-09-01T00:00:00,A,2026-09-01T17:00:00,3162 制造六处自动组立套胶,6B0012,SF313-2608000384,13,UK561M200N300AP4APR,644
2026-09-01T00:00:00,A,2026-09-01T17:00:00,3164 制造六处老化选别,6D0005,SF313-2608000302,33,UK561M200N300AP4APR,741
2026-09-01T00:00:00,A,2026-09-01T17:00:00,3164 制造六处老化选别,6D0005,SF313-2608000302,46,UK561M200N300AP4APR,435
2026-09-01T00:00:00,A,2026-09-01T17:00:00,3164 制造六处老化选别,6D0005,SF313-2608000304,8,UK561M200N300AP4APR,498
2026-09-01T00:00:00,A,2026-09-01T17:00:00,3164 制造六处老化选别,6D0005,SF313-2608000304,23,UK561M200N300AP4APR,763
2026-09-01T00:00:00,A,2026-09-01T17:00:00,3164 制造六处老化选别,6D0005,SF313-2608000304,27,UK561M200N300AP4APR,571
2026-09-01T00:00:00,A,2026-09-01T17:00:00,3164 制造六处老化选别,6D0005,SF313-2608000304,31,UK561M200N300AP4APR,471
2026-09-01T00:00:00,A,2026-09-01T17:00:00,3164 制造六处老化选别,6D0005,SF313-2608000384,1,UK561M200N300AP4APR,439
2026-09-01T00:00:00,A,2026-09-01T17:00:00,3164 制造六处老化选别,6D0005,SF313-2608000384,10,UK561M200N300AP4APR,596
2026-09-01T00:00:00,A,2026-09-01T17:00:00,3164 制造六处老化选别,6D0005,SF313-2608000384,12,UK561M200N300AP4APR,644
2026-09-01T00:00:00,A,2026-09-01T17:00:00,3164 制造六处老化选别,6D0009,SF313-2608000302,39,UK561M200N300AP4APR,730
2026-09-01T00:00:00,A,2026-09-01T17:00:00,3164 制造六处老化选别,6D0009,SF313-2608000302,43,UK561M200N300AP4APR,414
2026-09-01T00:00:00,A,2026-09-01T17:00:00,3164 制造六处老化选别,6D0009,SF313-2608000302,45,UK561M200N300AP4APR,654
2026-09-01T00:00:00,B,2026-09-02T00:00:00,3161 制造六处釘卷,6DD116,SF313-2608000383,27,UK561M200N300AP4APR,264
2026-09-01T00:00:00,B,2026-09-02T00:00:00,3161 制造六处釘卷,6DD116,SF313-2608000383,29,UK561M200N300AP4APR,192
2026-09-01T00:00:00,B,2026-09-02T00:00:00,3161 制造六处釘卷,6DD116,SF313-2608000383,31,UK561M200N300AP4APR,252
2026-09-01T00:00:00,B,2026-09-02T00:00:00,3161 制造六处釘卷,6DD116,SF313-2608000383,33,UK561M200N300AP4APR,240
2026-09-01T00:00:00,B,2026-09-02T00:00:00,3161 制造六处釘卷,6DD116,SF313-2608000383,35,UK561M200N300AP4APR,492
2026-09-01T00:00:00,B,2026-09-02T00:00:00,3161 制造六处釘卷,6DD117,SF313-2608000382,23,UK561M200N300AP4APR,312
2026-09-01T00:00:00,B,2026-09-02T00:00:00,3161 制造六处釘卷,6DD117,SF313-2608000382,25,UK561M200N300AP4APR,576
2026-09-01T00:00:00,B,2026-09-02T00:00:00,3161 制造六处釘卷,6DD117,SF313-2608000382,27,UK561M200N300AP4APR,480
2026-09-01T00:00:00,B,2026-09-02T00:00:00,3161 制造六处釘卷,6DD117,SF313-2608000382,29,UK561M200N300AP4APR,528
2026-09-01T00:00:00,B,2026-09-02T00:00:00,3161 制造六处釘卷,6DD117,SF313-2608000382,31,UK561M200N300AP4APR,360
2026-09-01T00:00:00,B,2026-09-02T00:00:00,3161 制造六处釘卷,6DD117,SF313-2608000382,33,UK561M200N300AP4APR,576
2026-09-01T00:00:00,B,2026-09-02T00:00:00,3161 制造六处釘卷,6DD119,SF313-2608000382,18,UK561M200N300AP4APR,168
2026-09-01T00:00:00,B,2026-09-02T00:00:00,3161 制造六处釘卷,6DD119,SF313-2608000382,20,UK561M200N300AP4APR,180
2026-09-01T00:00:00,B,2026-09-02T00:00:00,3161 制造六处釘卷,6DD119,SF313-2608000382,22,UK561M200N300AP4APR,408
2026-09-01T00:00:00,B,2026-09-02T00:00:00,3161 制造六处釘卷,6DD119,SF313-2608000382,24,UK561M200N300AP4APR,360
2026-09-01T00:00:00,B,2026-09-02T00:00:00,3161 制造六处釘卷,6DD119,SF313-2608000382,26,UK561M200N300AP4APR,576
2026-09-01T00:00:00,B,2026-09-02T00:00:00,3161 制造六处釘卷,6DD119,SF313-2608000382,28,UK561M200N300AP4APR,180
2026-09-01T00:00:00,B,2026-09-02T00:00:00,3161 制造六处釘卷,6DD119,SF313-2608000382,30,UK561M200N300AP4APR,552
2026-09-01T00:00:00,B,2026-09-02T00:00:00,3161 制造六处釘卷,6DD119,SF313-2608000382,32,UK561M200N300AP4APR,444
2026-09-01T00:00:00,B,2026-09-02T00:00:00,3161 制造六处釘卷,6DD119,SF313-2608000382,34,UK561M200N300AP4APR,240
2026-09-01T00:00:00,B,2026-09-02T00:00:00,3161 制造六处釘卷,6DD121,SF313-2608000383,28,UK561M200N300AP4APR,564
2026-09-01T00:00:00,B,2026-09-02T00:00:00,3161 制造六处釘卷,6DD121,SF313-2608000383,30,UK561M200N300AP4APR,516
2026-09-01T00:00:00,B,2026-09-02T00:00:00,3161 制造六处釘卷,6DD121,SF313-2608000383,32,UK561M200N300AP4APR,324
2026-09-01T00:00:00,B,2026-09-02T00:00:00,3161 制造六处釘卷,6DD121,SF313-2608000383,34,UK561M200N300AP4APR,468
2026-09-01T00:00:00,B,2026-09-02T00:00:00,3162 制造六处自动组立套胶,6B0007,SF313-2608000382,6,UK561M200N300AP4APR,224
2026-09-01T00:00:00,B,2026-09-02T00:00:00,3162 制造六处自动组立套胶,6B0007,SF313-2608000382,8,UK561M200N300AP4APR,464
2026-09-01T00:00:00,B,2026-09-02T00:00:00,3162 制造六处自动组立套胶,6B0007,SF313-2608000382,13,UK561M200N300AP4APR,298
2026-09-01T00:00:00,B,2026-09-02T00:00:00,3162 制造六处自动组立套胶,6B0007,SF313-2608000382,19,UK561M200N300AP4APR,322
2026-09-01T00:00:00,B,2026-09-02T00:00:00,3162 制造六处自动组立套胶,6B0007,SF313-2608000383,13,UK561M200N300AP4APR,225
2026-09-01T00:00:00,B,2026-09-02T00:00:00,3162 制造六处自动组立套胶,6B0007,SF313-2608000383,15,UK561M200N300AP4APR,309
2026-09-01T00:00:00,B,2026-09-02T00:00:00,3162 制造六处自动组立套胶,6B0007,SF313-2608000383,17,UK561M200N300AP4APR,343
2026-09-01T00:00:00,B,2026-09-02T00:00:00,3162 制造六处自动组立套胶,6B0007,SF313-2608000384,15,UK561M200N300AP4APR,186
2026-09-01T00:00:00,B,2026-09-02T00:00:00,3162 制造六处自动组立套胶,6B0009,SF313-2608000383,1,UK561M200N300AP4APR,359
2026-09-01T00:00:00,B,2026-09-02T00:00:00,3162 制造六处自动组立套胶,6B0009,SF313-2608000383,3,UK561M200N300AP4APR,577
2026-09-01T00:00:00,B,2026-09-02T00:00:00,3162 制造六处自动组立套胶,6B0009,SF313-2608000383,4,UK561M200N300AP4APR,580
2026-09-01T00:00:00,B,2026-09-02T00:00:00,3162 制造六处自动组立套胶,6B0012,SF313-2608000382,2,UK561M200N300AP4APR,468
2026-09-01T00:00:00,B,2026-09-02T00:00:00,3162 制造六处自动组立套胶,6B0012,SF313-2608000382,14,UK561M200N300AP4APR,383
2026-09-01T00:00:00,B,2026-09-02T00:00:00,3162 制造六处自动组立套胶,6B0012,SF313-2608000384,5,UK561M200N300AP4APR,467
2026-09-01T00:00:00,B,2026-09-02T00:00:00,3162 制造六处自动组立套胶,6B0012,SF313-2608000384,6,UK561M200N300AP4APR,467
2026-09-01T00:00:00,B,2026-09-02T00:00:00,3162 制造六处自动组立套胶,6B0012,SF313-2608000384,8,UK561M200N300AP4APR,500
2026-09-01T00:00:00,B,2026-09-02T00:00:00,3162 制造六处自动组立套胶,6B0012,SF313-2608000384,9,UK561M200N300AP4APR,390
2026-09-01T00:00:00,B,2026-09-02T00:00:00,3162 制造六处自动组立套胶,6B0012,SF313-2608000384,16,UK561M200N300AP4APR,192
2026-09-01T00:00:00,B,2026-09-02T00:00:00,3162 制造六处自动组立套胶,6B0012,SF313-2608000384,17,UK561M200N300AP4APR,269
2026-09-01T00:00:00,B,2026-09-02T00:00:00,3164 制造六处老化选别,6D0005,SF313-2608000302,34,UK561M200N300AP4APR,423
2026-09-01T00:00:00,B,2026-09-02T00:00:00,3164 制造六处老化选别,6D0005,SF313-2608000382,5,UK561M200N300AP4APR,268
2026-09-01T00:00:00,B,2026-09-02T00:00:00,3164 制造六处老化选别,6D0005,SF313-2608000382,9,UK561M200N300AP4APR,311
2026-09-01T00:00:00,B,2026-09-02T00:00:00,3164 制造六处老化选别,6D0005,SF313-2608000383,5,UK561M200N300AP4APR,275
2026-09-01T00:00:00,B,2026-09-02T00:00:00,3164 制造六处老化选别,6D0005,SF313-2608000383,6,UK561M200N300AP4APR,548
2026-09-01T00:00:00,B,2026-09-02T00:00:00,3164 制造六处老化选别,6D0005,SF313-2608000383,8,UK561M200N300AP4APR,346
2026-09-01T00:00:00,B,2026-09-02T00:00:00,3164 制造六处老化选别,6D0005,SF313-2608000383,9,UK561M200N300AP4APR,334
2026-09-01T00:00:00,B,2026-09-02T00:00:00,3164 制造六处老化选别,6D0005,SF313-2608000383,10,UK561M200N300AP4APR,309
2026-09-01T00:00:00,B,2026-09-02T00:00:00,3164 制造六处老化选别,6D0005,SF313-2608000384,2,UK561M200N300AP4APR,556
2026-09-01T00:00:00,B,2026-09-02T00:00:00,3164 制造六处老化选别,6D0005,SF313-2608000384,7,UK561M200N300AP4APR,167
2026-09-01T00:00:00,B,2026-09-02T00:00:00,3164 制造六处老化选别,6D0005,SF313-2608000384,11,UK561M200N300AP4APR,490
2026-09-01T00:00:00,B,2026-09-02T05:00:00,3161 制造六处釘卷,6DD116,SF313-2608000383,27,UK561M200N300AP4APR,480
2026-09-01T00:00:00,B,2026-09-02T05:00:00,3161 制造六处釘卷,6DD116,SF313-2608000383,29,UK561M200N300AP4APR,407
2026-09-01T00:00:00,B,2026-09-02T05:00:00,3161 制造六处釘卷,6DD116,SF313-2608000383,31,UK561M200N300AP4APR,468
2026-09-01T00:00:00,B,2026-09-02T05:00:00,3161 制造六处釘卷,6DD116,SF313-2608000383,33,UK561M200N300AP4APR,456
2026-09-01T00:00:00,B,2026-09-02T05:00:00,3161 制造六处釘卷,6DD116,SF313-2608000383,35,UK561M200N300AP4APR,708
2026-09-01T00:00:00,B,2026-09-02T05:00:00,3161 制造六处釘卷,6DD117,SF313-2608000382,23,UK561M200N300AP4APR,528
2026-09-01T00:00:00,B,2026-09-02T05:00:00,3161 制造六处釘卷,6DD117,SF313-2608000382,25,UK561M200N300AP4APR,792
2026-09-01T00:00:00,B,2026-09-02T05:00:00,3161 制造六处釘卷,6DD117,SF313-2608000382,27,UK561M200N300AP4APR,696
2026-09-01T00:00:00,B,2026-09-02T05:00:00,3161 制造六处釘卷,6DD117,SF313-2608000382,29,UK561M200N300AP4APR,744
2026-09-01T00:00:00,B,2026-09-02T05:00:00,3161 制造六处釘卷,6DD117,SF313-2608000382,31,UK561M200N300AP4APR,576
2026-09-01T00:00:00,B,2026-09-02T05:00:00,3161 制造六处釘卷,6DD117,SF313-2608000382,33,UK561M200N300AP4APR,792
2026-09-01T00:00:00,B,2026-09-02T05:00:00,3161 制造六处釘卷,6DD119,SF313-2608000382,18,UK561M200N300AP4APR,384
2026-09-01T00:00:00,B,2026-09-02T05:00:00,3161 制造六处釘卷,6DD119,SF313-2608000382,20,UK561M200N300AP4APR,396
2026-09-01T00:00:00,B,2026-09-02T05:00:00,3161 制造六处釘卷,6DD119,SF313-2608000382,22,UK561M200N300AP4APR,624
2026-09-01T00:00:00,B,2026-09-02T05:00:00,3161 制造六处釘卷,6DD119,SF313-2608000382,24,UK561M200N300AP4APR,576
2026-09-01T00:00:00,B,2026-09-02T05:00:00,3161 制造六处釘卷,6DD119,SF313-2608000382,26,UK561M200N300AP4APR,792
2026-09-01T00:00:00,B,2026-09-02T05:00:00,3161 制造六处釘卷,6DD119,SF313-2608000382,28,UK561M200N300AP4APR,396
2026-09-01T00:00:00,B,2026-09-02T05:00:00,3161 制造六处釘卷,6DD119,SF313-2608000382,30,UK561M200N300AP4APR,768
2026-09-01T00:00:00,B,2026-09-02T05:00:00,3161 制造六处釘卷,6DD119,SF313-2608000382,32,UK561M200N300AP4APR,660
2026-09-01T00:00:00,B,2026-09-02T05:00:00,3161 制造六处釘卷,6DD119,SF313-2608000382,34,UK561M200N300AP4APR,456
2026-09-01T00:00:00,B,2026-09-02T05:00:00,3161 制造六处釘卷,6DD121,SF313-2608000383,28,UK561M200N300AP4APR,780
2026-09-01T00:00:00,B,2026-09-02T05:00:00,3161 制造六处釘卷,6DD121,SF313-2608000383,30,UK561M200N300AP4APR,732
2026-09-01T00:00:00,B,2026-09-02T05:00:00,3161 制造六处釘卷,6DD121,SF313-2608000383,32,UK561M200N300AP4APR,540
2026-09-01T00:00:00,B,2026-09-02T05:00:00,3161 制造六处釘卷,6DD121,SF313-2608000383,34,UK561M200N300AP4APR,684
2026-09-01T00:00:00,B,2026-09-02T05:00:00,3162 制造六处自动组立套胶,6B0007,SF313-2608000382,6,UK561M200N300AP4APR,448
2026-09-01T00:00:00,B,2026-09-02T05:00:00,3162 制造六处自动组立套胶,6B0007,SF313-2608000382,8,UK561M200N300AP4APR,690
2026-09-01T00:00:00,B,2026-09-02T05:00:00,3162 制造六处自动组立套胶,6B0007,SF313-2608000382,13,UK561M200N300AP4APR,522
2026-09-01T00:00:00,B,2026-09-02T05:00:00,3162 制造六处自动组立套胶,6B0007,SF313-2608000382,19,UK561M200N300AP4APR,545
2026-09-01T00:00:00,B,2026-09-02T05:00:00,3162 制造六处自动组立套胶,6B0007,SF313-2608000383,13,UK561M200N300AP4APR,439
2026-09-01T00:00:00,B,2026-09-02T05:00:00,3162 制造六处自动组立套胶,6B0007,SF313-2608000383,15,UK561M200N300AP4APR,523
2026-09-01T00:00:00,B,2026-09-02T05:00:00,3162 制造六处自动组立套胶,6B0007,SF313-2608000383,17,UK561M200N300AP4APR,556
2026-09-01T00:00:00,B,2026-09-02T05:00:00,3162 制造六处自动组立套胶,6B0007,SF313-2608000384,15,UK561M200N300AP4APR,410
2026-09-01T00:00:00,B,2026-09-02T05:00:00,3162 制造六处自动组立套胶,6B0009,SF313-2608000383,1,UK561M200N300AP4APR,575
2026-09-01T00:00:00,B,2026-09-02T05:00:00,3162 制造六处自动组立套胶,6B0009,SF313-2608000383,3,UK561M200N300AP4APR,794
2026-09-01T00:00:00,B,2026-09-02T05:00:00,3162 制造六处自动组立套胶,6B0009,SF313-2608000383,4,UK561M200N300AP4APR,789
2026-09-01T00:00:00,B,2026-09-02T05:00:00,3162 制造六处自动组立套胶,6B0012,SF313-2608000382,2,UK561M200N300AP4APR,684
2026-09-01T00:00:00,B,2026-09-02T05:00:00,3162 制造六处自动组立套胶,6B0012,SF313-2608000382,14,UK561M200N300AP4APR,606
2026-09-01T00:00:00,B,2026-09-02T05:00:00,3162 制造六处自动组立套胶,6B0012,SF313-2608000384,5,UK561M200N300AP4APR,683
2026-09-01T00:00:00,B,2026-09-02T05:00:00,3162 制造六处自动组立套胶,6B0012,SF313-2608000384,6,UK561M200N300AP4APR,683
2026-09-01T00:00:00,B,2026-09-02T05:00:00,3162 制造六处自动组立套胶,6B0012,SF313-2608000384,8,UK561M200N300AP4APR,714
2026-09-01T00:00:00,B,2026-09-02T05:00:00,3162 制造六处自动组立套胶,6B0012,SF313-2608000384,9,UK561M200N300AP4APR,603
2026-09-01T00:00:00,B,2026-09-02T05:00:00,3162 制造六处自动组立套胶,6B0012,SF313-2608000384,16,UK561M200N300AP4APR,408
2026-09-01T00:00:00,B,2026-09-02T05:00:00,3162 制造六处自动组立套胶,6B0012,SF313-2608000384,17,UK561M200N300AP4APR,490
2026-09-01T00:00:00,B,2026-09-02T05:00:00,3164 制造六处老化选别,6D0005,SF313-2608000302,34,UK561M200N300AP4APR,640
2026-09-01T00:00:00,B,2026-09-02T05:00:00,3164 制造六处老化选别,6D0005,SF313-2608000382,5,UK561M200N300AP4APR,488
2026-09-01T00:00:00,B,2026-09-02T05:00:00,3164 制造六处老化选别,6D0005,SF313-2608000382,9,UK561M200N300AP4APR,534
2026-09-01T00:00:00,B,2026-09-02T05:00:00,3164 制造六处老化选别,6D0005,SF313-2608000383,5,UK561M200N300AP4APR,482
2026-09-01T00:00:00,B,2026-09-02T05:00:00,3164 制造六处老化选别,6D0005,SF313-2608000383,6,UK561M200N300AP4APR,759
2026-09-01T00:00:00,B,2026-09-02T05:00:00,3164 制造六处老化选别,6D0005,SF313-2608000383,8,UK561M200N300AP4APR,561
2026-09-01T00:00:00,B,2026-09-02T05:00:00,3164 制造六处老化选别,6D0005,SF313-2608000383,9,UK561M200N300AP4APR,542
2026-09-01T00:00:00,B,2026-09-02T05:00:00,3164 制造六处老化选别,6D0005,SF313-2608000383,10,UK561M200N300AP4APR,524
2026-09-01T00:00:00,B,2026-09-02T05:00:00,3164 制造六处老化选别,6D0005,SF313-2608000384,2,UK561M200N300AP4APR,813
2026-09-01T00:00:00,B,2026-09-02T05:00:00,3164 制造六处老化选别,6D0005,SF313-2608000384,7,UK561M200N300AP4APR,381
2026-09-01T00:00:00,B,2026-09-02T05:00:00,3164 制造六处老化选别,6D0005,SF313-2608000384,11,UK561M200N300AP4APR,706
2026-09-02T00:00:00,A,2026-09-02T12:00:00,3161 制造六处釘卷,6DD116,SF313-2608000383,39,UK561M200N300AP4APR,240
2026-09-02T00:00:00,A,2026-09-02T12:00:00,3161 制造六处釘卷,6DD117,SF313-2608000382,39,UK561M200N300AP4APR,336
2026-09-02T00:00:00,A,2026-09-02T12:00:00,3161 制造六处釘卷,6DD117,SF313-2608000382,41,UK561M200N300AP4APR,168
2026-09-02T00:00:00,A,2026-09-02T12:00:00,3161 制造六处釘卷,6DD119,SF313-2608000382,38,UK561M200N300AP4APR,288
2026-09-02T00:00:00,A,2026-09-02T12:00:00,3161 制造六处釘卷,6DD119,SF313-2608000382,42,UK561M200N300AP4APR,288
2026-09-02T00:00:00,A,2026-09-02T12:00:00,3161 制造六处釘卷,6DD121,SF313-2608000383,38,UK561M200N300AP4APR,576
2026-09-02T00:00:00,A,2026-09-02T12:00:00,3161 制造六处釘卷,6DD121,SF313-2608000383,42,UK561M200N300AP4APR,492
2026-09-02T00:00:00,A,2026-09-02T12:00:00,3162 制造六处自动组立套胶,6B0007,SF313-2608000382,24,UK561M200N300AP4APR,171
2026-09-02T00:00:00,A,2026-09-02T12:00:00,3162 制造六处自动组立套胶,6B0007,SF313-2608000382,25,UK561M200N300AP4APR,405
2026-09-02T00:00:00,A,2026-09-02T12:00:00,3162 制造六处自动组立套胶,6B0007,SF313-2608000382,27,UK561M200N300AP4APR,473
2026-09-02T00:00:00,A,2026-09-02T12:00:00,3162 制造六处自动组立套胶,6B0007,SF313-2608000382,31,UK561M200N300AP4APR,260
2026-09-02T00:00:00,A,2026-09-02T12:00:00,3162 制造六处自动组立套胶,6B0007,SF313-2608000383,18,UK561M200N300AP4APR,454
2026-09-02T00:00:00,A,2026-09-02T12:00:00,3162 制造六处自动组立套胶,6B0007,SF313-2608000383,19,UK561M200N300AP4APR,341
2026-09-02T00:00:00,A,2026-09-02T12:00:00,3162 制造六处自动组立套胶,6B0007,SF313-2608000383,22,UK561M200N300AP4APR,188
2026-09-02T00:00:00,A,2026-09-02T12:00:00,3162 制造六处自动组立套胶,6B0009,SF313-2608000304,29,UK561M200N300AP4APR,229
2026-09-02T00:00:00,A,2026-09-02T12:00:00,3162 制造六处自动组立套胶,6B0012,SF313-2608000382,10,UK561M200N300AP4APR,416
2026-09-02T00:00:00,A,2026-09-02T12:00:00,3162 制造六处自动组立套胶,6B0012,SF313-2608000382,12,UK561M200N300AP4APR,278
2026-09-02T00:00:00,A,2026-09-02T12:00:00,3162 制造六处自动组立套胶,6B0012,SF313-2608000382,15,UK561M200N300AP4APR,428
2026-09-02T00:00:00,A,2026-09-02T12:00:00,3162 制造六处自动组立套胶,6B0012,SF313-2608000382,16,UK561M200N300AP4APR,205
2026-09-02T00:00:00,A,2026-09-02T12:00:00,3162 制造六处自动组立套胶,6B0012,SF313-2608000382,20,UK561M200N300AP4APR,332
2026-09-02T00:00:00,A,2026-09-02T12:00:00,3162 制造六处自动组立套胶,6B0012,SF313-2608000382,22,UK561M200N300AP4APR,195
2026-09-02T00:00:00,A,2026-09-02T12:00:00,3162 制造六处自动组立套胶,6B0012,SF313-2608000382,23,UK561M200N300AP4APR,295
2026-09-02T00:00:00,A,2026-09-02T12:00:00,3162 制造六处自动组立套胶,6B0012,SF313-2608000383,16,UK561M200N300AP4APR,216
2026-09-02T00:00:00,A,2026-09-02T12:00:00,3164 制造六处老化选别,6D0005,SF313-2608000303,31,UK561M200N300AP4APR,480
2026-09-02T00:00:00,A,2026-09-02T12:00:00,3164 制造六处老化选别,6D0005,SF313-2608000304,35,UK561M200N300AP4APR,252
2026-09-02T00:00:00,A,2026-09-02T12:00:00,3164 制造六处老化选别,6D0005,SF313-2608000383,1,UK561M200N300AP4APR,610
2026-09-02T00:00:00,A,2026-09-02T12:00:00,3164 制造六处老化选别,6D0005,SF313-2608000383,2,UK561M200N300AP4APR,179
2026-09-02T00:00:00,A,2026-09-02T12:00:00,3164 制造六处老化选别,6D0005,SF313-2608000383,7,UK561M200N300AP4APR,221
2026-09-02T00:00:00,A,2026-09-02T12:00:00,3164 制造六处老化选别,6D0005,SF313-2608000383,16,UK561M200N300AP4APR,376
2026-09-02T00:00:00,A,2026-09-02T12:00:00,3164 制造六处老化选别,6D0005,SF313-2608000384,4,UK561M200N300AP4APR,583
2026-09-02T00:00:00,A,2026-09-02T12:00:00,3164 制造六处老化选别,6D0005,SF313-2608000384,17,UK561M200N300AP4APR,405
2026-09-02T00:00:00,A,2026-09-02T12:00:00,3164 制造六处老化选别,6D0009,SF313-2608000302,40,UK561M200N300AP4APR,616
2026-09-02T00:00:00,A,2026-09-02T12:00:00,3164 制造六处老化选别,6D0009,SF313-2608000304,36,UK561M200N300AP4APR,341
2026-09-02T00:00:00,A,2026-09-02T12:00:00,3164 制造六处老化选别,6D0009,SF313-2608000382,2,UK561M200N300AP4APR,516
2026-09-02T00:00:00,A,2026-09-02T12:00:00,3164 制造六处老化选别,6D0009,SF313-2608000382,6,UK561M200N300AP4APR,548
2026-09-02T00:00:00,A,2026-09-02T12:00:00,3164 制造六处老化选别,6D0009,SF313-2608000382,8,UK561M200N300AP4APR,614
2026-09-02T00:00:00,A,2026-09-02T12:00:00,3164 制造六处老化选别,6D0009,SF313-2608000382,19,UK561M200N300AP4APR,446
2026-09-02T00:00:00,A,2026-09-02T12:00:00,3164 制造六处老化选别,6D0009,SF313-2608000383,14,UK561M200N300AP4APR,378
2026-09-02T00:00:00,A,2026-09-02T12:00:00,3164 制造六处老化选别,6D0009,SF313-2608000384,8,UK561M200N300AP4APR,428
2026-09-02T00:00:00,A,2026-09-02T12:00:00,3164 制造六处老化选别,6D0009,SF313-2608000384,16,UK561M200N300AP4APR,374
2026-09-02T00:00:00,A,2026-09-02T17:00:00,3161 制造六处釘卷,6DD116,SF313-2608000383,39,UK561M200N300AP4APR,83
2026-09-02T00:00:00,A,2026-09-02T17:00:00,3161 制造六处釘卷,6DD117,SF313-2608000382,39,UK561M200N300AP4APR,324
2026-09-02T00:00:00,A,2026-09-02T17:00:00,3161 制造六处釘卷,6DD117,SF313-2608000382,41,UK561M200N300AP4APR,72
2026-09-02T00:00:00,A,2026-09-02T17:00:00,3161 制造六处釘卷,6DD119,SF313-2608000382,38,UK561M200N300AP4APR,83
2026-09-02T00:00:00,A,2026-09-02T17:00:00,3161 制造六处釘卷,6DD119,SF313-2608000382,42,UK561M200N300AP4APR,288
2026-09-02T00:00:00,A,2026-09-02T17:00:00,3161 制造六处釘卷,6DD121,SF313-2608000383,38,UK561M200N300AP4APR,0
2026-09-02T00:00:00,A,2026-09-02T17:00:00,3161 制造六处釘卷,6DD121,SF313-2608000383,42,UK561M200N300AP4APR,384
2026-09-02T00:00:00,A,2026-09-02T17:00:00,3162 制造六处自动组立套胶,6B0007,SF313-2608000382,24,UK561M200N300AP4APR,183
2026-09-02T00:00:00,A,2026-09-02T17:00:00,3162 制造六处自动组立套胶,6B0007,SF313-2608000382,25,UK561M200N300AP4APR,208
2026-09-02T00:00:00,A,2026-09-02T17:00:00,3162 制造六处自动组立套胶,6B0007,SF313-2608000382,27,UK561M200N300AP4APR,174
2026-09-02T00:00:00,A,2026-09-02T17:00:00,3162 制造六处自动组立套胶,6B0007,SF313-2608000382,31,UK561M200N300AP4APR,236
2026-09-02T00:00:00,A,2026-09-02T17:00:00,3162 制造六处自动组立套胶,6B0007,SF313-2608000383,18,UK561M200N300AP4APR,95
2026-09-02T00:00:00,A,2026-09-02T17:00:00,3162 制造六处自动组立套胶,6B0007,SF313-2608000383,19,UK561M200N300AP4APR,377
2026-09-02T00:00:00,A,2026-09-02T17:00:00,3162 制造六处自动组立套胶,6B0007,SF313-2608000383,22,UK561M200N300AP4APR,106
2026-09-02T00:00:00,A,2026-09-02T17:00:00,3162 制造六处自动组立套胶,6B0009,SF313-2608000304,29,UK561M200N300AP4APR,95
2026-09-02T00:00:00,A,2026-09-02T17:00:00,3162 制造六处自动组立套胶,6B0012,SF313-2608000382,10,UK561M200N300AP4APR,138
2026-09-02T00:00:00,A,2026-09-02T17:00:00,3162 制造六处自动组立套胶,6B0012,SF313-2608000382,12,UK561M200N300AP4APR,0
2026-09-02T00:00:00,A,2026-09-02T17:00:00,3162 制造六处自动组立套胶,6B0012,SF313-2608000382,15,UK561M200N300AP4APR,73
2026-09-02T00:00:00,A,2026-09-02T17:00:00,3162 制造六处自动组立套胶,6B0012,SF313-2608000382,16,UK561M200N300AP4APR,72
2026-09-02T00:00:00,A,2026-09-02T17:00:00,3162 制造六处自动组立套胶,6B0012,SF313-2608000382,20,UK561M200N300AP4APR,270
2026-09-02T00:00:00,A,2026-09-02T17:00:00,3162 制造六处自动组立套胶,6B0012,SF313-2608000382,22,UK561M200N300AP4APR,329
2026-09-02T00:00:00,A,2026-09-02T17:00:00,3162 制造六处自动组立套胶,6B0012,SF313-2608000382,23,UK561M200N300AP4APR,345
2026-09-02T00:00:00,A,2026-09-02T17:00:00,3162 制造六处自动组立套胶,6B0012,SF313-2608000383,16,UK561M200N300AP4APR,149
2026-09-02T00:00:00,A,2026-09-02T17:00:00,3164 制造六处老化选别,6D0005,SF313-2608000303,31,UK561M200N300AP4APR,372
2026-09-02T00:00:00,A,2026-09-02T17:00:00,3164 制造六处老化选别,6D0005,SF313-2608000304,35,UK561M200N300AP4APR,286
2026-09-02T00:00:00,A,2026-09-02T17:00:00,3164 制造六处老化选别,6D0005,SF313-2608000383,1,UK561M200N300AP4APR,143
2026-09-02T00:00:00,A,2026-09-02T17:00:00,3164 制造六处老化选别,6D0005,SF313-2608000383,2,UK561M200N300AP4APR,359
2026-09-02T00:00:00,A,2026-09-02T17:00:00,3164 制造六处老化选别,6D0005,SF313-2608000383,7,UK561M200N300AP4APR,93
2026-09-02T00:00:00,A,2026-09-02T17:00:00,3164 制造六处老化选别,6D0005,SF313-2608000383,16,UK561M200N300AP4APR,111
2026-09-02T00:00:00,A,2026-09-02T17:00:00,3164 制造六处老化选别,6D0005,SF313-2608000384,4,UK561M200N300AP4APR,214
2026-09-02T00:00:00,A,2026-09-02T17:00:00,3164 制造六处老化选别,6D0005,SF313-2608000384,17,UK561M200N300AP4APR,331
2026-09-02T00:00:00,A,2026-09-02T17:00:00,3164 制造六处老化选别,6D0009,SF313-2608000302,40,UK561M200N300AP4APR,229
2026-09-02T00:00:00,A,2026-09-02T17:00:00,3164 制造六处老化选别,6D0009,SF313-2608000304,36,UK561M200N300AP4APR,341
2026-09-02T00:00:00,A,2026-09-02T17:00:00,3164 制造六处老化选别,6D0009,SF313-2608000382,2,UK561M200N300AP4APR,336
2026-09-02T00:00:00,A,2026-09-02T17:00:00,3164 制造六处老化选别,6D0009,SF313-2608000382,6,UK561M200N300AP4APR,112
2026-09-02T00:00:00,A,2026-09-02T17:00:00,3164 制造六处老化选别,6D0009,SF313-2608000382,8,UK561M200N300AP4APR,389
2026-09-02T00:00:00,A,2026-09-02T17:00:00,3164 制造六处老化选别,6D0009,SF313-2608000382,19,UK561M200N300AP4APR,173
2026-09-02T00:00:00,A,2026-09-02T17:00:00,3164 制造六处老化选别,6D0009,SF313-2608000383,14,UK561M200N300AP4APR,295
2026-09-02T00:00:00,A,2026-09-02T17:00:00,3164 制造六处老化选别,6D0009,SF313-2608000384,8,UK561M200N300AP4APR,202
2026-09-02T00:00:00,A,2026-09-02T17:00:00,3164 制造六处老化选别,6D0009,SF313-2608000384,16,UK561M200N300AP4APR,217
2026-09-02T00:00:00,B,2026-09-03T00:00:00,3161 制造六处釘卷,6DD116,SF313-2608000383,41,UK561M200N300AP4APR,216
2026-09-02T00:00:00,B,2026-09-03T00:00:00,3161 制造六处釘卷,6DD116,SF313-2608000383,43,UK561M200N300AP4APR,384
2026-09-02T00:00:00,B,2026-09-03T00:00:00,3162 制造六处自动组立套胶,6B0007,SF313-2608000382,18,UK561M200N300AP4APR,298
2026-09-02T00:00:00,B,2026-09-03T00:00:00,3162 制造六处自动组立套胶,6B0007,SF313-2608000382,21,UK561M200N300AP4APR,170
2026-09-02T00:00:00,B,2026-09-03T00:00:00,3162 制造六处自动组立套胶,6B0007,SF313-2608000382,26,UK561M200N300AP4APR,322
2026-09-02T00:00:00,B,2026-09-03T00:00:00,3162 制造六处自动组立套胶,6B0007,SF313-2608000382,28,UK561M200N300AP4APR,609
2026-09-02T00:00:00,B,2026-09-03T00:00:00,3162 制造六处自动组立套胶,6B0007,SF313-2608000382,32,UK561M200N300AP4APR,358
2026-09-02T00:00:00,B,2026-09-03T00:00:00,3162 制造六处自动组立套胶,6B0007,SF313-2608000382,33,UK561M200N300AP4APR,529
2026-09-02T00:00:00,B,2026-09-03T00:00:00,3162 制造六处自动组立套胶,6B0007,SF313-2608000383,21,UK561M200N300AP4APR,532
2026-09-02T00:00:00,B,2026-09-03T00:00:00,3162 制造六处自动组立套胶,6B0007,SF313-2608000383,23,UK561M200N300AP4APR,211
2026-09-02T00:00:00,B,2026-09-03T00:00:00,3162 制造六处自动组立套胶,6B0012,SF313-2608000382,29,UK561M200N300AP4APR,405
2026-09-02T00:00:00,B,2026-09-03T00:00:00,3162 制造六处自动组立套胶,6B0012,SF313-2608000383,12,UK561M200N300AP4APR,198
2026-09-02T00:00:00,B,2026-09-03T00:00:00,3162 制造六处自动组立套胶,6B0012,SF313-2608000383,28,UK561M200N300AP4APR,288
2026-09-02T00:00:00,B,2026-09-03T00:00:00,3162 制造六处自动组立套胶,6B0012,SF313-2608000383,30,UK561M200N300AP4APR,445
2026-09-02T00:00:00,B,2026-09-03T00:00:00,3162 制造六处自动组立套胶,6B0012,SF313-2608000383,32,UK561M200N300AP4APR,432
2026-09-02T00:00:00,B,2026-09-03T00:00:00,3162 制造六处自动组立套胶,6B0012,SF313-2608000383,33,UK561M200N300AP4APR,592
2026-09-02T00:00:00,B,2026-09-03T00:00:00,3162 制造六处自动组立套胶,6B0012,SF313-2608000383,35,UK561M200N300AP4APR,491
2026-09-02T00:00:00,B,2026-09-03T00:00:00,3164 制造六处老化选别,6D0005,SF313-2608000304,21,UK561M200N300AP4APR,288
2026-09-02T00:00:00,B,2026-09-03T00:00:00,3164 制造六处老化选别,6D0005,SF313-2608000304,24,UK561M200N300AP4APR,436
2026-09-02T00:00:00,B,2026-09-03T00:00:00,3164 制造六处老化选别,6D0005,SF313-2608000382,1,UK561M200N300AP4APR,566
2026-09-02T00:00:00,B,2026-09-03T00:00:00,3164 制造六处老化选别,6D0005,SF313-2608000382,3,UK561M200N300AP4APR,412
2026-09-02T00:00:00,B,2026-09-03T00:00:00,3164 制造六处老化选别,6D0005,SF313-2608000382,7,UK561M200N300AP4APR,536
2026-09-02T00:00:00,B,2026-09-03T00:00:00,3164 制造六处老化选别,6D0005,SF313-2608000382,13,UK561M200N300AP4APR,398
2026-09-02T00:00:00,B,2026-09-03T00:00:00,3164 制造六处老化选别,6D0005,SF313-2608000383,3,UK561M200N300AP4APR,421
2026-09-02T00:00:00,B,2026-09-03T00:00:00,3164 制造六处老化选别,6D0005,SF313-2608000383,4,UK561M200N300AP4APR,394
2026-09-02T00:00:00,B,2026-09-03T00:00:00,3164 制造六处老化选别,6D0005,SF313-2608000383,11,UK561M200N300AP4APR,512
2026-09-02T00:00:00,B,2026-09-03T00:00:00,3164 制造六处老化选别,6D0009,SF313-2608000382,14,UK561M200N300AP4APR,495
2026-09-02T00:00:00,B,2026-09-03T00:00:00,3164 制造六处老化选别,6D0009,SF313-2608000383,13,UK561M200N300AP4APR,237
2026-09-02T00:00:00,B,2026-09-03T00:00:00,3164 制造六处老化选别,6D0009,SF313-2608000383,15,UK561M200N300AP4APR,451
2026-09-02T00:00:00,B,2026-09-03T00:00:00,3164 制造六处老化选别,6D0009,SF313-2608000383,17,UK561M200N300AP4APR,224
2026-09-02T00:00:00,B,2026-09-03T00:00:00,3164 制造六处老化选别,6D0009,SF313-2608000383,24,UK561M200N300AP4APR,204
2026-09-02T00:00:00,B,2026-09-03T00:00:00,3164 制造六处老化选别,6D0009,SF313-2608000383,25,UK561M200N300AP4APR,552
2026-09-02T00:00:00,B,2026-09-03T00:00:00,3164 制造六处老化选别,6D0009,SF313-2608000384,5,UK561M200N300AP4APR,515
2026-09-02T00:00:00,B,2026-09-03T00:00:00,3164 制造六处老化选别,6D0009,SF313-2608000384,6,UK561M200N300AP4APR,287
2026-09-02T00:00:00,B,2026-09-03T00:00:00,3164 制造六处老化选别,6D0009,SF313-2608000384,9,UK561M200N300AP4APR,567
2026-09-02T00:00:00,B,2026-09-03T00:00:00,3164 制造六处老化选别,6D0009,SF313-2608000384,13,UK561M200N300AP4APR,194
2026-09-02T00:00:00,B,2026-09-03T05:00:00,3161 制造六处釘卷,6DD116,SF313-2608000383,41,UK561M200N300AP4APR,0
2026-09-02T00:00:00,B,2026-09-03T05:00:00,3161 制造六处釘卷,6DD116,SF313-2608000383,43,UK561M200N300AP4APR,228
2026-09-02T00:00:00,B,2026-09-03T05:00:00,3162 制造六处自动组立套胶,6B0007,SF313-2608000382,18,UK561M200N300AP4APR,360
2026-09-02T00:00:00,B,2026-09-03T05:00:00,3162 制造六处自动组立套胶,6B0007,SF313-2608000382,21,UK561M200N300AP4APR,194
2026-09-02T00:00:00,B,2026-09-03T05:00:00,3162 制造六处自动组立套胶,6B0007,SF313-2608000382,26,UK561M200N300AP4APR,260
2026-09-02T00:00:00,B,2026-09-03T05:00:00,3162 制造六处自动组立套胶,6B0007,SF313-2608000382,28,UK561M200N300AP4APR,266
2026-09-02T00:00:00,B,2026-09-03T05:00:00,3162 制造六处自动组立套胶,6B0007,SF313-2608000382,32,UK561M200N300AP4APR,275
2026-09-02T00:00:00,B,2026-09-03T05:00:00,3162 制造六处自动组立套胶,6B0007,SF313-2608000382,33,UK561M200N300AP4APR,192
2026-09-02T00:00:00,B,2026-09-03T05:00:00,3162 制造六处自动组立套胶,6B0007,SF313-2608000383,21,UK561M200N300AP4APR,165
2026-09-02T00:00:00,B,2026-09-03T05:00:00,3162 制造六处自动组立套胶,6B0007,SF313-2608000383,23,UK561M200N300AP4APR,305
2026-09-02T00:00:00,B,2026-09-03T05:00:00,3162 制造六处自动组立套胶,6B0012,SF313-2608000382,29,UK561M200N300AP4APR,357
2026-09-02T00:00:00,B,2026-09-03T05:00:00,3162 制造六处自动组立套胶,6B0012,SF313-2608000383,12,UK561M200N300AP4APR,269
2026-09-02T00:00:00,B,2026-09-03T05:00:00,3162 制造六处自动组立套胶,6B0012,SF313-2608000383,28,UK561M200N300AP4APR,252
2026-09-02T00:00:00,B,2026-09-03T05:00:00,3162 制造六处自动组立套胶,6B0012,SF313-2608000383,30,UK561M200N300AP4APR,324
2026-09-02T00:00:00,B,2026-09-03T05:00:00,3162 制造六处自动组立套胶,6B0012,SF313-2608000383,32,UK561M200N300AP4APR,360
2026-09-02T00:00:00,B,2026-09-03T05:00:00,3162 制造六处自动组立套胶,6B0012,SF313-2608000383,33,UK561M200N300AP4APR,193
2026-09-02T00:00:00,B,2026-09-03T05:00:00,3162 制造六处自动组立套胶,6B0012,SF313-2608000383,35,UK561M200N300AP4APR,71
2026-09-02T00:00:00,B,2026-09-03T05:00:00,3164 制造六处老化选别,6D0005,SF313-2608000304,21,UK561M200N300AP4APR,401
2026-09-02T00:00:00,B,2026-09-03T05:00:00,3164 制造六处老化选别,6D0005,SF313-2608000304,24,UK561M200N300AP4APR,262
2026-09-02T00:00:00,B,2026-09-03T05:00:00,3164 制造六处老化选别,6D0005,SF313-2608000382,1,UK561M200N300AP4APR,160
2026-09-02T00:00:00,B,2026-09-03T05:00:00,3164 制造六处老化选别,6D0005,SF313-2608000382,3,UK561M200N300AP4APR,350
2026-09-02T00:00:00,B,2026-09-03T05:00:00,3164 制造六处老化选别,6D0005,SF313-2608000382,7,UK561M200N300AP4APR,374
2026-09-02T00:00:00,B,2026-09-03T05:00:00,3164 制造六处老化选别,6D0005,SF313-2608000382,13,UK561M200N300AP4APR,111
2026-09-02T00:00:00,B,2026-09-03T05:00:00,3164 制造六处老化选别,6D0005,SF313-2608000383,3,UK561M200N300AP4APR,192
2026-09-02T00:00:00,B,2026-09-03T05:00:00,3164 制造六处老化选别,6D0005,SF313-2608000383,4,UK561M200N300AP4APR,267
2026-09-02T00:00:00,B,2026-09-03T05:00:00,3164 制造六处老化选别,6D0005,SF313-2608000383,11,UK561M200N300AP4APR,154
2026-09-02T00:00:00,B,2026-09-03T05:00:00,3164 制造六处老化选别,6D0009,SF313-2608000382,14,UK561M200N300AP4APR,148
2026-09-02T00:00:00,B,2026-09-03T05:00:00,3164 制造六处老化选别,6D0009,SF313-2608000383,13,UK561M200N300AP4APR,273
2026-09-02T00:00:00,B,2026-09-03T05:00:00,3164 制造六处老化选别,6D0009,SF313-2608000383,15,UK561M200N300AP4APR,225
2026-09-02T00:00:00,B,2026-09-03T05:00:00,3164 制造六处老化选别,6D0009,SF313-2608000383,17,UK561M200N300AP4APR,367
2026-09-02T00:00:00,B,2026-09-03T05:00:00,3164 制造六处老化选别,6D0009,SF313-2608000383,24,UK561M200N300AP4APR,132
2026-09-02T00:00:00,B,2026-09-03T05:00:00,3164 制造六处老化选别,6D0009,SF313-2608000383,25,UK561M200N300AP4APR,336
2026-09-02T00:00:00,B,2026-09-03T05:00:00,3164 制造六处老化选别,6D0009,SF313-2608000384,5,UK561M200N300AP4APR,143
2026-09-02T00:00:00,B,2026-09-03T05:00:00,3164 制造六处老化选别,6D0009,SF313-2608000384,6,UK561M200N300AP4APR,227
2026-09-02T00:00:00,B,2026-09-03T05:00:00,3164 制造六处老化选别,6D0009,SF313-2608000384,9,UK561M200N300AP4APR,343
2026-09-02T00:00:00,B,2026-09-03T05:00:00,3164 制造六处老化选别,6D0009,SF313-2608000384,13,UK561M200N300AP4APR,97
2026-09-03T00:00:00,A,2026-09-03T12:00:00,3162 制造六处自动组立套胶,6B0007,SF313-2608000382,37,UK561M200N300AP4APR,516
2026-09-03T00:00:00,A,2026-09-03T12:00:00,3162 制造六处自动组立套胶,6B0007,SF313-2608000382,38,UK561M200N300AP4APR,304
2026-09-03T00:00:00,A,2026-09-03T12:00:00,3162 制造六处自动组立套胶,6B0007,SF313-2608000382,42,UK561M200N300AP4APR,360
2026-09-03T00:00:00,A,2026-09-03T12:00:00,3162 制造六处自动组立套胶,6B0007,SF313-2608000383,27,UK561M200N300AP4APR,313
2026-09-03T00:00:00,A,2026-09-03T12:00:00,3162 制造六处自动组立套胶,6B0007,SF313-2608000383,29,UK561M200N300AP4APR,360
2026-09-03T00:00:00,A,2026-09-03T12:00:00,3162 制造六处自动组立套胶,6B0007,SF313-2608000383,31,UK561M200N300AP4APR,205
2026-09-03T00:00:00,A,2026-09-03T12:00:00,3162 制造六处自动组立套胶,6B0012,SF313-2608000382,11,UK561M200N300AP4APR,472
2026-09-03T00:00:00,A,2026-09-03T12:00:00,3162 制造六处自动组立套胶,6B0012,SF313-2608000382,30,UK561M200N300AP4APR,385
2026-09-03T00:00:00,A,2026-09-03T12:00:00,3162 制造六处自动组立套胶,6B0012,SF313-2608000382,34,UK561M200N300AP4APR,278
2026-09-03T00:00:00,A,2026-09-03T12:00:00,3162 制造六处自动组立套胶,6B0012,SF313-2608000383,34,UK561M200N300AP4APR,247
2026-09-03T00:00:00,A,2026-09-03T12:00:00,3162 制造六处自动组立套胶,6B0012,SF313-2608000383,42,UK561M200N300AP4APR,600
2026-09-03T00:00:00,A,2026-09-03T12:00:00,3164 制造六处老化选别,6D0005,SF313-2608000382,16,UK561M200N300AP4APR,617
2026-09-03T00:00:00,A,2026-09-03T12:00:00,3164 制造六处老化选别,6D0005,SF313-2608000382,20,UK561M200N300AP4APR,430
2026-09-03T00:00:00,A,2026-09-03T12:00:00,3164 制造六处老化选别,6D0005,SF313-2608000382,22,UK561M200N300AP4APR,451
2026-09-03T00:00:00,A,2026-09-03T12:00:00,3164 制造六处老化选别,6D0005,SF313-2608000382,24,UK561M200N300AP4APR,612
2026-09-03T00:00:00,A,2026-09-03T12:00:00,3164 制造六处老化选别,6D0005,SF313-2608000382,29,UK561M200N300AP4APR,464
2026-09-03T00:00:00,A,2026-09-03T12:00:00,3164 制造六处老化选别,6D0005,SF313-2608000382,32,UK561M200N300AP4APR,609
2026-09-03T00:00:00,A,2026-09-03T12:00:00,3164 制造六处老化选别,6D0005,SF313-2608000383,22,UK561M200N300AP4APR,496
2026-09-03T00:00:00,A,2026-09-03T12:00:00,3164 制造六处老化选别,6D0005,SF313-2608000383,35,UK561M200N300AP4APR,575
2026-09-03T00:00:00,A,2026-09-03T12:00:00,3164 制造六处老化选别,6D0005,SF313-2608000384,15,UK561M200N300AP4APR,609
2026-09-03T00:00:00,A,2026-09-03T12:00:00,3164 制造六处老化选别,6D0009,SF313-2608000382,18,UK561M200N300AP4APR,335
2026-09-03T00:00:00,A,2026-09-03T12:00:00,3164 制造六处老化选别,6D0009,SF313-2608000382,21,UK561M200N300AP4APR,401
2026-09-03T00:00:00,A,2026-09-03T12:00:00,3164 制造六处老化选别,6D0009,SF313-2608000382,30,UK561M200N300AP4APR,231
2026-09-03T00:00:00,A,2026-09-03T12:00:00,3164 制造六处老化选别,6D0009,SF313-2608000383,18,UK561M200N300AP4APR,430
2026-09-03T00:00:00,A,2026-09-03T12:00:00,3164 制造六处老化选别,6D0009,SF313-2608000383,19,UK561M200N300AP4APR,471
2026-09-03T00:00:00,A,2026-09-03T12:00:00,3164 制造六处老化选别,6D0009,SF313-2608000383,20,UK561M200N300AP4APR,281
2026-09-03T00:00:00,A,2026-09-03T12:00:00,3164 制造六处老化选别,6D0009,SF313-2608000383,26,UK561M200N300AP4APR,550
2026-09-03T00:00:00,A,2026-09-03T12:00:00,3164 制造六处老化选别,6D0009,SF313-2608000383,33,UK561M200N300AP4APR,483
2026-09-03T00:00:00,A,2026-09-03T12:00:00,3164 制造六处老化选别,6D0009,SF313-2608000383,34,UK561M200N300AP4APR,49
2026-09-03T00:00:00,A,2026-09-03T17:00:00,3162 制造六处自动组立套胶,6B0007,SF313-2608000382,37,UK561M200N300AP4APR,160
2026-09-03T00:00:00,A,2026-09-03T17:00:00,3162 制造六处自动组立套胶,6B0007,SF313-2608000382,38,UK561M200N300AP4APR,0
2026-09-03T00:00:00,A,2026-09-03T17:00:00,3162 制造六处自动组立套胶,6B0007,SF313-2608000382,42,UK561M200N300AP4APR,302
2026-09-03T00:00:00,A,2026-09-03T17:00:00,3162 制造六处自动组立套胶,6B0007,SF313-2608000383,27,UK561M200N300AP4APR,313
2026-09-03T00:00:00,A,2026-09-03T17:00:00,3162 制造六处自动组立套胶,6B0007,SF313-2608000383,29,UK561M200N300AP4APR,0
2026-09-03T00:00:00,A,2026-09-03T17:00:00,3162 制造六处自动组立套胶,6B0007,SF313-2608000383,31,UK561M200N300AP4APR,180
2026-09-03T00:00:00,A,2026-09-03T17:00:00,3162 制造六处自动组立套胶,6B0012,SF313-2608000382,11,UK561M200N300AP4APR,0
2026-09-03T00:00:00,A,2026-09-03T17:00:00,3162 制造六处自动组立套胶,6B0012,SF313-2608000382,30,UK561M200N300AP4APR,111
2026-09-03T00:00:00,A,2026-09-03T17:00:00,3162 制造六处自动组立套胶,6B0012,SF313-2608000382,34,UK561M200N300AP4APR,157
2026-09-03T00:00:00,A,2026-09-03T17:00:00,3162 制造六处自动组立套胶,6B0012,SF313-2608000383,34,UK561M200N300AP4APR,35
2026-09-03T00:00:00,A,2026-09-03T17:00:00,3162 制造六处自动组立套胶,6B0012,SF313-2608000383,42,UK561M200N300AP4APR,282
2026-09-03T00:00:00,A,2026-09-03T17:00:00,3164 制造六处老化选别,6D0005,SF313-2608000382,16,UK561M200N300AP4APR,229
2026-09-03T00:00:00,A,2026-09-03T17:00:00,3164 制造六处老化选别,6D0005,SF313-2608000382,20,UK561M200N300AP4APR,221
2026-09-03T00:00:00,A,2026-09-03T17:00:00,3164 制造六处老化选别,6D0005,SF313-2608000382,22,UK561M200N300AP4APR,280
2026-09-03T00:00:00,A,2026-09-03T17:00:00,3164 制造六处老化选别,6D0005,SF313-2608000382,24,UK561M200N300AP4APR,134
2026-09-03T00:00:00,A,2026-09-03T17:00:00,3164 制造六处老化选别,6D0005,SF313-2608000382,29,UK561M200N300AP4APR,345
2026-09-03T00:00:00,A,2026-09-03T17:00:00,3164 制造六处老化选别,6D0005,SF313-2608000382,32,UK561M200N300AP4APR,239
2026-09-03T00:00:00,A,2026-09-03T17:00:00,3164 制造六处老化选别,6D0005,SF313-2608000383,22,UK561M200N300AP4APR,118
2026-09-03T00:00:00,A,2026-09-03T17:00:00,3164 制造六处老化选别,6D0005,SF313-2608000383,35,UK561M200N300AP4APR,311
2026-09-03T00:00:00,A,2026-09-03T17:00:00,3164 制造六处老化选别,6D0005,SF313-2608000384,15,UK561M200N300AP4APR,198
2026-09-03T00:00:00,A,2026-09-03T17:00:00,3164 制造六处老化选别,6D0009,SF313-2608000382,18,UK561M200N300AP4APR,397
2026-09-03T00:00:00,A,2026-09-03T17:00:00,3164 制造六处老化选别,6D0009,SF313-2608000382,21,UK561M200N300AP4APR,243
2026-09-03T00:00:00,A,2026-09-03T17:00:00,3164 制造六处老化选别,6D0009,SF313-2608000382,30,UK561M200N300AP4APR,154
2026-09-03T00:00:00,A,2026-09-03T17:00:00,3164 制造六处老化选别,6D0009,SF313-2608000383,18,UK561M200N300AP4APR,191
2026-09-03T00:00:00,A,2026-09-03T17:00:00,3164 制造六处老化选别,6D0009,SF313-2608000383,19,UK561M200N300AP4APR,353
2026-09-03T00:00:00,A,2026-09-03T17:00:00,3164 制造六处老化选别,6D0009,SF313-2608000383,20,UK561M200N300AP4APR,175
2026-09-03T00:00:00,A,2026-09-03T17:00:00,3164 制造六处老化选别,6D0009,SF313-2608000383,26,UK561M200N300AP4APR,263
2026-09-03T00:00:00,A,2026-09-03T17:00:00,3164 制造六处老化选别,6D0009,SF313-2608000383,33,UK561M200N300AP4APR,145
2026-09-03T00:00:00,A,2026-09-03T17:00:00,3164 制造六处老化选别,6D0009,SF313-2608000383,34,UK561M200N300AP4APR,59
2026-09-03T00:00:00,B,2026-09-04T00:00:00,3162 制造六处自动组立套胶,6B0007,SF313-2608000382,36,UK561M200N300AP4APR,547
2026-09-03T00:00:00,B,2026-09-04T00:00:00,3162 制造六处自动组立套胶,6B0007,SF313-2608000383,36,UK561M200N300AP4APR,486
2026-09-03T00:00:00,B,2026-09-04T00:00:00,3162 制造六处自动组立套胶,6B0007,SF313-2608000383,37,UK561M200N300AP4APR,241
2026-09-03T00:00:00,B,2026-09-04T00:00:00,3162 制造六处自动组立套胶,6B0007,SF313-2608000383,38,UK561M200N300AP4APR,532
2026-09-03T00:00:00,B,2026-09-04T00:00:00,3162 制造六处自动组立套胶,6B0007,SF313-2608000383,39,UK561M200N300AP4APR,216
2026-09-03T00:00:00,B,2026-09-04T00:00:00,3164 制造六处老化选别,6D0005,SF313-2608000382,10,UK561M200N300AP4APR,391
2026-09-03T00:00:00,B,2026-09-04T00:00:00,3164 制造六处老化选别,6D0005,SF313-2608000382,12,UK561M200N300AP4APR,530
2026-09-03T00:00:00,B,2026-09-04T00:00:00,3164 制造六处老化选别,6D0005,SF313-2608000382,17,UK561M200N300AP4APR,423
2026-09-03T00:00:00,B,2026-09-04T00:00:00,3164 制造六处老化选别,6D0005,SF313-2608000382,28,UK561M200N300AP4APR,482
2026-09-03T00:00:00,B,2026-09-04T00:00:00,3164 制造六处老化选别,6D0005,SF313-2608000382,33,UK561M200N300AP4APR,216
2026-09-03T00:00:00,B,2026-09-04T00:00:00,3164 制造六处老化选别,6D0005,SF313-2608000383,12,UK561M200N300AP4APR,234
2026-09-03T00:00:00,B,2026-09-04T00:00:00,3164 制造六处老化选别,6D0005,SF313-2608000383,27,UK561M200N300AP4APR,180
2026-09-03T00:00:00,B,2026-09-04T00:00:00,3164 制造六处老化选别,6D0005,SF313-2608000383,32,UK561M200N300AP4APR,216
2026-09-03T00:00:00,B,2026-09-04T00:00:00,3164 制造六处老化选别,6D0008,SF313-2608000383,42,UK561M200N300AP4APR,378
2026-09-03T00:00:00,B,2026-09-04T00:00:00,3164 制造六处老化选别,6D0009,SF313-2608000382,25,UK561M200N300AP4APR,591
2026-09-03T00:00:00,B,2026-09-04T00:00:00,3164 制造六处老化选别,6D0009,SF313-2608000382,31,UK561M200N300AP4APR,567
2026-09-03T00:00:00,B,2026-09-04T00:00:00,3164 制造六处老化选别,6D0009,SF313-2608000382,34,UK561M200N300AP4APR,194
2026-09-03T00:00:00,B,2026-09-04T00:00:00,3164 制造六处老化选别,6D0009,SF313-2608000382,38,UK561M200N300AP4APR,257
2026-09-03T00:00:00,B,2026-09-04T00:00:00,3164 制造六处老化选别,6D0009,SF313-2608000383,21,UK561M200N300AP4APR,295
2026-09-03T00:00:00,B,2026-09-04T00:00:00,3164 制造六处老化选别,6D0009,SF313-2608000383,23,UK561M200N300AP4APR,411
2026-09-03T00:00:00,B,2026-09-04T00:00:00,3164 制造六处老化选别,6D0009,SF313-2608000383,28,UK561M200N300AP4APR,204
2026-09-03T00:00:00,B,2026-09-04T00:00:00,3164 制造六处老化选别,6D0009,SF313-2608000383,30,UK561M200N300AP4APR,481
2026-09-03T00:00:00,B,2026-09-04T00:00:00,3164 制造六处老化选别,6D0009,SF313-2608000383,31,UK561M200N300AP4APR,566
2026-09-03T00:00:00,B,2026-09-04T05:00:00,3162 制造六处自动组立套胶,6B0007,SF313-2608000382,36,UK561M200N300AP4APR,0
2026-09-03T00:00:00,B,2026-09-04T05:00:00,3162 制造六处自动组立套胶,6B0007,SF313-2608000383,36,UK561M200N300AP4APR,0
2026-09-03T00:00:00,B,2026-09-04T05:00:00,3162 制造六处自动组立套胶,6B0007,SF313-2608000383,37,UK561M200N300AP4APR,265
2026-09-03T00:00:00,B,2026-09-04T05:00:00,3162 制造六处自动组立套胶,6B0007,SF313-2608000383,38,UK561M200N300AP4APR,302
2026-09-03T00:00:00,B,2026-09-04T05:00:00,3162 制造六处自动组立套胶,6B0007,SF313-2608000383,39,UK561M200N300AP4APR,115
2026-09-03T00:00:00,B,2026-09-04T05:00:00,3164 制造六处老化选别,6D0005,SF313-2608000382,10,UK561M200N300AP4APR,265
2026-09-03T00:00:00,B,2026-09-04T05:00:00,3164 制造六处老化选别,6D0005,SF313-2608000382,12,UK561M200N300AP4APR,316
2026-09-03T00:00:00,B,2026-09-04T05:00:00,3164 制造六处老化选别,6D0005,SF313-2608000382,17,UK561M200N300AP4APR,199
2026-09-03T00:00:00,B,2026-09-04T05:00:00,3164 制造六处老化选别,6D0005,SF313-2608000382,28,UK561M200N300AP4APR,317
2026-09-03T00:00:00,B,2026-09-04T05:00:00,3164 制造六处老化选别,6D0005,SF313-2608000382,33,UK561M200N300AP4APR,144
2026-09-03T00:00:00,B,2026-09-04T05:00:00,3164 制造六处老化选别,6D0005,SF313-2608000383,12,UK561M200N300AP4APR,70
2026-09-03T00:00:00,B,2026-09-04T05:00:00,3164 制造六处老化选别,6D0005,SF313-2608000383,27,UK561M200N300AP4APR,0
2026-09-03T00:00:00,B,2026-09-04T05:00:00,3164 制造六处老化选别,6D0005,SF313-2608000383,32,UK561M200N300AP4APR,288
2026-09-03T00:00:00,B,2026-09-04T05:00:00,3164 制造六处老化选别,6D0008,SF313-2608000383,42,UK561M200N300AP4APR,378
2026-09-03T00:00:00,B,2026-09-04T05:00:00,3164 制造六处老化选别,6D0009,SF313-2608000382,25,UK561M200N300AP4APR,336
2026-09-03T00:00:00,B,2026-09-04T05:00:00,3164 制造六处老化选别,6D0009,SF313-2608000382,31,UK561M200N300AP4APR,118
2026-09-03T00:00:00,B,2026-09-04T05:00:00,3164 制造六处老化选别,6D0009,SF313-2608000382,34,UK561M200N300AP4APR,376
2026-09-03T00:00:00,B,2026-09-04T05:00:00,3164 制造六处老化选别,6D0009,SF313-2608000382,38,UK561M200N300AP4APR,328
2026-09-03T00:00:00,B,2026-09-04T05:00:00,3164 制造六处老化选别,6D0009,SF313-2608000383,21,UK561M200N300AP4APR,224
2026-09-03T00:00:00,B,2026-09-04T05:00:00,3164 制造六处老化选别,6D0009,SF313-2608000383,23,UK561M200N300AP4APR,129
2026-09-03T00:00:00,B,2026-09-04T05:00:00,3164 制造六处老化选别,6D0009,SF313-2608000383,28,UK561M200N300AP4APR,72
2026-09-03T00:00:00,B,2026-09-04T05:00:00,3164 制造六处老化选别,6D0009,SF313-2608000383,30,UK561M200N300AP4APR,324
2026-09-03T00:00:00,B,2026-09-04T05:00:00,3164 制造六处老化选别,6D0009,SF313-2608000383,31,UK561M200N300AP4APR,96
2026-09-04T00:00:00,A,2026-09-04T12:00:00,3164 制造六处老化选别,6D0005,SF313-2608000382,11,UK561M200N300AP4APR,266
2026-09-04T00:00:00,A,2026-09-04T12:00:00,3164 制造六处老化选别,6D0005,SF313-2608000382,15,UK561M200N300AP4APR,612
2026-09-04T00:00:00,A,2026-09-04T12:00:00,3164 制造六处老化选别,6D0005,SF313-2608000382,23,UK561M200N300AP4APR,320
2026-09-04T00:00:00,A,2026-09-04T12:00:00,3164 制造六处老化选别,6D0005,SF313-2608000383,29,UK561M200N300AP4APR,493
2026-09-04T00:00:00,A,2026-09-04T12:00:00,3164 制造六处老化选别,6D0009,SF313-2608000382,36,UK561M200N300AP4APR,214
2026-09-04T00:00:00,A,2026-09-04T12:00:00,3164 制造六处老化选别,6D0009,SF313-2608000382,37,UK561M200N300AP4APR,585
2026-09-04T00:00:00,A,2026-09-04T12:00:00,3164 制造六处老化选别,6D0009,SF313-2608000382,42,UK561M200N300AP4APR,279
2026-09-04T00:00:00,A,2026-09-04T12:00:00,3164 制造六处老化选别,6D0009,SF313-2608000383,37,UK561M200N300AP4APR,241
2026-09-04T00:00:00,A,2026-09-04T12:00:00,3164 制造六处老化选别,6D0009,SF313-2608000383,38,UK561M200N300AP4APR,417
2026-09-04T00:00:00,A,2026-09-04T12:00:00,3164 制造六处老化选别,6D0009,SF313-2608000383,39,UK561M200N300AP4APR,201
2026-09-04T00:00:00,A,2026-09-04T17:00:00,3164 制造六处老化选别,6D0005,SF313-2608000382,11,UK561M200N300AP4APR,242
2026-09-04T00:00:00,A,2026-09-04T17:00:00,3164 制造六处老化选别,6D0005,SF313-2608000382,15,UK561M200N300AP4APR,232
2026-09-04T00:00:00,A,2026-09-04T17:00:00,3164 制造六处老化选别,6D0005,SF313-2608000382,23,UK561M200N300AP4APR,332
2026-09-04T00:00:00,A,2026-09-04T17:00:00,3164 制造六处老化选别,6D0005,SF313-2608000383,29,UK561M200N300AP4APR,384
2026-09-04T00:00:00,A,2026-09-04T17:00:00,3164 制造六处老化选别,6D0009,SF313-2608000382,36,UK561M200N300AP4APR,83
2026-09-04T00:00:00,A,2026-09-04T17:00:00,3164 制造六处老化选别,6D0009,SF313-2608000382,37,UK561M200N300AP4APR,0
2026-09-04T00:00:00,A,2026-09-04T17:00:00,3164 制造六处老化选别,6D0009,SF313-2608000382,42,UK561M200N300AP4APR,291
2026-09-04T00:00:00,A,2026-09-04T17:00:00,3164 制造六处老化选别,6D0009,SF313-2608000383,37,UK561M200N300AP4APR,120
2026-09-04T00:00:00,A,2026-09-04T17:00:00,3164 制造六处老化选别,6D0009,SF313-2608000383,38,UK561M200N300AP4APR,115
2026-09-04T00:00:00,A,2026-09-04T17:00:00,3164 制造六处老化选别,6D0009,SF313-2608000383,39,UK561M200N300AP4APR,259
2026-09-04T00:00:00,B,2026-09-05T00:00:00,3162 制造六处自动组立套胶,6B0007,SF313-2608000383,43,UK561M200N300AP4APR,165
2026-09-04T00:00:00,B,2026-09-05T00:00:00,3162 制造六处自动组立套胶,6B0007,SF313-2608000384,14,UK561M200N300AP4APR,589
2026-09-04T00:00:00,B,2026-09-05T00:00:00,3162 制造六处自动组立套胶,6B0012,SF313-2608000382,4,UK561M200N300AP4APR,288
2026-09-04T00:00:00,B,2026-09-05T00:00:00,3162 制造六处自动组立套胶,6B0012,SF313-2608000382,35,UK561M200N300AP4APR,165
2026-09-04T00:00:00,B,2026-09-05T00:00:00,3162 制造六处自动组立套胶,6B0012,SF313-2608000382,39,UK561M200N300AP4APR,248
2026-09-04T00:00:00,B,2026-09-05T00:00:00,3162 制造六处自动组立套胶,6B0012,SF313-2608000382,41,UK561M200N300AP4APR,322
2026-09-04T00:00:00,B,2026-09-05T00:00:00,3164 制造六处老化选别,6D0005,SF313-2608000382,26,UK561M200N300AP4APR,285
2026-09-04T00:00:00,B,2026-09-05T00:00:00,3164 制造六处老化选别,6D0009,SF313-2608000383,36,UK561M200N300AP4APR,498
2026-09-04T00:00:00,B,2026-09-05T05:00:00,3162 制造六处自动组立套胶,6B0007,SF313-2608000383,43,UK561M200N300AP4APR,248
2026-09-04T00:00:00,B,2026-09-05T05:00:00,3162 制造六处自动组立套胶,6B0007,SF313-2608000384,14,UK561M200N300AP4APR,361
2026-09-04T00:00:00,B,2026-09-05T05:00:00,3162 制造六处自动组立套胶,6B0012,SF313-2608000382,4,UK561M200N300AP4APR,0
2026-09-04T00:00:00,B,2026-09-05T05:00:00,3162 制造六处自动组立套胶,6B0012,SF313-2608000382,35,UK561M200N300AP4APR,378
2026-09-04T00:00:00,B,2026-09-05T05:00:00,3162 制造六处自动组立套胶,6B0012,SF313-2608000382,39,UK561M200N300AP4APR,354
2026-09-04T00:00:00,B,2026-09-05T05:00:00,3162 制造六处自动组立套胶,6B0012,SF313-2608000382,41,UK561M200N300AP4APR,0
2026-09-04T00:00:00,B,2026-09-05T05:00:00,3164 制造六处老化选别,6D0005,SF313-2608000382,26,UK561M200N300AP4APR,0
2026-09-04T00:00:00,B,2026-09-05T05:00:00,3164 制造六处老化选别,6D0009,SF313-2608000383,36,UK561M200N300AP4APR,344
2026-09-05T00:00:00,A,2026-09-05T12:00:00,3162 制造六处自动组立套胶,6B0012,SF313-2608000303,42,UK561M200N300AP4APR,484
2026-09-05T00:00:00,A,2026-09-05T12:00:00,3164 制造六处老化选别,6D0005,SF313-2608000302,41,UK561M200N300AP4APR,137
2026-09-05T00:00:00,A,2026-09-05T17:00:00,3162 制造六处自动组立套胶,6B0012,SF313-2608000303,42,UK561M200N300AP4APR,123
2026-09-05T00:00:00,A,2026-09-05T17:00:00,3164 制造六处老化选别,6D0005,SF313-2608000302,41,UK561M200N300AP4APR,107
2026-09-06T00:00:00,B,2026-09-07T00:00:00,3164 制造六处老化选别,6D0009,SF313-2608000382,4,UK561M200N300AP4APR,336
2026-09-06T00:00:00,B,2026-09-07T00:00:00,3164 制造六处老化选别,6D0009,SF313-2608000382,35,UK561M200N300AP4APR,212
2026-09-06T00:00:00,B,2026-09-07T00:00:00,3164 制造六处老化选别,6D0009,SF313-2608000382,39,UK561M200N300AP4APR,414
2026-09-06T00:00:00,B,2026-09-07T00:00:00,3164 制造六处老化选别,6D0009,SF313-2608000382,41,UK561M200N300AP4APR,550
2026-09-06T00:00:00,B,2026-09-07T00:00:00,3164 制造六处老化选别,6D0009,SF313-2608000383,43,UK561M200N300AP4APR,507
2026-09-06T00:00:00,B,2026-09-07T05:00:00,3164 制造六处老化选别,6D0009,SF313-2608000382,4,UK561M200N300AP4APR,312
2026-09-06T00:00:00,B,2026-09-07T05:00:00,3164 制造六处老化选别,6D0009,SF313-2608000382,35,UK561M200N300AP4APR,189
2026-09-06T00:00:00,B,2026-09-07T05:00:00,3164 制造六处老化选别,6D0009,SF313-2608000382,39,UK561M200N300AP4APR,165
2026-09-06T00:00:00,B,2026-09-07T05:00:00,3164 制造六处老化选别,6D0009,SF313-2608000382,41,UK561M200N300AP4APR,322
2026-09-06T00:00:00,B,2026-09-07T05:00:00,3164 制造六处老化选别,6D0009,SF313-2608000383,43,UK561M200N300AP4APR,236
2026-09-07T00:00:00,B,2026-09-08T00:00:00,3164 制造六处老化选别,6D0005,SF313-2608000303,42,UK561M200N300AP4APR,394
2026-09-07T00:00:00,B,2026-09-08T05:00:00,3164 制造六处老化选别,6D0005,SF313-2608000303,42,UK561M200N300AP4APR,360
