日期,班次,工序,机台,工单号,卡号,料号,标准节拍,标准产量,实际产量,实际节拍
2026-08-21T00:00:00,A,3161 制造六处釘卷,6DD005,SF313-2608000300,3,UK561M200N300AP4APR,15,9000,1180,1.9666666666666668
2026-08-21T00:00:00,A,3161 制造六处釘卷,6DD117,SF313-2608000300,5,UK561M200N300AP4APR,15,4500,1192,3.9733333333333336
2026-08-21T00:00:00,A,3161 制造六处釘卷,6DD117,SF313-2608000300,7,UK561M200N300AP4APR,15,4500,1184,3.9466666666666668
2026-08-21T00:00:00,A,3161 制造六处釘卷,6DD119,SF313-2608000300,6,UK561M200N300AP4APR,15,4500,1197,3.9899999999999998
2026-08-21T00:00:00,A,3161 制造六处釘卷,6DD119,SF313-2608000300,8,UK561M200N300AP4APR,15,4500,1179,3.9299999999999997
2026-08-21T00:00:00,A,3161 制造六处釘卷,6DD129,SF313-2608000301,5,UK561M200N300AP4APR,15,2250,1114,7.426666666666667
2026-08-21T00:00:00,A,3161 制造六处釘卷,6DD129,SF313-2608000301,6,UK561M200N300AP4APR,15,2250,1114,7.426666666666667
2026-08-21T00:00:00,A,3161 制造六处釘卷,6DD129,SF313-2608000301,7,UK561M200N300AP4APR,15,2250,1192,7.946666666666667
2026-08-21T00:00:00,A,3161 制造六处釘卷,6DD129,SF313-2608000301,8,UK561M200N300AP4APR,15,2250,1183,7.886666666666666
2026-08-21T00:00:00,B,3161 制造六处釘卷,6DD117,SF313-2608000300,9,UK561M200N300AP4APR,15,4500,1225,4.083333333333334
2026-08-21T00:00:00,B,3161 制造六处釘卷,6DD117,SF313-2608000300,11,UK561M200N300AP4APR,15,4500,1225,4.083333333333334
2026-08-21T00:00:00,B,3161 制造六处釘卷,6DD119,SF313-2608000300,10,UK561M200N300AP4APR,15,4500,1238,4.126666666666667
2026-08-21T00:00:00,B,3161 制造六处釘卷,6DD119,SF313-2608000300,12,UK561M200N300AP4APR,15,4500,1229,4.096666666666667
2026-08-21T00:00:00,B,3161 制造六处釘卷,6DD129,SF313-2608000301,9,UK561M200N300AP4APR,15,9000,1431,2.3850000000000002
2026-08-21T00:00:00,B,3161 制造六处釘卷,6DD131,SF313-2608000301,10,UK561M200N300AP4APR,15,9000,1418,2.3633333333333333
2026-08-22T00:00:00,A,3161 制造六处釘卷,6DD117,SF313-2608000300,21,UK561M200N300AP4APR,15,4500,1440,4.8
2026-08-22T00:00:00,A,3161 制造六处釘卷,6DD117,SF313-2608000300,23,UK561M200N300AP4APR,15,4500,1194,3.9799999999999995
2026-08-22T00:00:00,A,3161 制造六处釘卷,6DD119,SF313-2608000300,20,UK561M200N300AP4APR,15,4500,1151,3.836666666666667
2026-08-22T00:00:00,A,3161 制造六处釘卷,6DD119,SF313-2608000300,22,UK561M200N300AP4APR,15,4500,1231,4.1033333333333335
2026-08-22T00:00:00,A,3161 制造六处釘卷,6DD129,SF313-2608000301,17,UK561M200N300AP4APR,15,2250,1171,7.806666666666667
2026-08-22T00:00:00,A,3161 制造六处釘卷,6DD129,SF313-2608000301,19,UK561M200N300AP4APR,15,2250,1184,7.8933333333333335
2026-08-22T00:00:00,A,3161 制造六处釘卷,6DD129,SF313-2608000301,21,UK561M200N300AP4APR,15,2250,1196,7.973333333333334
2026-08-22T00:00:00,A,3161 制造六处釘卷,6DD129,SF313-2608000301,23,UK561M200N300AP4APR,15,2250,1176,7.840000000000001
2026-08-22T00:00:00,B,3161 制造六处釘卷,6DD117,SF313-2608000300,13,UK561M200N300AP4APR,15,1500,1220,12.17564870259481
2026-08-22T00:00:00,B,3161 制造六处釘卷,6DD117,SF313-2608000300,15,UK561M200N300AP4APR,15,1500,1240,12.375249500998006
2026-08-22T00:00:00,B,3161 制造六处釘卷,6DD117,SF313-2608000300,17,UK561M200N300AP4APR,15,1500,1225,12.22554890219561
2026-08-22T00:00:00,B,3161 制造六处釘卷,6DD117,SF313-2608000300,19,UK561M200N300AP4APR,15,1500,1228,12.255489021956087
2026-08-22T00:00:00,B,3161 制造六处釘卷,6DD117,SF313-2608000300,25,UK561M200N300AP4APR,15,1500,1218,12.155688622754491
2026-08-22T00:00:00,B,3161 制造六处釘卷,6DD117,SF313-2608000300,27,UK561M200N300AP4APR,15,1500,1199,11.966067864271459
2026-08-22T00:00:00,B,3161 制造六处釘卷,6DD119,SF313-2608000300,14,UK561M200N300AP4APR,15,1800,1212,10.1
2026-08-22T00:00:00,B,3161 制造六处釘卷,6DD119,SF313-2608000300,16,UK561M200N300AP4APR,15,1800,1223,10.191666666666666
2026-08-22T00:00:00,B,3161 制造六处釘卷,6DD119,SF313-2608000300,18,UK561M200N300AP4APR,15,1800,1220,10.166666666666666
2026-08-22T00:00:00,B,3161 制造六处釘卷,6DD119,SF313-2608000300,24,UK561M200N300AP4APR,15,1800,1194,9.95
2026-08-22T00:00:00,B,3161 制造六处釘卷,6DD119,SF313-2608000300,26,UK561M200N300AP4APR,15,1800,1212,10.1
2026-08-22T00:00:00,B,3161 制造六处釘卷,6DD129,SF313-2608000301,11,UK561M200N300AP4APR,15,1800,1430,11.916666666666666
2026-08-22T00:00:00,B,3161 制造六处釘卷,6DD129,SF313-2608000301,13,UK561M200N300AP4APR,15,1800,1402,11.683333333333334
2026-08-22T00:00:00,B,3161 制造六处釘卷,6DD129,SF313-2608000301,14,UK561M200N300AP4APR,15,1800,1432,11.933333333333334
2026-08-22T00:00:00,B,3161 制造六处釘卷,6DD129,SF313-2608000301,15,UK561M200N300AP4APR,15,1800,1390,11.583333333333334
2026-08-22T00:00:00,B,3161 制造六处釘卷,6DD129,SF313-2608000301,25,UK561M200N300AP4APR,15,1800,1400,11.666666666666666
2026-08-22T00:00:00,B,3161 制造六处釘卷,6DD131,SF313-2608000301,12,UK561M200N300AP4APR,15,1800,1422,11.85
2026-08-22T00:00:00,B,3161 制造六处釘卷,6DD131,SF313-2608000301,16,UK561M200N300AP4APR,15,1800,1405,11.708333333333334
2026-08-22T00:00:00,B,3161 制造六处釘卷,6DD131,SF313-2608000301,18,UK561M200N300AP4APR,15,1800,1435,11.958333333333334
2026-08-22T00:00:00,B,3161 制造六处釘卷,6DD131,SF313-2608000301,20,UK561M200N300AP4APR,15,1800,1436,11.966666666666667
2026-08-23T00:00:00,A,3161 制造六处釘卷,6DD117,SF313-2608000300,35,UK561M200N300AP4APR,15,4500,1219,4.0633333333333335
2026-08-23T00:00:00,A,3161 制造六处釘卷,6DD117,SF313-2608000300,37,UK561M200N300AP4APR,15,4500,1136,3.7866666666666666
2026-08-23T00:00:00,A,3161 制造六处釘卷,6DD119,SF313-2608000300,36,UK561M200N300AP4APR,15,2999.7000000000003,1198,5.995995995995996
2026-08-23T00:00:00,A,3161 制造六处釘卷,6DD119,SF313-2608000300,38,UK561M200N300AP4APR,15,2999.7000000000003,1160,5.8058058058058055
2026-08-23T00:00:00,A,3161 制造六处釘卷,6DD119,SF313-2608000300,40,UK561M200N300AP4APR,15,2999.7000000000003,1175,5.880880880880881
2026-08-23T00:00:00,A,3161 制造六处釘卷,6DD129,SF313-2608000301,31,UK561M200N300AP4APR,15,2250,1161,7.74
2026-08-23T00:00:00,A,3161 制造六处釘卷,6DD129,SF313-2608000301,33,UK561M200N300AP4APR,15,2250,1431,9.540000000000001
2026-08-23T00:00:00,A,3161 制造六处釘卷,6DD129,SF313-2608000301,35,UK561M200N300AP4APR,15,2250,1160,7.7333333333333325
2026-08-23T00:00:00,A,3161 制造六处釘卷,6DD129,SF313-2608000301,37,UK561M200N300AP4APR,15,2250,1428,9.52
2026-08-23T00:00:00,B,3161 制造六处釘卷,6DD117,SF313-2608000300,29,UK561M200N300AP4APR,15,2250,1201,8.006666666666666
2026-08-23T00:00:00,B,3161 制造六处釘卷,6DD117,SF313-2608000300,31,UK561M200N300AP4APR,15,2250,1207,8.046666666666667
2026-08-23T00:00:00,B,3161 制造六处釘卷,6DD117,SF313-2608000300,33,UK561M200N300AP4APR,15,2250,1199,7.993333333333334
2026-08-23T00:00:00,B,3161 制造六处釘卷,6DD117,SF313-2608000300,41,UK561M200N300AP4APR,15,2250,1194,7.959999999999999
2026-08-23T00:00:00,B,3161 制造六处釘卷,6DD119,SF313-2608000300,28,UK561M200N300AP4APR,15,2250,1176,7.840000000000001
2026-08-23T00:00:00,B,3161 制造六处釘卷,6DD119,SF313-2608000300,30,UK561M200N300AP4APR,15,2250,1187,7.913333333333334
2026-08-23T00:00:00,B,3161 制造六处釘卷,6DD119,SF313-2608000300,32,UK561M200N300AP4APR,15,2250,1193,7.953333333333333
2026-08-23T00:00:00,B,3161 制造六处釘卷,6DD119,SF313-2608000300,34,UK561M200N300AP4APR,15,2250,1184,7.8933333333333335
2026-08-23T00:00:00,B,3161 制造六处釘卷,6DD129,SF313-2608000301,26,UK561M200N300AP4APR,15,1800,1405,11.708333333333334
2026-08-23T00:00:00,B,3161 制造六处釘卷,6DD129,SF313-2608000301,27,UK561M200N300AP4APR,15,1800,1416,11.8
2026-08-23T00:00:00,B,3161 制造六处釘卷,6DD129,SF313-2608000301,28,UK561M200N300AP4APR,15,1800,1399,11.658333333333333
2026-08-23T00:00:00,B,3161 制造六处釘卷,6DD129,SF313-2608000301,29,UK561M200N300AP4APR,15,1800,1418,11.816666666666666
2026-08-23T00:00:00,B,3161 制造六处釘卷,6DD129,SF313-2608000301,32,UK561M200N300AP4APR,15,1800,1417,11.808333333333334
2026-08-23T00:00:00,B,3161 制造六处釘卷,6DD131,SF313-2608000301,22,UK561M200N300AP4APR,15,2999.7000000000003,1426,7.137137137137136
2026-08-23T00:00:00,B,3161 制造六处釘卷,6DD131,SF313-2608000301,24,UK561M200N300AP4APR,15,2999.7000000000003,1402,7.017017017017017
2026-08-23T00:00:00,B,3161 制造六处釘卷,6DD131,SF313-2608000301,30,UK561M200N300AP4APR,15,2999.7000000000003,1405,7.032032032032032
2026-08-24T00:00:00,A,3161 制造六处釘卷,6DD098,SF313-2608000303,11,UK561M200N300AP4APR,15,9000,1435,2.3916666666666666
2026-08-24T00:00:00,A,3161 制造六处釘卷,6DD099,SF313-2608000303,8,UK561M200N300AP4APR,15,4500,1432,4.773333333333333
2026-08-24T00:00:00,A,3161 制造六处釘卷,6DD099,SF313-2608000303,10,UK561M200N300AP4APR,15,4500,1439,4.796666666666667
2026-08-24T00:00:00,A,3161 制造六处釘卷,6DD127,SF313-2608000302,1,UK561M200N300AP4APR,15,2250,1435,9.566666666666666
2026-08-24T00:00:00,A,3161 制造六处釘卷,6DD127,SF313-2608000302,3,UK561M200N300AP4APR,15,2250,1424,9.493333333333334
2026-08-24T00:00:00,A,3161 制造六处釘卷,6DD127,SF313-2608000302,5,UK561M200N300AP4APR,15,2250,1405,9.366666666666667
2026-08-24T00:00:00,A,3161 制造六处釘卷,6DD127,SF313-2608000302,7,UK561M200N300AP4APR,15,2250,1225,8.166666666666668
2026-08-24T00:00:00,A,3161 制造六处釘卷,6DD128,SF313-2608000302,9,UK561M200N300AP4APR,15,9000,1213,2.0216666666666665
2026-08-24T00:00:00,B,3161 制造六处釘卷,6DD098,SF313-2608000303,1,UK561M200N300AP4APR,15,1125,1200,16
2026-08-24T00:00:00,B,3161 制造六处釘卷,6DD098,SF313-2608000303,3,UK561M200N300AP4APR,15,1125,1200,16
2026-08-24T00:00:00,B,3161 制造六处釘卷,6DD098,SF313-2608000303,5,UK561M200N300AP4APR,15,1125,1185,15.8
2026-08-24T00:00:00,B,3161 制造六处釘卷,6DD098,SF313-2608000303,7,UK561M200N300AP4APR,15,1125,1184,15.786666666666667
2026-08-24T00:00:00,B,3161 制造六处釘卷,6DD098,SF313-2608000303,9,UK561M200N300AP4APR,15,1125,1173,15.64
2026-08-24T00:00:00,B,3161 制造六处釘卷,6DD098,SF313-2608000303,13,UK561M200N300AP4APR,15,1125,1200,16
2026-08-24T00:00:00,B,3161 制造六处釘卷,6DD098,SF313-2608000303,15,UK561M200N300AP4APR,15,1125,1200,16
2026-08-24T00:00:00,B,3161 制造六处釘卷,6DD098,SF313-2608000303,17,UK561M200N300AP4APR,15,1125,1200,16
2026-08-24T00:00:00,B,3161 制造六处釘卷,6DD099,SF313-2608000303,2,UK561M200N300AP4APR,15,1500,1197,11.946107784431138
2026-08-24T00:00:00,B,3161 制造六处釘卷,6DD099,SF313-2608000303,4,UK561M200N300AP4APR,15,1500,1183,11.806387225548901
2026-08-24T00:00:00,B,3161 制造六处釘卷,6DD099,SF313-2608000303,6,UK561M200N300AP4APR,15,1500,1200,11.976047904191617
2026-08-24T00:00:00,B,3161 制造六处釘卷,6DD099,SF313-2608000303,12,UK561M200N300AP4APR,15,1500,1200,11.976047904191617
2026-08-24T00:00:00,B,3161 制造六处釘卷,6DD099,SF313-2608000303,14,UK561M200N300AP4APR,15,1500,1200,11.976047904191617
2026-08-24T00:00:00,B,3161 制造六处釘卷,6DD099,SF313-2608000303,16,UK561M200N300AP4APR,15,1500,1200,11.976047904191617
2026-08-24T00:00:00,B,3161 制造六处釘卷,6DD117,SF313-2608000300,39,UK561M200N300AP4APR,15,2999.7000000000003,200,1.001001001001001
2026-08-24T00:00:00,B,3161 制造六处釘卷,6DD117,SF313-2608000300,43,UK561M200N300AP4APR,15,2999.7000000000003,1200,6.006006006006006
2026-08-24T00:00:00,B,3161 制造六处釘卷,6DD117,SF313-2608000304,7,UK561M200N300AP4APR,15,2999.7000000000003,1240,6.206206206206207
2026-08-24T00:00:00,B,3161 制造六处釘卷,6DD119,SF313-2608000300,42,UK561M200N300AP4APR,15,9000,1170,1.95
2026-08-24T00:00:00,B,3161 制造六处釘卷,6DD127,SF313-2608000302,2,UK561M200N300AP4APR,15,2250,1220,8.133333333333333
2026-08-24T00:00:00,B,3161 制造六处釘卷,6DD127,SF313-2608000302,4,UK561M200N300AP4APR,15,2250,1179,7.859999999999999
2026-08-24T00:00:00,B,3161 制造六处釘卷,6DD127,SF313-2608000302,6,UK561M200N300AP4APR,15,2250,1190,7.933333333333333
2026-08-24T00:00:00,B,3161 制造六处釘卷,6DD127,SF313-2608000302,8,UK561M200N300AP4APR,15,2250,1427,9.513333333333334
2026-08-24T00:00:00,B,3161 制造六处釘卷,6DD128,SF313-2608000302,11,UK561M200N300AP4APR,15,9000,1234,2.0566666666666666
2026-08-24T00:00:00,B,3161 制造六处釘卷,6DD129,SF313-2608000301,40,UK561M200N300AP4APR,15,9000,1152,1.92
2026-08-24T00:00:00,B,3161 制造六处釘卷,6DD131,SF313-2608000301,36,UK561M200N300AP4APR,15,4500,1432,4.773333333333333
2026-08-24T00:00:00,B,3161 制造六处釘卷,6DD131,SF313-2608000301,38,UK561M200N300AP4APR,15,4500,1432,4.773333333333333
2026-08-25T00:00:00,A,3161 制造六处釘卷,6DD098,SF313-2608000303,21,UK561M200N300AP4APR,15,4500,1438,4.793333333333333
2026-08-25T00:00:00,A,3161 制造六处釘卷,6DD098,SF313-2608000303,23,UK561M200N300AP4APR,15,4500,1434,4.779999999999999
2026-08-25T00:00:00,A,3161 制造六处釘卷,6DD099,SF313-2608000303,20,UK561M200N300AP4APR,15,3000,1437,7.192192192192191
2026-08-25T00:00:00,A,3161 制造六处釘卷,6DD099,SF313-2608000303,22,UK561M200N300AP4APR,15,3000,1428,7.147147147147147
2026-08-25T00:00:00,A,3161 制造六处釘卷,6DD099,SF313-2608000303,24,UK561M200N300AP4APR,15,3000,1435,7.182182182182182
2026-08-25T00:00:00,A,3161 制造六处釘卷,6DD119,SF313-2608000304,4,UK561M200N300AP4APR,15,9000,1225,2.041666666666667
2026-08-25T00:00:00,A,3161 制造六处釘卷,6DD127,SF313-2608000302,19,UK561M200N300AP4APR,15,1500,1201,11.986027944111777
2026-08-25T00:00:00,A,3161 制造六处釘卷,6DD127,SF313-2608000302,22,UK561M200N300AP4APR,15,1500,1212,12.095808383233534
2026-08-25T00:00:00,A,3161 制造六处釘卷,6DD127,SF313-2608000302,24,UK561M200N300AP4APR,15,1500,1185,11.826347305389222
2026-08-25T00:00:00,A,3161 制造六处釘卷,6DD127,SF313-2608000302,26,UK561M200N300AP4APR,15,1500,1212,12.095808383233534
2026-08-25T00:00:00,A,3161 制造六处釘卷,6DD127,SF313-2608000302,28,UK561M200N300AP4APR,15,1500,1191,11.88622754491018
2026-08-25T00:00:00,A,3161 制造六处釘卷,6DD128,SF313-2608000302,20,UK561M200N300AP4APR,15,1500,1222,12.19560878243513
2026-08-25T00:00:00,A,3161 制造六处釘卷,6DD128,SF313-2608000302,21,UK561M200N300AP4APR,15,1500,1220,12.17564870259481
2026-08-25T00:00:00,A,3161 制造六处釘卷,6DD128,SF313-2608000302,23,UK561M200N300AP4APR,15,1500,1220,12.17564870259481
2026-08-25T00:00:00,A,3161 制造六处釘卷,6DD128,SF313-2608000302,25,UK561M200N300AP4APR,15,1500,1221,12.185628742514972
2026-08-25T00:00:00,A,3161 制造六处釘卷,6DD128,SF313-2608000302,27,UK561M200N300AP4APR,15,1500,1211,12.085828343313374
2026-08-25T00:00:00,B,3161 制造六处釘卷,6DD098,SF313-2608000303,19,UK561M200N300AP4APR,15,2250,1239,8.26
2026-08-25T00:00:00,B,3161 制造六处釘卷,6DD098,SF313-2608000303,25,UK561M200N300AP4APR,15,2250,1400,9.333333333333332
2026-08-25T00:00:00,B,3161 制造六处釘卷,6DD098,SF313-2608000303,27,UK561M200N300AP4APR,15,2250,1400,9.333333333333332
2026-08-25T00:00:00,B,3161 制造六处釘卷,6DD098,SF313-2608000303,29,UK561M200N300AP4APR,15,2250,1400,9.333333333333332
2026-08-25T00:00:00,B,3161 制造六处釘卷,6DD099,SF313-2608000303,18,UK561M200N300AP4APR,15,2250,1205,8.033333333333333
2026-08-25T00:00:00,B,3161 制造六处釘卷,6DD099,SF313-2608000303,26,UK561M200N300AP4APR,15,2250,1400,9.333333333333332
2026-08-25T00:00:00,B,3161 制造六处釘卷,6DD099,SF313-2608000303,28,UK561M200N300AP4APR,15,2250,1400,9.333333333333332
2026-08-25T00:00:00,B,3161 制造六处釘卷,6DD099,SF313-2608000303,30,UK561M200N300AP4APR,15,2250,1400,9.333333333333332
2026-08-25T00:00:00,B,3161 制造六处釘卷,6DD117,SF313-2608000304,9,UK561M200N300AP4APR,15,9000,1253,2.0883333333333334
2026-08-25T00:00:00,B,3161 制造六处釘卷,6DD119,SF313-2608000304,1,UK561M200N300AP4APR,15,2250,1241,8.273333333333333
2026-08-25T00:00:00,B,3161 制造六处釘卷,6DD119,SF313-2608000304,2,UK561M200N300AP4APR,15,2250,1244,8.293333333333333
2026-08-25T00:00:00,B,3161 制造六处釘卷,6DD119,SF313-2608000304,3,UK561M200N300AP4APR,15,2250,1248,8.32
2026-08-25T00:00:00,B,3161 制造六处釘卷,6DD119,SF313-2608000304,5,UK561M200N300AP4APR,15,2250,1140,7.6
2026-08-25T00:00:00,B,3161 制造六处釘卷,6DD127,SF313-2608000302,10,UK561M200N300AP4APR,15,1500,1419,14.161676646706587
2026-08-25T00:00:00,B,3161 制造六处釘卷,6DD127,SF313-2608000302,12,UK561M200N300AP4APR,15,1500,1185,11.826347305389222
2026-08-25T00:00:00,B,3161 制造六处釘卷,6DD127,SF313-2608000302,14,UK561M200N300AP4APR,15,1500,1194,11.916167664670658
2026-08-25T00:00:00,B,3161 制造六处釘卷,6DD127,SF313-2608000302,16,UK561M200N300AP4APR,15,1500,1187,11.846307385229542
2026-08-25T00:00:00,B,3161 制造六处釘卷,6DD127,SF313-2608000302,18,UK561M200N300AP4APR,15,1500,1221,12.185628742514972
2026-08-25T00:00:00,B,3161 制造六处釘卷,6DD127,SF313-2608000302,30,UK561M200N300AP4APR,15,1500,1192,11.89620758483034
2026-08-25T00:00:00,B,3161 制造六处釘卷,6DD128,SF313-2608000302,13,UK561M200N300AP4APR,15,2250,1224,8.16
2026-08-25T00:00:00,B,3161 制造六处釘卷,6DD128,SF313-2608000302,15,UK561M200N300AP4APR,15,2250,1231,8.206666666666667
2026-08-25T00:00:00,B,3161 制造六处釘卷,6DD128,SF313-2608000302,17,UK561M200N300AP4APR,15,2250,1232,8.213333333333335
2026-08-25T00:00:00,B,3161 制造六处釘卷,6DD128,SF313-2608000302,29,UK561M200N300AP4APR,15,2250,1208,8.053333333333333
2026-08-26T00:00:00,A,3161 制造六处釘卷,6DD098,SF313-2608000303,33,UK561M200N300AP4APR,15,4500,1434,4.779999999999999
2026-08-26T00:00:00,A,3161 制造六处釘卷,6DD098,SF313-2608000303,35,UK561M200N300AP4APR,15,4500,1433,4.776666666666666
2026-08-26T00:00:00,A,3161 制造六处釘卷,6DD099,SF313-2608000303,34,UK561M200N300AP4APR,15,4500,1416,4.720000000000001
2026-08-26T00:00:00,A,3161 制造六处釘卷,6DD099,SF313-2608000303,36,UK561M200N300AP4APR,15,4500,1424,4.746666666666667
2026-08-26T00:00:00,A,3161 制造六处釘卷,6DD117,SF313-2608000304,11,UK561M200N300AP4APR,15,4500,1163,3.8766666666666665
2026-08-26T00:00:00,A,3161 制造六处釘卷,6DD117,SF313-2608000304,13,UK561M200N300AP4APR,15,4500,1189,3.9633333333333334
2026-08-26T00:00:00,A,3161 制造六处釘卷,6DD119,SF313-2608000304,14,UK561M200N300AP4APR,15,9000,1234,2.0566666666666666
2026-08-26T00:00:00,A,3161 制造六处釘卷,6DD127,SF313-2608000302,38,UK561M200N300AP4APR,15,1800,1196,9.966666666666667
2026-08-26T00:00:00,A,3161 制造六处釘卷,6DD127,SF313-2608000302,40,UK561M200N300AP4APR,15,1800,1209,10.075
2026-08-26T00:00:00,A,3161 制造六处釘卷,6DD127,SF313-2608000302,42,UK561M200N300AP4APR,15,1800,1213,10.108333333333333
2026-08-26T00:00:00,A,3161 制造六处釘卷,6DD127,SF313-2608000302,44,UK561M200N300AP4APR,15,1800,1218,10.15
2026-08-26T00:00:00,A,3161 制造六处釘卷,6DD127,SF313-2608000302,46,UK561M200N300AP4APR,15,1800,1209,10.075
2026-08-26T00:00:00,A,3161 制造六处釘卷,6DD128,SF313-2608000302,39,UK561M200N300AP4APR,15,2250,1238,8.253333333333334
2026-08-26T00:00:00,A,3161 制造六处釘卷,6DD128,SF313-2608000302,41,UK561M200N300AP4APR,15,2250,511,3.406666666666667
2026-08-26T00:00:00,A,3161 制造六处釘卷,6DD128,SF313-2608000302,43,UK561M200N300AP4APR,15,2250,1256,8.373333333333333
2026-08-26T00:00:00,A,3161 制造六处釘卷,6DD128,SF313-2608000302,45,UK561M200N300AP4APR,15,2250,1235,8.233333333333333
2026-08-26T00:00:00,B,3161 制造六处釘卷,6DD098,SF313-2608000303,31,UK561M200N300AP4APR,15,3000,1200,6.006006006006006
2026-08-26T00:00:00,B,3161 制造六处釘卷,6DD098,SF313-2608000303,37,UK561M200N300AP4APR,15,3000,1400,7.007007007007006
2026-08-26T00:00:00,B,3161 制造六处釘卷,6DD098,SF313-2608000303,39,UK561M200N300AP4APR,15,3000,1400,7.007007007007006
2026-08-26T00:00:00,B,3161 制造六处釘卷,6DD099,SF313-2608000303,32,UK561M200N300AP4APR,15,4500,1200,4
2026-08-26T00:00:00,B,3161 制造六处釘卷,6DD099,SF313-2608000303,38,UK561M200N300AP4APR,15,4500,1400,4.666666666666666
2026-08-26T00:00:00,B,3161 制造六处釘卷,6DD119,SF313-2608000304,6,UK561M200N300AP4APR,15,1800,1162,9.683333333333334
2026-08-26T00:00:00,B,3161 制造六处釘卷,6DD119,SF313-2608000304,8,UK561M200N300AP4APR,15,1800,1159,9.658333333333333
2026-08-26T00:00:00,B,3161 制造六处釘卷,6DD119,SF313-2608000304,10,UK561M200N300AP4APR,15,1800,1197,9.975
2026-08-26T00:00:00,B,3161 制造六处釘卷,6DD119,SF313-2608000304,12,UK561M200N300AP4APR,15,1800,1187,9.891666666666667
2026-08-26T00:00:00,B,3161 制造六处釘卷,6DD119,SF313-2608000304,16,UK561M200N300AP4APR,15,1800,1242,10.35
2026-08-26T00:00:00,B,3161 制造六处釘卷,6DD127,SF313-2608000302,32,UK561M200N300AP4APR,15,3000,1193,5.970970970970971
2026-08-26T00:00:00,B,3161 制造六处釘卷,6DD127,SF313-2608000302,34,UK561M200N300AP4APR,15,3000,1209,6.051051051051051
2026-08-26T00:00:00,B,3161 制造六处釘卷,6DD127,SF313-2608000302,36,UK561M200N300AP4APR,15,3000,1428,7.147147147147147
2026-08-26T00:00:00,B,3161 制造六处釘卷,6DD128,SF313-2608000302,31,UK561M200N300AP4APR,15,3000,1207,6.041041041041041
2026-08-26T00:00:00,B,3161 制造六处釘卷,6DD128,SF313-2608000302,33,UK561M200N300AP4APR,15,3000,1216,6.086086086086086
2026-08-26T00:00:00,B,3161 制造六处釘卷,6DD128,SF313-2608000302,37,UK561M200N300AP4APR,15,3000,1439,7.202202202202202
2026-08-27T00:00:00,A,3161 制造六处釘卷,6DD117,SF313-2608000304,17,UK561M200N300AP4APR,15,4500,1243,4.143333333333333
2026-08-27T00:00:00,A,3161 制造六处釘卷,6DD117,SF313-2608000304,19,UK561M200N300AP4APR,15,4500,1220,4.066666666666666
2026-08-27T00:00:00,B,3161 制造六处釘卷,6DD098,SF313-2608000303,41,UK561M200N300AP4APR,15,9000,1400,2.333333333333333
2026-08-27T00:00:00,B,3161 制造六处釘卷,6DD099,SF313-2608000303,40,UK561M200N300AP4APR,15,4500,1400,4.666666666666666
2026-08-27T00:00:00,B,3161 制造六处釘卷,6DD099,SF313-2608000303,42,UK561M200N300AP4APR,15,4500,1126,3.753333333333333
2026-08-27T00:00:00,B,3161 制造六处釘卷,6DD117,SF313-2608000304,15,UK561M200N300AP4APR,15,4500,1247,4.156666666666667
2026-08-27T00:00:00,B,3161 制造六处釘卷,6DD117,SF313-2608000304,21,UK561M200N300AP4APR,15,4500,1256,4.1866666666666665
2026-08-27T00:00:00,B,3161 制造六处釘卷,6DD119,SF313-2608000304,18,UK561M200N300AP4APR,15,2250,1236,8.24
2026-08-27T00:00:00,B,3161 制造六处釘卷,6DD119,SF313-2608000304,20,UK561M200N300AP4APR,15,2250,1251,8.34
2026-08-27T00:00:00,B,3161 制造六处釘卷,6DD119,SF313-2608000304,22,UK561M200N300AP4APR,15,2250,1246,8.306666666666667
2026-08-27T00:00:00,B,3161 制造六处釘卷,6DD119,SF313-2608000304,24,UK561M200N300AP4APR,15,2250,1248,8.32
2026-08-28T00:00:00,A,3161 制造六处釘卷,6DD117,SF313-2608000304,27,UK561M200N300AP4APR,15,9000,1167,1.9449999999999998
2026-08-28T00:00:00,A,3161 制造六处釘卷,6DD119,SF313-2608000304,28,UK561M200N300AP4APR,15,9000,1155,1.925
2026-08-28T00:00:00,B,3161 制造六处釘卷,6DD117,SF313-2608000304,23,UK561M200N300AP4APR,15,4500,1252,4.173333333333334
2026-08-28T00:00:00,B,3161 制造六处釘卷,6DD117,SF313-2608000304,25,UK561M200N300AP4APR,15,4500,1200,4
2026-08-28T00:00:00,B,3161 制造六处釘卷,6DD119,SF313-2608000304,26,UK561M200N300AP4APR,15,3000,1186,5.935935935935936
2026-08-28T00:00:00,B,3161 制造六处釘卷,6DD119,SF313-2608000304,30,UK561M200N300AP4APR,15,3000,1199,6.0010010010010015
2026-08-28T00:00:00,B,3161 制造六处釘卷,6DD119,SF313-2608000304,32,UK561M200N300AP4APR,15,3000,1195,5.9809809809809815
2026-08-29T00:00:00,A,3161 制造六处釘卷,6DD092,SF313-2608000384,4,UK561M200N300AP4APR,15,9000,1190,1.9833333333333332
2026-08-29T00:00:00,A,3161 制造六处釘卷,6DD092,SF313-2608000384,5,UK561M200N300AP4APR,15,9000,1199,1.9983333333333335
2026-08-29T00:00:00,A,3161 制造六处釘卷,6DD092,SF313-2608000384,6,UK561M200N300AP4APR,15,9000,1199,1.9983333333333335
2026-08-29T00:00:00,A,3161 制造六处釘卷,6DD092,SF313-2608000384,7,UK561M200N300AP4APR,15,9000,1193,1.9883333333333333
2026-08-29T00:00:00,A,3161 制造六处釘卷,6DD116,SF313-2608000383,1,UK561M200N300AP4APR,15,9000,1198,1.9966666666666666
2026-08-29T00:00:00,A,3161 制造六处釘卷,6DD116,SF313-2608000383,3,UK561M200N300AP4APR,15,9000,1204,2.006666666666667
2026-08-29T00:00:00,A,3161 制造六处釘卷,6DD121,SF313-2608000383,4,UK561M200N300AP4APR,15,9000,1161,1.935
2026-08-29T00:00:00,B,3161 制造六处釘卷,6DD092,SF313-2608000384,1,UK561M200N300AP4APR,15,1800,1189,9.908333333333333
2026-08-29T00:00:00,B,3161 制造六处釘卷,6DD092,SF313-2608000384,2,UK561M200N300AP4APR,15,1800,1428,11.9
2026-08-29T00:00:00,B,3161 制造六处釘卷,6DD092,SF313-2608000384,3,UK561M200N300AP4APR,15,1800,1256,10.466666666666667
2026-08-29T00:00:00,B,3161 制造六处釘卷,6DD092,SF313-2608000384,8,UK561M200N300AP4APR,15,1800,1191,9.925
2026-08-29T00:00:00,B,3161 制造六处釘卷,6DD092,SF313-2608000384,9,UK561M200N300AP4APR,15,1800,1183,9.858333333333333
2026-08-29T00:00:00,B,3161 制造六处釘卷,6DD116,SF313-2608000383,5,UK561M200N300AP4APR,15,4500,1148,3.8266666666666667
2026-08-29T00:00:00,B,3161 制造六处釘卷,6DD116,SF313-2608000383,7,UK561M200N300AP4APR,15,4500,1167,3.8899999999999997
2026-08-29T00:00:00,B,3161 制造六处釘卷,6DD117,SF313-2608000304,29,UK561M200N300AP4APR,15,2250,955,6.366666666666666
2026-08-29T00:00:00,B,3161 制造六处釘卷,6DD117,SF313-2608000304,31,UK561M200N300AP4APR,15,2250,1178,7.8533333333333335
2026-08-29T00:00:00,B,3161 制造六处釘卷,6DD117,SF313-2608000304,33,UK561M200N300AP4APR,15,2250,1171,7.806666666666667
2026-08-29T00:00:00,B,3161 制造六处釘卷,6DD117,SF313-2608000304,35,UK561M200N300AP4APR,15,2250,1147,7.6466666666666665
2026-08-29T00:00:00,B,3161 制造六处釘卷,6DD119,SF313-2608000304,34,UK561M200N300AP4APR,15,4500,1189,3.9633333333333334
2026-08-29T00:00:00,B,3161 制造六处釘卷,6DD119,SF313-2608000304,36,UK561M200N300AP4APR,15,4500,1178,3.9266666666666667
2026-08-29T00:00:00,B,3161 制造六处釘卷,6DD121,SF313-2608000383,2,UK561M200N300AP4APR,15,9000,1197,1.9949999999999999
2026-08-30T00:00:00,A,3161 制造六处釘卷,6DD092,SF313-2608000384,13,UK561M200N300AP4APR,15,9000,1216,2.0266666666666664
2026-08-30T00:00:00,A,3161 制造六处釘卷,6DD121,SF313-2608000383,12,UK561M200N300AP4APR,15,9000,1170,1.95
2026-08-30T00:00:00,B,3161 制造六处釘卷,6DD092,SF313-2608000384,10,UK561M200N300AP4APR,15,3000,1192,5.965965965965966
2026-08-30T00:00:00,B,3161 制造六处釘卷,6DD092,SF313-2608000384,11,UK561M200N300AP4APR,15,3000,1197,5.990990990990991
2026-08-30T00:00:00,B,3161 制造六处釘卷,6DD092,SF313-2608000384,12,UK561M200N300AP4APR,15,3000,1194,5.975975975975976
2026-08-30T00:00:00,B,3161 制造六处釘卷,6DD116,SF313-2608000383,9,UK561M200N300AP4APR,15,4500,1155,3.85
2026-08-30T00:00:00,B,3161 制造六处釘卷,6DD116,SF313-2608000383,11,UK561M200N300AP4APR,15,4500,1192,3.9733333333333336
2026-08-30T00:00:00,B,3161 制造六处釘卷,6DD117,SF313-2608000382,1,UK561M200N300AP4APR,15,1800,1232,10.266666666666667
2026-08-30T00:00:00,B,3161 制造六处釘卷,6DD117,SF313-2608000382,3,UK561M200N300AP4APR,15,1800,1251,10.425
2026-08-30T00:00:00,B,3161 制造六处釘卷,6DD117,SF313-2608000382,5,UK561M200N300AP4APR,15,1800,1220,10.166666666666666
2026-08-30T00:00:00,B,3161 制造六处釘卷,6DD117,SF313-2608000382,7,UK561M200N300AP4APR,15,1800,1248,10.4
2026-08-30T00:00:00,B,3161 制造六处釘卷,6DD117,SF313-2608000382,9,UK561M200N300AP4APR,15,1800,1244,10.366666666666667
2026-08-30T00:00:00,B,3161 制造六处釘卷,6DD119,SF313-2608000382,2,UK561M200N300AP4APR,15,9000,1200,2
2026-08-30T00:00:00,B,3161 制造六处釘卷,6DD121,SF313-2608000383,6,UK561M200N300AP4APR,15,3000,1168,5.8458458458458455
2026-08-30T00:00:00,B,3161 制造六处釘卷,6DD121,SF313-2608000383,8,UK561M200N300AP4APR,15,3000,1195,5.9809809809809815
2026-08-30T00:00:00,B,3161 制造六处釘卷,6DD121,SF313-2608000383,10,UK561M200N300AP4APR,15,3000,1191,5.9609609609609615
2026-08-31T00:00:00,A,3161 制造六处釘卷,6DD092,SF313-2608000384,14,UK561M200N300AP4APR,15,2250,1204,8.026666666666667
2026-08-31T00:00:00,A,3161 制造六处釘卷,6DD092,SF313-2608000384,15,UK561M200N300AP4APR,15,2250,1243,8.286666666666665
2026-08-31T00:00:00,A,3161 制造六处釘卷,6DD092,SF313-2608000384,16,UK561M200N300AP4APR,15,2250,1202,8.013333333333334
2026-08-31T00:00:00,A,3161 制造六处釘卷,6DD092,SF313-2608000384,17,UK561M200N300AP4APR,15,2250,1227,8.18
2026-08-31T00:00:00,A,3161 制造六处釘卷,6DD116,SF313-2608000383,21,UK561M200N300AP4APR,15,9000,1183,1.9716666666666665
2026-08-31T00:00:00,A,3161 制造六处釘卷,6DD121,SF313-2608000383,22,UK561M200N300AP4APR,15,9000,1181,1.9683333333333333
2026-08-31T00:00:00,B,3161 制造六处釘卷,6DD116,SF313-2608000383,13,UK561M200N300AP4APR,15,2250,1187,7.913333333333334
2026-08-31T00:00:00,B,3161 制造六处釘卷,6DD116,SF313-2608000383,15,UK561M200N300AP4APR,15,2250,1189,7.926666666666667
2026-08-31T00:00:00,B,3161 制造六处釘卷,6DD116,SF313-2608000383,17,UK561M200N300AP4APR,15,2250,1184,7.8933333333333335
2026-08-31T00:00:00,B,3161 制造六处釘卷,6DD116,SF313-2608000383,19,UK561M200N300AP4APR,15,2250,1179,7.859999999999999
2026-08-31T00:00:00,B,3161 制造六处釘卷,6DD117,SF313-2608000382,11,UK561M200N300AP4APR,15,1500,1211,12.085828343313374
2026-08-31T00:00:00,B,3161 制造六处釘卷,6DD117,SF313-2608000382,13,UK561M200N300AP4APR,15,1500,1244,12.415169660678643
2026-08-31T00:00:00,B,3161 制造六处釘卷,6DD117,SF313-2608000382,15,UK561M200N300AP4APR,15,1500,1225,12.22554890219561
2026-08-31T00:00:00,B,3161 制造六处釘卷,6DD117,SF313-2608000382,17,UK561M200N300AP4APR,15,1500,1246,12.435129740518962
2026-08-31T00:00:00,B,3161 制造六处釘卷,6DD117,SF313-2608000382,19,UK561M200N300AP4APR,15,1500,1239,12.365269461077844
2026-08-31T00:00:00,B,3161 制造六处釘卷,6DD117,SF313-2608000382,21,UK561M200N300AP4APR,15,1500,1216,12.13572854291417
2026-08-31T00:00:00,B,3161 制造六处釘卷,6DD119,SF313-2608000382,4,UK561M200N300AP4APR,15,1286,1200,13.986013986013987
2026-08-31T00:00:00,B,3161 制造六处釘卷,6DD119,SF313-2608000382,6,UK561M200N300AP4APR,15,1286,1246,14.522144522144522
2026-08-31T00:00:00,B,3161 制造六处釘卷,6DD119,SF313-2608000382,8,UK561M200N300AP4APR,15,1286,1255,14.627039627039629
2026-08-31T00:00:00,B,3161 制造六处釘卷,6DD119,SF313-2608000382,10,UK561M200N300AP4APR,15,1286,1262,14.708624708624711
2026-08-31T00:00:00,B,3161 制造六处釘卷,6DD119,SF313-2608000382,12,UK561M200N300AP4APR,15,1286,1264,14.731934731934732
2026-08-31T00:00:00,B,3161 制造六处釘卷,6DD119,SF313-2608000382,14,UK561M200N300AP4APR,15,1286,1238,14.42890442890443
2026-08-31T00:00:00,B,3161 制造六处釘卷,6DD119,SF313-2608000382,16,UK561M200N300AP4APR,15,1286,1210,14.102564102564104
2026-08-31T00:00:00,B,3161 制造六处釘卷,6DD121,SF313-2608000383,14,UK561M200N300AP4APR,15,2250,1182,7.88
2026-08-31T00:00:00,B,3161 制造六处釘卷,6DD121,SF313-2608000383,16,UK561M200N300AP4APR,15,2250,1184,7.8933333333333335
2026-08-31T00:00:00,B,3161 制造六处釘卷,6DD121,SF313-2608000383,18,UK561M200N300AP4APR,15,2250,1197,7.9799999999999995
2026-08-31T00:00:00,B,3161 制造六处釘卷,6DD121,SF313-2608000383,20,UK561M200N300AP4APR,15,2250,1171,7.806666666666667
2026-09-01T00:00:00,A,3161 制造六处釘卷,6DD116,SF313-2608000383,23,UK561M200N300AP4APR,15,3000,1175,5.880880880880881
2026-09-01T00:00:00,A,3161 制造六处釘卷,6DD116,SF313-2608000383,25,UK561M200N300AP4APR,15,3000,1201,6.011011011011011
2026-09-01T00:00:00,A,3161 制造六处釘卷,6DD116,SF313-2608000383,37,UK561M200N300AP4APR,15,3000,1207,6.041041041041041
2026-09-01T00:00:00,A,3161 制造六处釘卷,6DD117,SF313-2608000382,35,UK561M200N300AP4APR,15,4500,1183,3.943333333333333
2026-09-01T00:00:00,A,3161 制造六处釘卷,6DD117,SF313-2608000382,37,UK561M200N300AP4APR,15,4500,1148,3.8266666666666667
2026-09-01T00:00:00,A,3161 制造六处釘卷,6DD119,SF313-2608000382,36,UK561M200N300AP4APR,15,9000,1191,1.985
2026-09-01T00:00:00,A,3161 制造六处釘卷,6DD121,SF313-2608000383,24,UK561M200N300AP4APR,15,3000,1200,6.006006006006006
2026-09-01T00:00:00,A,3161 制造六处釘卷,6DD121,SF313-2608000383,26,UK561M200N300AP4APR,15,3000,1196,5.985985985985986
2026-09-01T00:00:00,A,3161 制造六处釘卷,6DD121,SF313-2608000383,36,UK561M200N300AP4APR,15,3000,1187,5.9409409409409415
2026-09-01T00:00:00,B,3161 制造六处釘卷,6DD116,SF313-2608000383,27,UK561M200N300AP4APR,15,1800,1204,10.033333333333333
2026-09-01T00:00:00,B,3161 制造六处釘卷,6DD116,SF313-2608000383,29,UK561M200N300AP4APR,15,1800,1203,10.025
2026-09-01T00:00:00,B,3161 制造六处釘卷,6DD116,SF313-2608000383,31,UK561M200N300AP4APR,15,1800,1206,10.05
2026-09-01T00:00:00,B,3161 制造六处釘卷,6DD116,SF313-2608000383,33,UK561M200N300AP4APR,15,1800,1209,10.075
2026-09-01T00:00:00,B,3161 制造六处釘卷,6DD116,SF313-2608000383,35,UK561M200N300AP4APR,15,1800,1199,9.991666666666667
2026-09-01T00:00:00,B,3161 制造六处釘卷,6DD117,SF313-2608000382,23,UK561M200N300AP4APR,15,1500,1233,12.305389221556887
2026-09-01T00:00:00,B,3161 制造六处釘卷,6DD117,SF313-2608000382,25,UK561M200N300AP4APR,15,1500,1159,11.56686626746507
2026-09-01T00:00:00,B,3161 制造六处釘卷,6DD117,SF313-2608000382,27,UK561M200N300AP4APR,15,1500,1245,12.425149700598803
2026-09-01T00:00:00,B,3161 制造六处釘卷,6DD117,SF313-2608000382,29,UK561M200N300AP4APR,15,1500,1192,11.89620758483034
2026-09-01T00:00:00,B,3161 制造六处釘卷,6DD117,SF313-2608000382,31,UK561M200N300AP4APR,15,1500,1183,11.806387225548901
2026-09-01T00:00:00,B,3161 制造六处釘卷,6DD117,SF313-2608000382,33,UK561M200N300AP4APR,15,1500,1203,12.005988023952098
2026-09-01T00:00:00,B,3161 制造六处釘卷,6DD119,SF313-2608000382,18,UK561M200N300AP4APR,15,999.9,1242,18.631863186318633
2026-09-01T00:00:00,B,3161 制造六处釘卷,6DD119,SF313-2608000382,20,UK561M200N300AP4APR,15,999.9,1231,18.466846684668464
2026-09-01T00:00:00,B,3161 制造六处釘卷,6DD119,SF313-2608000382,22,UK561M200N300AP4APR,15,999.9,1219,18.286828682868286
2026-09-01T00:00:00,B,3161 制造六处釘卷,6DD119,SF313-2608000382,24,UK561M200N300AP4APR,15,999.9,1225,18.37683768376838
2026-09-01T00:00:00,B,3161 制造六处釘卷,6DD119,SF313-2608000382,26,UK561M200N300AP4APR,15,999.9,1240,18.6018601860186
2026-09-01T00:00:00,B,3161 制造六处釘卷,6DD119,SF313-2608000382,28,UK561M200N300AP4APR,15,999.9,1270,19.051905190519054
2026-09-01T00:00:00,B,3161 制造六处釘卷,6DD119,SF313-2608000382,30,UK561M200N300AP4APR,15,999.9,1208,18.12181218121812
2026-09-01T00:00:00,B,3161 制造六处釘卷,6DD119,SF313-2608000382,32,UK561M200N300AP4APR,15,999.9,1196,17.941794179417943
2026-09-01T00:00:00,B,3161 制造六处釘卷,6DD119,SF313-2608000382,34,UK561M200N300AP4APR,15,999.9,1213,18.196819681968197
2026-09-01T00:00:00,B,3161 制造六处釘卷,6DD121,SF313-2608000383,28,UK561M200N300AP4APR,15,2250,1200,8
2026-09-01T00:00:00,B,3161 制造六处釘卷,6DD121,SF313-2608000383,30,UK561M200N300AP4APR,15,2250,1203,8.02
2026-09-01T00:00:00,B,3161 制造六处釘卷,6DD121,SF313-2608000383,32,UK561M200N300AP4APR,15,2250,1202,8.013333333333334
2026-09-01T00:00:00,B,3161 制造六处釘卷,6DD121,SF313-2608000383,34,UK561M200N300AP4APR,15,2250,1185,7.9
2026-09-02T00:00:00,A,3161 制造六处釘卷,6DD116,SF313-2608000383,39,UK561M200N300AP4APR,15,9000,1440,2.4
2026-09-02T00:00:00,A,3161 制造六处釘卷,6DD117,SF313-2608000382,39,UK561M200N300AP4APR,15,4500,1183,3.943333333333333
2026-09-02T00:00:00,A,3161 制造六处釘卷,6DD117,SF313-2608000382,41,UK561M200N300AP4APR,15,4500,1196,3.986666666666667
2026-09-02T00:00:00,A,3161 制造六处釘卷,6DD119,SF313-2608000382,38,UK561M200N300AP4APR,15,4500,1172,3.906666666666667
2026-09-02T00:00:00,A,3161 制造六处釘卷,6DD119,SF313-2608000382,42,UK561M200N300AP4APR,15,4500,1164,3.88
2026-09-02T00:00:00,A,3161 制造六处釘卷,6DD121,SF313-2608000383,38,UK561M200N300AP4APR,15,4500,1440,4.8
2026-09-02T00:00:00,A,3161 制造六处釘卷,6DD121,SF313-2608000383,42,UK561M200N300AP4APR,15,4500,1177,3.9233333333333333
2026-09-02T00:00:00,B,3161 制造六处釘卷,6DD116,SF313-2608000383,41,UK561M200N300AP4APR,15,4500,1172,3.906666666666667
2026-09-02T00:00:00,B,3161 制造六处釘卷,6DD116,SF313-2608000383,43,UK561M200N300AP4APR,15,4500,1181,3.9366666666666665
2026-08-21T00:00:00,A,3162 制造六处自动组立套胶,6B0008,SF313-2608000301,2,UK561M200N300AP4APR,17,5100,1402,4.673333333333334
2026-08-21T00:00:00,A,3162 制造六处自动组立套胶,6B0008,SF313-2608000301,3,UK561M200N300AP4APR,17,5100,1433,4.776666666666666
2026-08-22T00:00:00,A,3162 制造六处自动组立套胶,6B0007,SF313-2608000301,8,UK561M200N300AP4APR,17,10200,1183,1.9716666666666665
2026-08-22T00:00:00,A,3162 制造六处自动组立套胶,6B0009,SF313-2608000300,6,UK561M200N300AP4APR,17,5100,1197,3.9899999999999998
2026-08-22T00:00:00,A,3162 制造六处自动组立套胶,6B0009,SF313-2608000300,8,UK561M200N300AP4APR,17,5100,1179,3.9299999999999997
2026-08-22T00:00:00,B,3162 制造六处自动组立套胶,6B0007,SF313-2608000300,7,UK561M200N300AP4APR,17,5100,1184,3.9466666666666668
2026-08-22T00:00:00,B,3162 制造六处自动组立套胶,6B0007,SF313-2608000301,5,UK561M200N300AP4APR,17,5100,1114,3.7133333333333334
2026-08-22T00:00:00,B,3162 制造六处自动组立套胶,6B0009,SF313-2608000300,1,UK561M200N300AP4APR,17,1275,1237,16.4933333333333
2026-08-22T00:00:00,B,3162 制造六处自动组立套胶,6B0009,SF313-2608000300,3,UK561M200N300AP4APR,17,1275,1180,16.4933333333333
2026-08-22T00:00:00,B,3162 制造六处自动组立套胶,6B0009,SF313-2608000300,4,UK561M200N300AP4APR,17,1275,1210,16.4933333333333
2026-08-22T00:00:00,B,3162 制造六处自动组立套胶,6B0009,SF313-2608000300,5,UK561M200N300AP4APR,17,1275,1192,16.4933333333333
2026-08-22T00:00:00,B,3162 制造六处自动组立套胶,6B0009,SF313-2608000300,18,UK561M200N300AP4APR,17,1275,1220,16.4933333333333
2026-08-22T00:00:00,B,3162 制造六处自动组立套胶,6B0009,SF313-2608000300,20,UK561M200N300AP4APR,17,1275,1151,16.4933333333333
2026-08-22T00:00:00,B,3162 制造六处自动组立套胶,6B0009,SF313-2608000301,1,UK561M200N300AP4APR,17,1275,1368,16.4933333333333
2026-08-22T00:00:00,B,3162 制造六处自动组立套胶,6B0009,SF313-2608000301,4,UK561M200N300AP4APR,17,1275,1440,16.4933333333333
2026-08-23T00:00:00,A,3162 制造六处自动组立套胶,6B0009,SF313-2608000300,17,UK561M200N300AP4APR,17,1700,1225,12.22554890219561
2026-08-23T00:00:00,A,3162 制造六处自动组立套胶,6B0009,SF313-2608000301,17,UK561M200N300AP4APR,17,1700,1171,11.686626746506986
2026-08-23T00:00:00,A,3162 制造六处自动组立套胶,6B0009,SF313-2608000301,18,UK561M200N300AP4APR,17,1700,1435,14.321357285429142
2026-08-23T00:00:00,A,3162 制造六处自动组立套胶,6B0009,SF313-2608000301,19,UK561M200N300AP4APR,17,1700,1184,11.816367265469063
2026-08-23T00:00:00,A,3162 制造六处自动组立套胶,6B0009,SF313-2608000301,21,UK561M200N300AP4APR,17,1700,1196,11.936127744510978
2026-08-23T00:00:00,A,3162 制造六处自动组立套胶,6B0009,SF313-2608000301,23,UK561M200N300AP4APR,17,1700,1176,11.736526946107785
2026-08-23T00:00:00,A,3162 制造六处自动组立套胶,6B0012,SF313-2608000300,24,UK561M200N300AP4APR,17,3400,1194,5.975975975975976
2026-08-23T00:00:00,A,3162 制造六处自动组立套胶,6B0012,SF313-2608000300,26,UK561M200N300AP4APR,17,3400,1212,6.066066066066066
2026-08-23T00:00:00,A,3162 制造六处自动组立套胶,6B0012,SF313-2608000301,29,UK561M200N300AP4APR,17,3400,1418,7.097097097097097
2026-08-23T00:00:00,A,3162 制造六处自动组立套胶,6B0015,SF313-2608000300,13,UK561M200N300AP4APR,17,10200,1220,2.033333333333333
2026-08-23T00:00:00,B,3162 制造六处自动组立套胶,6B0007,SF313-2608000300,2,UK561M200N300AP4APR,17,1700,1240,12.375249500998006
2026-08-23T00:00:00,B,3162 制造六处自动组立套胶,6B0007,SF313-2608000300,15,UK561M200N300AP4APR,17,1700,1240,12.375249500998006
2026-08-23T00:00:00,B,3162 制造六处自动组立套胶,6B0007,SF313-2608000301,6,UK561M200N300AP4APR,17,1700,1114,11.117764471057885
2026-08-23T00:00:00,B,3162 制造六处自动组立套胶,6B0007,SF313-2608000301,7,UK561M200N300AP4APR,17,1700,1192,11.89620758483034
2026-08-23T00:00:00,B,3162 制造六处自动组立套胶,6B0007,SF313-2608000301,13,UK561M200N300AP4APR,17,1700,1402,13.992015968063873
2026-08-23T00:00:00,B,3162 制造六处自动组立套胶,6B0007,SF313-2608000301,16,UK561M200N300AP4APR,17,1700,1405,14.021956087824353
2026-08-23T00:00:00,B,3162 制造六处自动组立套胶,6B0009,SF313-2608000300,9,UK561M200N300AP4APR,17,2550,1225,8.166666666666668
2026-08-23T00:00:00,B,3162 制造六处自动组立套胶,6B0009,SF313-2608000300,16,UK561M200N300AP4APR,17,2550,1223,8.153333333333332
2026-08-23T00:00:00,B,3162 制造六处自动组立套胶,6B0009,SF313-2608000300,23,UK561M200N300AP4APR,17,2550,1194,7.959999999999999
2026-08-23T00:00:00,B,3162 制造六处自动组立套胶,6B0009,SF313-2608000301,14,UK561M200N300AP4APR,17,2550,1432,9.546666666666667
2026-08-23T00:00:00,B,3162 制造六处自动组立套胶,6B0012,SF313-2608000300,30,UK561M200N300AP4APR,17,3400,1187,5.9409409409409415
2026-08-23T00:00:00,B,3162 制造六处自动组立套胶,6B0012,SF313-2608000300,32,UK561M200N300AP4APR,17,3400,1193,5.970970970970971
2026-08-23T00:00:00,B,3162 制造六处自动组立套胶,6B0012,SF313-2608000300,34,UK561M200N300AP4APR,17,3400,1184,5.9259259259259265
2026-08-23T00:00:00,B,3162 制造六处自动组立套胶,6B0015,SF313-2608000300,11,UK561M200N300AP4APR,17,5100,1225,4.083333333333334
2026-08-23T00:00:00,B,3162 制造六处自动组立套胶,6B0015,SF313-2608000300,19,UK561M200N300AP4APR,17,5100,1228,4.093333333333333
2026-08-24T00:00:00,A,3162 制造六处自动组立套胶,6B0009,SF313-2608000301,10,UK561M200N300AP4APR,17,3400,1418,7.097097097097097
2026-08-24T00:00:00,A,3162 制造六处自动组立套胶,6B0009,SF313-2608000301,12,UK561M200N300AP4APR,17,3400,1422,7.117117117117116
2026-08-24T00:00:00,A,3162 制造六处自动组立套胶,6B0009,SF313-2608000301,15,UK561M200N300AP4APR,17,3400,1390,6.956956956956957
2026-08-24T00:00:00,A,3162 制造六处自动组立套胶,6B0012,SF313-2608000300,29,UK561M200N300AP4APR,17,1457,1201,13.997668997668997
2026-08-24T00:00:00,A,3162 制造六处自动组立套胶,6B0012,SF313-2608000300,31,UK561M200N300AP4APR,17,1457,1207,14.067599067599069
2026-08-24T00:00:00,A,3162 制造六处自动组立套胶,6B0012,SF313-2608000300,35,UK561M200N300AP4APR,17,1457,1219,14.207459207459207
2026-08-24T00:00:00,A,3162 制造六处自动组立套胶,6B0012,SF313-2608000301,24,UK561M200N300AP4APR,17,1457,1402,16.340326340326342
2026-08-24T00:00:00,A,3162 制造六处自动组立套胶,6B0012,SF313-2608000301,27,UK561M200N300AP4APR,17,1457,1416,16.503496503496507
2026-08-24T00:00:00,A,3162 制造六处自动组立套胶,6B0012,SF313-2608000301,28,UK561M200N300AP4APR,17,1457,1399,16.305361305361306
2026-08-24T00:00:00,A,3162 制造六处自动组立套胶,6B0012,SF313-2608000301,30,UK561M200N300AP4APR,17,1457,1405,16.375291375291376
2026-08-24T00:00:00,A,3162 制造六处自动组立套胶,6B0015,SF313-2608000300,37,UK561M200N300AP4APR,17,2550,1136,7.573333333333333
2026-08-24T00:00:00,A,3162 制造六处自动组立套胶,6B0015,SF313-2608000300,38,UK561M200N300AP4APR,17,2550,1160,7.7333333333333325
2026-08-24T00:00:00,A,3162 制造六处自动组立套胶,6B0015,SF313-2608000300,40,UK561M200N300AP4APR,17,2550,1175,7.833333333333333
2026-08-24T00:00:00,A,3162 制造六处自动组立套胶,6B0015,SF313-2608000301,33,UK561M200N300AP4APR,17,2550,1431,9.540000000000001
2026-08-24T00:00:00,A,3162 制造六处自动组立套胶,6B0032,SF313-2608000300,28,UK561M200N300AP4APR,17,2040,1176,9.8
2026-08-24T00:00:00,A,3162 制造六处自动组立套胶,6B0032,SF313-2608000303,1,UK561M200N300AP4APR,17,2040,1200,10
2026-08-24T00:00:00,A,3162 制造六处自动组立套胶,6B0032,SF313-2608000303,3,UK561M200N300AP4APR,17,2040,1200,10
2026-08-24T00:00:00,A,3162 制造六处自动组立套胶,6B0032,SF313-2608000303,6,UK561M200N300AP4APR,17,2040,1200,10
2026-08-24T00:00:00,A,3162 制造六处自动组立套胶,6B0032,SF313-2608000303,11,UK561M200N300AP4APR,17,2040,1435,11.958333333333334
2026-08-24T00:00:00,B,3162 制造六处自动组立套胶,6B0009,SF313-2608000300,43,UK561M200N300AP4APR,17,3400,1200,6.006006006006006
2026-08-24T00:00:00,B,3162 制造六处自动组立套胶,6B0009,SF313-2608000301,9,UK561M200N300AP4APR,17,3400,1431,7.162162162162162
2026-08-24T00:00:00,B,3162 制造六处自动组立套胶,6B0009,SF313-2608000301,11,UK561M200N300AP4APR,17,3400,1430,7.157157157157156
2026-08-24T00:00:00,B,3162 制造六处自动组立套胶,6B0012,SF313-2608000300,21,UK561M200N300AP4APR,17,1275,1440,16.4933333333333
2026-08-24T00:00:00,B,3162 制造六处自动组立套胶,6B0012,SF313-2608000300,22,UK561M200N300AP4APR,17,1275,1231,16.4933333333333
2026-08-24T00:00:00,B,3162 制造六处自动组立套胶,6B0012,SF313-2608000300,27,UK561M200N300AP4APR,17,1275,1199,16.4933333333333
2026-08-24T00:00:00,B,3162 制造六处自动组立套胶,6B0012,SF313-2608000300,33,UK561M200N300AP4APR,17,1275,1199,16.4933333333333
2026-08-24T00:00:00,B,3162 制造六处自动组立套胶,6B0012,SF313-2608000301,20,UK561M200N300AP4APR,17,1275,1436,16.4933333333333
2026-08-24T00:00:00,B,3162 制造六处自动组立套胶,6B0012,SF313-2608000301,22,UK561M200N300AP4APR,17,1275,1426,16.4933333333333
2026-08-24T00:00:00,B,3162 制造六处自动组立套胶,6B0012,SF313-2608000301,25,UK561M200N300AP4APR,17,1275,1400,16.4933333333333
2026-08-24T00:00:00,B,3162 制造六处自动组立套胶,6B0012,SF313-2608000301,26,UK561M200N300AP4APR,17,1275,1405,16.4933333333333
2026-08-24T00:00:00,B,3162 制造六处自动组立套胶,6B0015,SF313-2608000301,35,UK561M200N300AP4APR,17,10200,1160,1.9333333333333331
2026-08-25T00:00:00,A,3162 制造六处自动组立套胶,6B0009,SF313-2608000301,38,UK561M200N300AP4APR,17,1133,1432,21.482148214821482
2026-08-25T00:00:00,A,3162 制造六处自动组立套胶,6B0009,SF313-2608000301,40,UK561M200N300AP4APR,17,1133,1152,17.28172817281728
2026-08-25T00:00:00,A,3162 制造六处自动组立套胶,6B0009,SF313-2608000302,1,UK561M200N300AP4APR,17,1133,1435,21.52715271527153
2026-08-25T00:00:00,A,3162 制造六处自动组立套胶,6B0009,SF313-2608000302,5,UK561M200N300AP4APR,17,1133,1405,21.077107710771077
2026-08-25T00:00:00,A,3162 制造六处自动组立套胶,6B0009,SF313-2608000302,7,UK561M200N300AP4APR,17,1133,1225,18.37683768376838
2026-08-25T00:00:00,A,3162 制造六处自动组立套胶,6B0009,SF313-2608000302,14,UK561M200N300AP4APR,17,1133,1194,17.91179117911791
2026-08-25T00:00:00,A,3162 制造六处自动组立套胶,6B0009,SF313-2608000303,2,UK561M200N300AP4APR,17,1133,1197,17.956795679567957
2026-08-25T00:00:00,A,3162 制造六处自动组立套胶,6B0009,SF313-2608000303,4,UK561M200N300AP4APR,17,1133,1183,17.746774677467744
2026-08-25T00:00:00,A,3162 制造六处自动组立套胶,6B0009,SF313-2608000303,5,UK561M200N300AP4APR,17,1133,1185,17.776777677767775
2026-08-25T00:00:00,A,3162 制造六处自动组立套胶,6B0012,SF313-2608000300,14,UK561M200N300AP4APR,17,5100,1212,4.04
2026-08-25T00:00:00,A,3162 制造六处自动组立套胶,6B0012,SF313-2608000303,9,UK561M200N300AP4APR,17,5100,1173,3.91
2026-08-25T00:00:00,A,3162 制造六处自动组立套胶,6B0032,SF313-2608000303,16,UK561M200N300AP4APR,17,1700,1200,11.976047904191617
2026-08-25T00:00:00,A,3162 制造六处自动组立套胶,6B0032,SF313-2608000303,17,UK561M200N300AP4APR,17,1700,1200,11.976047904191617
2026-08-25T00:00:00,A,3162 制造六处自动组立套胶,6B0032,SF313-2608000303,20,UK561M200N300AP4APR,17,1700,1437,14.341317365269461
2026-08-25T00:00:00,A,3162 制造六处自动组立套胶,6B0032,SF313-2608000303,21,UK561M200N300AP4APR,17,1700,1438,14.351297405189621
2026-08-25T00:00:00,A,3162 制造六处自动组立套胶,6B0032,SF313-2608000303,22,UK561M200N300AP4APR,17,1700,1428,14.251497005988025
2026-08-25T00:00:00,A,3162 制造六处自动组立套胶,6B0032,SF313-2608000303,23,UK561M200N300AP4APR,17,1700,1434,14.311377245508982
2026-08-25T00:00:00,B,3162 制造六处自动组立套胶,6B0009,SF313-2608000300,41,UK561M200N300AP4APR,17,1133,1194,17.91179117911791
2026-08-25T00:00:00,B,3162 制造六处自动组立套胶,6B0009,SF313-2608000300,42,UK561M200N300AP4APR,17,1133,1170,17.551755175517552
2026-08-25T00:00:00,B,3162 制造六处自动组立套胶,6B0009,SF313-2608000301,31,UK561M200N300AP4APR,17,1133,1161,17.41674167416742
2026-08-25T00:00:00,B,3162 制造六处自动组立套胶,6B0009,SF313-2608000301,32,UK561M200N300AP4APR,17,1133,1417,21.25712571257126
2026-08-25T00:00:00,B,3162 制造六处自动组立套胶,6B0009,SF313-2608000301,36,UK561M200N300AP4APR,17,1133,1432,21.482148214821482
2026-08-25T00:00:00,B,3162 制造六处自动组立套胶,6B0009,SF313-2608000302,8,UK561M200N300AP4APR,17,1133,1427,21.40714071407141
2026-08-25T00:00:00,B,3162 制造六处自动组立套胶,6B0009,SF313-2608000302,10,UK561M200N300AP4APR,17,1133,1419,21.287128712871286
2026-08-25T00:00:00,B,3162 制造六处自动组立套胶,6B0009,SF313-2608000302,12,UK561M200N300AP4APR,17,1133,1185,17.776777677767775
2026-08-25T00:00:00,B,3162 制造六处自动组立套胶,6B0009,SF313-2608000303,7,UK561M200N300AP4APR,17,1133,1184,17.76177617761776
2026-08-25T00:00:00,B,3162 制造六处自动组立套胶,6B0012,SF313-2608000300,10,UK561M200N300AP4APR,17,2550,1238,8.253333333333334
2026-08-25T00:00:00,B,3162 制造六处自动组立套胶,6B0012,SF313-2608000300,12,UK561M200N300AP4APR,17,2550,1229,8.193333333333333
2026-08-25T00:00:00,B,3162 制造六处自动组立套胶,6B0012,SF313-2608000300,25,UK561M200N300AP4APR,17,2550,1218,8.120000000000001
2026-08-25T00:00:00,B,3162 制造六处自动组立套胶,6B0012,SF313-2608000300,36,UK561M200N300AP4APR,17,2550,1198,7.986666666666666
2026-08-25T00:00:00,B,3162 制造六处自动组立套胶,6B0015,SF313-2608000301,37,UK561M200N300AP4APR,17,10200,1428,2.38
2026-08-25T00:00:00,B,3162 制造六处自动组立套胶,6B0032,SF313-2608000303,8,UK561M200N300AP4APR,17,1700,1432,14.291417165668664
2026-08-25T00:00:00,B,3162 制造六处自动组立套胶,6B0032,SF313-2608000303,10,UK561M200N300AP4APR,17,1700,1439,14.361277445109781
2026-08-25T00:00:00,B,3162 制造六处自动组立套胶,6B0032,SF313-2608000303,12,UK561M200N300AP4APR,17,1700,1200,11.976047904191617
2026-08-25T00:00:00,B,3162 制造六处自动组立套胶,6B0032,SF313-2608000303,13,UK561M200N300AP4APR,17,1700,1200,11.976047904191617
2026-08-25T00:00:00,B,3162 制造六处自动组立套胶,6B0032,SF313-2608000303,14,UK561M200N300AP4APR,17,1700,1200,11.976047904191617
2026-08-25T00:00:00,B,3162 制造六处自动组立套胶,6B0032,SF313-2608000303,15,UK561M200N300AP4APR,17,1700,1200,11.976047904191617
2026-08-26T00:00:00,A,3162 制造六处自动组立套胶,6B0012,SF313-2608000304,4,UK561M200N300AP4APR,17,10200,1225,2.041666666666667
2026-08-26T00:00:00,A,3162 制造六处自动组立套胶,6B0032,SF313-2608000303,29,UK561M200N300AP4APR,17,2550,1400,9.333333333333332
2026-08-26T00:00:00,A,3162 制造六处自动组立套胶,6B0032,SF313-2608000303,30,UK561M200N300AP4APR,17,2550,1400,9.333333333333332
2026-08-26T00:00:00,A,3162 制造六处自动组立套胶,6B0032,SF313-2608000303,33,UK561M200N300AP4APR,17,2550,1434,9.559999999999999
2026-08-26T00:00:00,A,3162 制造六处自动组立套胶,6B0032,SF313-2608000303,34,UK561M200N300AP4APR,17,2550,1416,9.440000000000001
2026-08-26T00:00:00,B,3162 制造六处自动组立套胶,6B0009,SF313-2608000302,11,UK561M200N300AP4APR,17,2550,1234,8.226666666666667
2026-08-26T00:00:00,B,3162 制造六处自动组立套胶,6B0009,SF313-2608000302,16,UK561M200N300AP4APR,17,2550,1187,7.913333333333334
2026-08-26T00:00:00,B,3162 制造六处自动组立套胶,6B0009,SF313-2608000302,17,UK561M200N300AP4APR,17,2550,1232,8.213333333333335
2026-08-26T00:00:00,B,3162 制造六处自动组立套胶,6B0009,SF313-2608000302,18,UK561M200N300AP4APR,17,2550,1221,8.14
2026-08-26T00:00:00,B,3162 制造六处自动组立套胶,6B0012,SF313-2608000302,3,UK561M200N300AP4APR,17,1133,1424,21.362136213621362
2026-08-26T00:00:00,B,3162 制造六处自动组立套胶,6B0012,SF313-2608000302,13,UK561M200N300AP4APR,17,1133,1224,18.36183618361836
2026-08-26T00:00:00,B,3162 制造六处自动组立套胶,6B0012,SF313-2608000302,15,UK561M200N300AP4APR,17,1133,1231,18.466846684668464
2026-08-26T00:00:00,B,3162 制造六处自动组立套胶,6B0012,SF313-2608000302,24,UK561M200N300AP4APR,17,1133,1185,17.776777677767775
2026-08-26T00:00:00,B,3162 制造六处自动组立套胶,6B0012,SF313-2608000304,1,UK561M200N300AP4APR,17,1133,1241,18.61686168616862
2026-08-26T00:00:00,B,3162 制造六处自动组立套胶,6B0012,SF313-2608000304,2,UK561M200N300AP4APR,17,1133,1244,18.661866186618663
2026-08-26T00:00:00,B,3162 制造六处自动组立套胶,6B0012,SF313-2608000304,3,UK561M200N300AP4APR,17,1133,1248,18.72187218721872
2026-08-26T00:00:00,B,3162 制造六处自动组立套胶,6B0012,SF313-2608000304,7,UK561M200N300AP4APR,17,1133,1240,18.6018601860186
2026-08-26T00:00:00,B,3162 制造六处自动组立套胶,6B0012,SF313-2608000304,9,UK561M200N300AP4APR,17,1133,1253,18.796879687968797
2026-08-26T00:00:00,B,3162 制造六处自动组立套胶,6B0032,SF313-2608000303,24,UK561M200N300AP4APR,17,2040,1435,11.958333333333334
2026-08-26T00:00:00,B,3162 制造六处自动组立套胶,6B0032,SF313-2608000303,25,UK561M200N300AP4APR,17,2040,1400,11.666666666666666
2026-08-26T00:00:00,B,3162 制造六处自动组立套胶,6B0032,SF313-2608000303,26,UK561M200N300AP4APR,17,2040,1400,11.666666666666666
2026-08-26T00:00:00,B,3162 制造六处自动组立套胶,6B0032,SF313-2608000303,27,UK561M200N300AP4APR,17,2040,1400,11.666666666666666
2026-08-26T00:00:00,B,3162 制造六处自动组立套胶,6B0032,SF313-2608000303,28,UK561M200N300AP4APR,17,2040,1400,11.666666666666666
2026-08-27T00:00:00,A,3162 制造六处自动组立套胶,6B0007,SF313-2608000302,20,UK561M200N300AP4APR,17,2040,1222,10.183333333333334
2026-08-27T00:00:00,A,3162 制造六处自动组立套胶,6B0007,SF313-2608000302,21,UK561M200N300AP4APR,17,2040,1220,10.166666666666666
2026-08-27T00:00:00,A,3162 制造六处自动组立套胶,6B0007,SF313-2608000302,23,UK561M200N300AP4APR,17,2040,1220,10.166666666666666
2026-08-27T00:00:00,A,3162 制造六处自动组立套胶,6B0007,SF313-2608000302,27,UK561M200N300AP4APR,17,2040,1211,10.091666666666667
2026-08-27T00:00:00,A,3162 制造六处自动组立套胶,6B0007,SF313-2608000302,30,UK561M200N300AP4APR,17,2040,1192,9.933333333333334
2026-08-27T00:00:00,A,3162 制造六处自动组立套胶,6B0012,SF313-2608000304,11,UK561M200N300AP4APR,17,10200,1163,1.9383333333333332
2026-08-27T00:00:00,A,3162 制造六处自动组立套胶,6B0015,SF313-2608000302,44,UK561M200N300AP4APR,17,10200,1218,2.0300000000000002
2026-08-27T00:00:00,A,3162 制造六处自动组立套胶,6B0032,SF313-2608000303,35,UK561M200N300AP4APR,17,5100,1433,4.776666666666666
2026-08-27T00:00:00,A,3162 制造六处自动组立套胶,6B0032,SF313-2608000303,41,UK561M200N300AP4APR,17,5100,1400,4.666666666666666
2026-08-27T00:00:00,B,3162 制造六处自动组立套胶,6B0007,SF313-2608000304,13,UK561M200N300AP4APR,17,5100,1189,3.9633333333333334
2026-08-27T00:00:00,B,3162 制造六处自动组立套胶,6B0007,SF313-2608000304,14,UK561M200N300AP4APR,17,5100,1234,4.113333333333333
2026-08-27T00:00:00,B,3162 制造六处自动组立套胶,6B0012,SF313-2608000302,9,UK561M200N300AP4APR,17,1457,1213,14.137529137529137
2026-08-27T00:00:00,B,3162 制造六处自动组立套胶,6B0012,SF313-2608000302,22,UK561M200N300AP4APR,17,1457,1212,14.125874125874127
2026-08-27T00:00:00,B,3162 制造六处自动组立套胶,6B0012,SF313-2608000302,26,UK561M200N300AP4APR,17,1457,1212,14.125874125874127
2026-08-27T00:00:00,B,3162 制造六处自动组立套胶,6B0012,SF313-2608000302,28,UK561M200N300AP4APR,17,1457,1191,13.881118881118883
2026-08-27T00:00:00,B,3162 制造六处自动组立套胶,6B0012,SF313-2608000302,32,UK561M200N300AP4APR,17,1457,1193,13.904428904428904
2026-08-27T00:00:00,B,3162 制造六处自动组立套胶,6B0012,SF313-2608000303,18,UK561M200N300AP4APR,17,1457,1205,14.044289044289044
2026-08-27T00:00:00,B,3162 制造六处自动组立套胶,6B0012,SF313-2608000303,19,UK561M200N300AP4APR,17,1457,1239,14.44055944055944
2026-08-27T00:00:00,B,3162 制造六处自动组立套胶,6B0015,SF313-2608000302,19,UK561M200N300AP4APR,17,3400,1201,6.011011011011011
2026-08-27T00:00:00,B,3162 制造六处自动组立套胶,6B0015,SF313-2608000302,38,UK561M200N300AP4APR,17,3400,1196,5.985985985985986
2026-08-27T00:00:00,B,3162 制造六处自动组立套胶,6B0015,SF313-2608000302,42,UK561M200N300AP4APR,17,3400,1213,6.071071071071071
2026-08-27T00:00:00,B,3162 制造六处自动组立套胶,6B0032,SF313-2608000303,36,UK561M200N300AP4APR,17,2040,1424,11.866666666666667
2026-08-27T00:00:00,B,3162 制造六处自动组立套胶,6B0032,SF313-2608000303,37,UK561M200N300AP4APR,17,2040,1400,11.666666666666666
2026-08-27T00:00:00,B,3162 制造六处自动组立套胶,6B0032,SF313-2608000303,38,UK561M200N300AP4APR,17,2040,1400,11.666666666666666
2026-08-27T00:00:00,B,3162 制造六处自动组立套胶,6B0032,SF313-2608000303,39,UK561M200N300AP4APR,17,2040,1400,11.666666666666666
2026-08-27T00:00:00,B,3162 制造六处自动组立套胶,6B0032,SF313-2608000303,40,UK561M200N300AP4APR,17,2040,1400,11.666666666666666
2026-08-28T00:00:00,A,3162 制造六处自动组立套胶,6B0007,SF313-2608000303,32,UK561M200N300AP4APR,17,1457,1200,13.986013986013987
2026-08-28T00:00:00,A,3162 制造六处自动组立套胶,6B0007,SF313-2608000304,5,UK561M200N300AP4APR,17,1457,1140,13.286713286713287
2026-08-28T00:00:00,A,3162 制造六处自动组立套胶,6B0007,SF313-2608000304,6,UK561M200N300AP4APR,17,1457,1162,13.543123543123544
2026-08-28T00:00:00,A,3162 制造六处自动组立套胶,6B0007,SF313-2608000304,12,UK561M200N300AP4APR,17,1457,1187,13.834498834498836
2026-08-28T00:00:00,A,3162 制造六处自动组立套胶,6B0007,SF313-2608000304,17,UK561M200N300AP4APR,17,1457,1243,14.487179487179487
2026-08-28T00:00:00,A,3162 制造六处自动组立套胶,6B0007,SF313-2608000304,18,UK561M200N300AP4APR,17,1457,1236,14.405594405594407
2026-08-28T00:00:00,A,3162 制造六处自动组立套胶,6B0007,SF313-2608000304,19,UK561M200N300AP4APR,17,1457,1220,14.21911421911422
2026-08-28T00:00:00,B,3162 制造六处自动组立套胶,6B0007,SF313-2608000302,2,UK561M200N300AP4APR,17,1700,1220,12.17564870259481
2026-08-28T00:00:00,B,3162 制造六处自动组立套胶,6B0007,SF313-2608000302,25,UK561M200N300AP4APR,17,1700,1221,12.185628742514972
2026-08-28T00:00:00,B,3162 制造六处自动组立套胶,6B0007,SF313-2608000304,10,UK561M200N300AP4APR,17,1700,1197,11.946107784431138
2026-08-28T00:00:00,B,3162 制造六处自动组立套胶,6B0007,SF313-2608000304,15,UK561M200N300AP4APR,17,1700,1247,12.445109780439124
2026-08-28T00:00:00,B,3162 制造六处自动组立套胶,6B0007,SF313-2608000304,16,UK561M200N300AP4APR,17,1700,1242,12.395209580838323
2026-08-28T00:00:00,B,3162 制造六处自动组立套胶,6B0007,SF313-2608000304,22,UK561M200N300AP4APR,17,1700,1246,12.435129740518962
2026-08-28T00:00:00,B,3162 制造六处自动组立套胶,6B0015,SF313-2608000302,4,UK561M200N300AP4APR,17,5100,1179,3.9299999999999997
2026-08-28T00:00:00,B,3162 制造六处自动组立套胶,6B0015,SF313-2608000302,6,UK561M200N300AP4APR,17,5100,1190,3.9666666666666663
2026-08-29T00:00:00,A,3162 制造六处自动组立套胶,6B0007,SF313-2608000302,29,UK561M200N300AP4APR,17,1275,1208,16.4933333333333
2026-08-29T00:00:00,A,3162 制造六处自动组立套胶,6B0007,SF313-2608000302,31,UK561M200N300AP4APR,17,1275,1207,16.4933333333333
2026-08-29T00:00:00,A,3162 制造六处自动组立套胶,6B0007,SF313-2608000302,33,UK561M200N300AP4APR,17,1275,1216,16.4933333333333
2026-08-29T00:00:00,A,3162 制造六处自动组立套胶,6B0007,SF313-2608000302,34,UK561M200N300AP4APR,17,1275,1209,16.4933333333333
2026-08-29T00:00:00,A,3162 制造六处自动组立套胶,6B0007,SF313-2608000302,36,UK561M200N300AP4APR,17,1275,1428,16.4933333333333
2026-08-29T00:00:00,A,3162 制造六处自动组立套胶,6B0007,SF313-2608000302,37,UK561M200N300AP4APR,17,1275,1439,16.4933333333333
2026-08-29T00:00:00,A,3162 制造六处自动组立套胶,6B0007,SF313-2608000302,43,UK561M200N300AP4APR,17,1275,1256,16.4933333333333
2026-08-29T00:00:00,A,3162 制造六处自动组立套胶,6B0007,SF313-2608000302,45,UK561M200N300AP4APR,17,1275,1235,16.4933333333333
2026-08-29T00:00:00,B,3162 制造六处自动组立套胶,6B0007,SF313-2608000302,39,UK561M200N300AP4APR,17,2550,1238,8.253333333333334
2026-08-29T00:00:00,B,3162 制造六处自动组立套胶,6B0007,SF313-2608000302,40,UK561M200N300AP4APR,17,2550,1209,8.059999999999999
2026-08-29T00:00:00,B,3162 制造六处自动组立套胶,6B0007,SF313-2608000304,8,UK561M200N300AP4APR,17,2550,1159,7.726666666666667
2026-08-29T00:00:00,B,3162 制造六处自动组立套胶,6B0007,SF313-2608000304,28,UK561M200N300AP4APR,17,2550,1155,7.7
2026-08-30T00:00:00,A,3162 制造六处自动组立套胶,6B0007,SF313-2608000304,23,UK561M200N300AP4APR,17,5100,1252,4.173333333333334
2026-08-30T00:00:00,A,3162 制造六处自动组立套胶,6B0007,SF313-2608000304,24,UK561M200N300AP4APR,17,5100,1248,4.16
2026-08-30T00:00:00,A,3162 制造六处自动组立套胶,6B0012,SF313-2608000384,2,UK561M200N300AP4APR,17,5100,1428,4.76
2026-08-30T00:00:00,A,3162 制造六处自动组立套胶,6B0012,SF313-2608000384,3,UK561M200N300AP4APR,17,5100,1256,4.1866666666666665
2026-08-30T00:00:00,B,3162 制造六处自动组立套胶,6B0007,SF313-2608000302,46,UK561M200N300AP4APR,17,2550,1209,8.059999999999999
2026-08-30T00:00:00,B,3162 制造六处自动组立套胶,6B0007,SF313-2608000304,20,UK561M200N300AP4APR,17,2550,1251,8.34
2026-08-30T00:00:00,B,3162 制造六处自动组立套胶,6B0007,SF313-2608000304,25,UK561M200N300AP4APR,17,2550,1200,8
2026-08-30T00:00:00,B,3162 制造六处自动组立套胶,6B0007,SF313-2608000304,26,UK561M200N300AP4APR,17,2550,1186,7.906666666666666
2026-08-30T00:00:00,B,3162 制造六处自动组立套胶,6B0012,SF313-2608000304,30,UK561M200N300AP4APR,17,2550,1199,7.993333333333334
2026-08-30T00:00:00,B,3162 制造六处自动组立套胶,6B0012,SF313-2608000304,32,UK561M200N300AP4APR,17,2550,1195,7.966666666666667
2026-08-30T00:00:00,B,3162 制造六处自动组立套胶,6B0012,SF313-2608000304,33,UK561M200N300AP4APR,17,2550,1171,7.806666666666667
2026-08-30T00:00:00,B,3162 制造六处自动组立套胶,6B0012,SF313-2608000304,34,UK561M200N300AP4APR,17,2550,1189,7.926666666666667
2026-08-31T00:00:00,A,3162 制造六处自动组立套胶,6B0007,SF313-2608000303,31,UK561M200N300AP4APR,17,1457,1200,13.986013986013987
2026-08-31T00:00:00,A,3162 制造六处自动组立套胶,6B0007,SF313-2608000304,21,UK561M200N300AP4APR,17,1457,1256,14.63869463869464
2026-08-31T00:00:00,A,3162 制造六处自动组立套胶,6B0007,SF313-2608000304,27,UK561M200N300AP4APR,17,1457,1167,13.601398601398602
2026-08-31T00:00:00,A,3162 制造六处自动组立套胶,6B0007,SF313-2608000304,35,UK561M200N300AP4APR,17,1457,1147,13.368298368298369
2026-08-31T00:00:00,A,3162 制造六处自动组立套胶,6B0007,SF313-2608000382,1,UK561M200N300AP4APR,17,1457,1232,14.358974358974361
2026-08-31T00:00:00,A,3162 制造六处自动组立套胶,6B0007,SF313-2608000382,9,UK561M200N300AP4APR,17,1457,1244,14.4988344988345
2026-08-31T00:00:00,A,3162 制造六处自动组立套胶,6B0007,SF313-2608000384,4,UK561M200N300AP4APR,17,1457,1190,13.86946386946387
2026-08-31T00:00:00,A,3162 制造六处自动组立套胶,6B0012,SF313-2608000304,31,UK561M200N300AP4APR,17,1700,1178,11.756487025948104
2026-08-31T00:00:00,A,3162 制造六处自动组立套胶,6B0012,SF313-2608000382,3,UK561M200N300AP4APR,17,1700,1251,12.485029940119762
2026-08-31T00:00:00,A,3162 制造六处自动组立套胶,6B0012,SF313-2608000382,5,UK561M200N300AP4APR,17,1700,1220,12.17564870259481
2026-08-31T00:00:00,A,3162 制造六处自动组立套胶,6B0012,SF313-2608000383,7,UK561M200N300AP4APR,17,1700,1167,11.646706586826348
2026-08-31T00:00:00,A,3162 制造六处自动组立套胶,6B0012,SF313-2608000383,11,UK561M200N300AP4APR,17,1700,1192,11.89620758483034
2026-08-31T00:00:00,A,3162 制造六处自动组立套胶,6B0012,SF313-2608000384,1,UK561M200N300AP4APR,17,1700,1189,11.86626746506986
2026-08-31T00:00:00,A,3162 制造六处自动组立套胶,6B0015,SF313-2608000383,6,UK561M200N300AP4APR,17,2550,1168,7.786666666666666
2026-08-31T00:00:00,A,3162 制造六处自动组立套胶,6B0015,SF313-2608000383,8,UK561M200N300AP4APR,17,2550,1195,7.966666666666667
2026-08-31T00:00:00,A,3162 制造六处自动组立套胶,6B0015,SF313-2608000383,9,UK561M200N300AP4APR,17,2550,1155,7.7
2026-08-31T00:00:00,A,3162 制造六处自动组立套胶,6B0015,SF313-2608000383,10,UK561M200N300AP4APR,17,2550,1191,7.94
2026-08-31T00:00:00,B,3162 制造六处自动组立套胶,6B0007,SF313-2608000300,39,UK561M200N300AP4APR,17,5100,200,0.6666666666666667
2026-08-31T00:00:00,B,3162 制造六处自动组立套胶,6B0007,SF313-2608000382,7,UK561M200N300AP4APR,17,5100,1248,4.16
2026-08-31T00:00:00,B,3162 制造六处自动组立套胶,6B0015,SF313-2608000302,41,UK561M200N300AP4APR,17,1700,511,5.099800399201597
2026-08-31T00:00:00,B,3162 制造六处自动组立套胶,6B0015,SF313-2608000383,5,UK561M200N300AP4APR,17,1700,1148,11.457085828343313
2026-08-31T00:00:00,B,3162 制造六处自动组立套胶,6B0015,SF313-2608000384,7,UK561M200N300AP4APR,17,1700,1193,11.9061876247505
2026-08-31T00:00:00,B,3162 制造六处自动组立套胶,6B0015,SF313-2608000384,10,UK561M200N300AP4APR,17,1700,1192,11.89620758483034
2026-08-31T00:00:00,B,3162 制造六处自动组立套胶,6B0015,SF313-2608000384,11,UK561M200N300AP4APR,17,1700,1197,11.946107784431138
2026-08-31T00:00:00,B,3162 制造六处自动组立套胶,6B0015,SF313-2608000384,12,UK561M200N300AP4APR,17,1700,1194,11.916167664670658
2026-09-01T00:00:00,A,3162 制造六处自动组立套胶,6B0007,SF313-2608000382,17,UK561M200N300AP4APR,17,3400,1246,6.236236236236236
2026-09-01T00:00:00,A,3162 制造六处自动组立套胶,6B0007,SF313-2608000383,14,UK561M200N300AP4APR,17,3400,1182,5.915915915915916
2026-09-01T00:00:00,A,3162 制造六处自动组立套胶,6B0007,SF313-2608000383,20,UK561M200N300AP4APR,17,3400,1171,5.8608608608608606
2026-09-01T00:00:00,A,3162 制造六处自动组立套胶,6B0009,SF313-2608000304,36,UK561M200N300AP4APR,17,5100,1178,3.9266666666666667
2026-09-01T00:00:00,A,3162 制造六处自动组立套胶,6B0009,SF313-2608000383,2,UK561M200N300AP4APR,17,5100,1197,3.9899999999999998
2026-09-01T00:00:00,A,3162 制造六处自动组立套胶,6B0012,SF313-2608000383,24,UK561M200N300AP4APR,17,2550,1200,8
2026-09-01T00:00:00,A,3162 制造六处自动组立套胶,6B0012,SF313-2608000383,25,UK561M200N300AP4APR,17,2550,1201,8.006666666666666
2026-09-01T00:00:00,A,3162 制造六处自动组立套胶,6B0012,SF313-2608000383,26,UK561M200N300AP4APR,17,2550,1196,7.973333333333334
2026-09-01T00:00:00,A,3162 制造六处自动组立套胶,6B0012,SF313-2608000384,13,UK561M200N300AP4APR,17,2550,1216,8.106666666666666
2026-09-01T00:00:00,B,3162 制造六处自动组立套胶,6B0007,SF313-2608000382,6,UK561M200N300AP4APR,17,1275,1246,16.4933333333333
2026-09-01T00:00:00,B,3162 制造六处自动组立套胶,6B0007,SF313-2608000382,8,UK561M200N300AP4APR,17,1275,1255,16.4933333333333
2026-09-01T00:00:00,B,3162 制造六处自动组立套胶,6B0007,SF313-2608000382,13,UK561M200N300AP4APR,17,1275,1244,16.4933333333333
2026-09-01T00:00:00,B,3162 制造六处自动组立套胶,6B0007,SF313-2608000382,19,UK561M200N300AP4APR,17,1275,1239,16.4933333333333
2026-09-01T00:00:00,B,3162 制造六处自动组立套胶,6B0007,SF313-2608000383,13,UK561M200N300AP4APR,17,1275,1187,16.4933333333333
2026-09-01T00:00:00,B,3162 制造六处自动组立套胶,6B0007,SF313-2608000383,15,UK561M200N300AP4APR,17,1275,1189,16.4933333333333
2026-09-01T00:00:00,B,3162 制造六处自动组立套胶,6B0007,SF313-2608000383,17,UK561M200N300AP4APR,17,1275,1184,16.4933333333333
2026-09-01T00:00:00,B,3162 制造六处自动组立套胶,6B0007,SF313-2608000384,15,UK561M200N300AP4APR,17,1275,1243,16.4933333333333
2026-09-01T00:00:00,B,3162 制造六处自动组立套胶,6B0009,SF313-2608000383,1,UK561M200N300AP4APR,17,3400,1198,5.995995995995996
2026-09-01T00:00:00,B,3162 制造六处自动组立套胶,6B0009,SF313-2608000383,3,UK561M200N300AP4APR,17,3400,1204,6.026026026026026
2026-09-01T00:00:00,B,3162 制造六处自动组立套胶,6B0009,SF313-2608000383,4,UK561M200N300AP4APR,17,3400,1161,5.810810810810811
2026-09-01T00:00:00,B,3162 制造六处自动组立套胶,6B0012,SF313-2608000382,2,UK561M200N300AP4APR,17,1275,1200,16.4933333333333
2026-09-01T00:00:00,B,3162 制造六处自动组立套胶,6B0012,SF313-2608000382,14,UK561M200N300AP4APR,17,1275,1238,16.4933333333333
2026-09-01T00:00:00,B,3162 制造六处自动组立套胶,6B0012,SF313-2608000384,5,UK561M200N300AP4APR,17,1275,1199,16.4933333333333
2026-09-01T00:00:00,B,3162 制造六处自动组立套胶,6B0012,SF313-2608000384,6,UK561M200N300AP4APR,17,1275,1199,16.4933333333333
2026-09-01T00:00:00,B,3162 制造六处自动组立套胶,6B0012,SF313-2608000384,8,UK561M200N300AP4APR,17,1275,1191,16.4933333333333
2026-09-01T00:00:00,B,3162 制造六处自动组立套胶,6B0012,SF313-2608000384,9,UK561M200N300AP4APR,17,1275,1183,16.4933333333333
2026-09-01T00:00:00,B,3162 制造六处自动组立套胶,6B0012,SF313-2608000384,16,UK561M200N300AP4APR,17,1275,1202,16.4933333333333
2026-09-01T00:00:00,B,3162 制造六处自动组立套胶,6B0012,SF313-2608000384,17,UK561M200N300AP4APR,17,1275,1227,16.4933333333333
2026-09-02T00:00:00,A,3162 制造六处自动组立套胶,6B0007,SF313-2608000382,24,UK561M200N300AP4APR,17,1457,1225,14.277389277389279
2026-09-02T00:00:00,A,3162 制造六处自动组立套胶,6B0007,SF313-2608000382,25,UK561M200N300AP4APR,17,1457,1159,13.508158508158509
2026-09-02T00:00:00,A,3162 制造六处自动组立套胶,6B0007,SF313-2608000382,27,UK561M200N300AP4APR,17,1457,1245,14.510489510489512
2026-09-02T00:00:00,A,3162 制造六处自动组立套胶,6B0007,SF313-2608000382,31,UK561M200N300AP4APR,17,1457,1183,13.787878787878787
2026-09-02T00:00:00,A,3162 制造六处自动组立套胶,6B0007,SF313-2608000383,18,UK561M200N300AP4APR,17,1457,1197,13.951048951048952
2026-09-02T00:00:00,A,3162 制造六处自动组立套胶,6B0007,SF313-2608000383,19,UK561M200N300AP4APR,17,1457,1179,13.741258741258742
2026-09-02T00:00:00,A,3162 制造六处自动组立套胶,6B0007,SF313-2608000383,22,UK561M200N300AP4APR,17,1457,1181,13.764568764568766
2026-09-02T00:00:00,A,3162 制造六处自动组立套胶,6B0009,SF313-2608000304,29,UK561M200N300AP4APR,17,10200,955,1.5916666666666666
2026-09-02T00:00:00,A,3162 制造六处自动组立套胶,6B0012,SF313-2608000382,10,UK561M200N300AP4APR,17,1275,1262,16.4933333333333
2026-09-02T00:00:00,A,3162 制造六处自动组立套胶,6B0012,SF313-2608000382,12,UK561M200N300AP4APR,17,1275,1264,16.4933333333333
2026-09-02T00:00:00,A,3162 制造六处自动组立套胶,6B0012,SF313-2608000382,15,UK561M200N300AP4APR,17,1275,1225,16.4933333333333
2026-09-02T00:00:00,A,3162 制造六处自动组立套胶,6B0012,SF313-2608000382,16,UK561M200N300AP4APR,17,1275,1210,16.4933333333333
2026-09-02T00:00:00,A,3162 制造六处自动组立套胶,6B0012,SF313-2608000382,20,UK561M200N300AP4APR,17,1275,1231,16.4933333333333
2026-09-02T00:00:00,A,3162 制造六处自动组立套胶,6B0012,SF313-2608000382,22,UK561M200N300AP4APR,17,1275,1219,16.4933333333333
2026-09-02T00:00:00,A,3162 制造六处自动组立套胶,6B0012,SF313-2608000382,23,UK561M200N300AP4APR,17,1275,1233,16.4933333333333
2026-09-02T00:00:00,A,3162 制造六处自动组立套胶,6B0012,SF313-2608000383,16,UK561M200N300AP4APR,17,1275,1184,16.4933333333333
2026-09-02T00:00:00,B,3162 制造六处自动组立套胶,6B0007,SF313-2608000382,18,UK561M200N300AP4APR,17,1275,1242,16.4933333333333
2026-09-02T00:00:00,B,3162 制造六处自动组立套胶,6B0007,SF313-2608000382,21,UK561M200N300AP4APR,17,1275,1216,16.4933333333333
2026-09-02T00:00:00,B,3162 制造六处自动组立套胶,6B0007,SF313-2608000382,26,UK561M200N300AP4APR,17,1275,1240,16.4933333333333
2026-09-02T00:00:00,B,3162 制造六处自动组立套胶,6B0007,SF313-2608000382,28,UK561M200N300AP4APR,17,1275,1270,16.4933333333333
2026-09-02T00:00:00,B,3162 制造六处自动组立套胶,6B0007,SF313-2608000382,32,UK561M200N300AP4APR,17,1275,1196,16.4933333333333
2026-09-02T00:00:00,B,3162 制造六处自动组立套胶,6B0007,SF313-2608000382,33,UK561M200N300AP4APR,17,1275,1203,16.4933333333333
2026-09-02T00:00:00,B,3162 制造六处自动组立套胶,6B0007,SF313-2608000383,21,UK561M200N300AP4APR,17,1275,1183,16.4933333333333
2026-09-02T00:00:00,B,3162 制造六处自动组立套胶,6B0007,SF313-2608000383,23,UK561M200N300AP4APR,17,1275,1175,16.4933333333333
2026-09-02T00:00:00,B,3162 制造六处自动组立套胶,6B0012,SF313-2608000382,29,UK561M200N300AP4APR,17,1457,1192,13.892773892773894
2026-09-02T00:00:00,B,3162 制造六处自动组立套胶,6B0012,SF313-2608000383,12,UK561M200N300AP4APR,17,1457,1170,13.636363636363637
2026-09-02T00:00:00,B,3162 制造六处自动组立套胶,6B0012,SF313-2608000383,28,UK561M200N300AP4APR,17,1457,1200,13.986013986013987
2026-09-02T00:00:00,B,3162 制造六处自动组立套胶,6B0012,SF313-2608000383,30,UK561M200N300AP4APR,17,1457,1203,14.020979020979022
2026-09-02T00:00:00,B,3162 制造六处自动组立套胶,6B0012,SF313-2608000383,32,UK561M200N300AP4APR,17,1457,1202,14.009324009324011
2026-09-02T00:00:00,B,3162 制造六处自动组立套胶,6B0012,SF313-2608000383,33,UK561M200N300AP4APR,17,1457,1209,14.09090909090909
2026-09-02T00:00:00,B,3162 制造六处自动组立套胶,6B0012,SF313-2608000383,35,UK561M200N300AP4APR,17,1457,1199,13.974358974358976
2026-09-03T00:00:00,A,3162 制造六处自动组立套胶,6B0007,SF313-2608000382,37,UK561M200N300AP4APR,17,1700,1148,11.457085828343313
2026-09-03T00:00:00,A,3162 制造六处自动组立套胶,6B0007,SF313-2608000382,38,UK561M200N300AP4APR,17,1700,1172,11.696606786427147
2026-09-03T00:00:00,A,3162 制造六处自动组立套胶,6B0007,SF313-2608000382,42,UK561M200N300AP4APR,17,1700,1164,11.616766467065867
2026-09-03T00:00:00,A,3162 制造六处自动组立套胶,6B0007,SF313-2608000383,27,UK561M200N300AP4APR,17,1700,1204,12.015968063872256
2026-09-03T00:00:00,A,3162 制造六处自动组立套胶,6B0007,SF313-2608000383,29,UK561M200N300AP4APR,17,1700,1203,12.005988023952098
2026-09-03T00:00:00,A,3162 制造六处自动组立套胶,6B0007,SF313-2608000383,31,UK561M200N300AP4APR,17,1700,1206,12.035928143712576
2026-09-03T00:00:00,A,3162 制造六处自动组立套胶,6B0012,SF313-2608000382,11,UK561M200N300AP4APR,17,2040,1211,10.091666666666667
2026-09-03T00:00:00,A,3162 制造六处自动组立套胶,6B0012,SF313-2608000382,30,UK561M200N300AP4APR,17,2040,1208,10.066666666666666
2026-09-03T00:00:00,A,3162 制造六处自动组立套胶,6B0012,SF313-2608000382,34,UK561M200N300AP4APR,17,2040,1213,10.108333333333333
2026-09-03T00:00:00,A,3162 制造六处自动组立套胶,6B0012,SF313-2608000383,34,UK561M200N300AP4APR,17,2040,1185,9.875
2026-09-03T00:00:00,A,3162 制造六处自动组立套胶,6B0012,SF313-2608000383,42,UK561M200N300AP4APR,17,2040,1177,9.808333333333334
2026-09-03T00:00:00,B,3162 制造六处自动组立套胶,6B0007,SF313-2608000382,36,UK561M200N300AP4APR,17,2040,1191,9.925
2026-09-03T00:00:00,B,3162 制造六处自动组立套胶,6B0007,SF313-2608000383,36,UK561M200N300AP4APR,17,2040,1187,9.891666666666667
2026-09-03T00:00:00,B,3162 制造六处自动组立套胶,6B0007,SF313-2608000383,37,UK561M200N300AP4APR,17,2040,1207,10.058333333333334
2026-09-03T00:00:00,B,3162 制造六处自动组立套胶,6B0007,SF313-2608000383,38,UK561M200N300AP4APR,17,2040,1440,12
2026-09-03T00:00:00,B,3162 制造六处自动组立套胶,6B0007,SF313-2608000383,39,UK561M200N300AP4APR,17,2040,1440,12
2026-09-04T00:00:00,B,3162 制造六处自动组立套胶,6B0007,SF313-2608000383,43,UK561M200N300AP4APR,17,5100,1181,3.9366666666666665
2026-09-04T00:00:00,B,3162 制造六处自动组立套胶,6B0007,SF313-2608000384,14,UK561M200N300AP4APR,17,5100,1204,4.013333333333334
2026-09-04T00:00:00,B,3162 制造六处自动组立套胶,6B0012,SF313-2608000382,4,UK561M200N300AP4APR,17,2550,1200,8
2026-09-04T00:00:00,B,3162 制造六处自动组立套胶,6B0012,SF313-2608000382,35,UK561M200N300AP4APR,17,2550,1183,7.886666666666666
2026-09-04T00:00:00,B,3162 制造六处自动组立套胶,6B0012,SF313-2608000382,39,UK561M200N300AP4APR,17,2550,1183,7.886666666666666
2026-09-04T00:00:00,B,3162 制造六处自动组立套胶,6B0012,SF313-2608000382,41,UK561M200N300AP4APR,17,2550,1196,7.973333333333334
2026-09-05T00:00:00,A,3162 制造六处自动组立套胶,6B0012,SF313-2608000303,42,UK561M200N300AP4APR,17,10200,1126,1.8766666666666665
2026-08-22T00:00:00,B,3164 制造六处老化选别,6D0005,SF313-2608000300,5,UK561M200N300AP4APR,19,11400,1192,1.9866666666666668
2026-08-23T00:00:00,A,3164 制造六处老化选别,6D0005,SF313-2608000300,1,UK561M200N300AP4APR,19,1629,1237,14.417249417249419
2026-08-23T00:00:00,A,3164 制造六处老化选别,6D0005,SF313-2608000300,4,UK561M200N300AP4APR,19,1629,1210,14.102564102564104
2026-08-23T00:00:00,A,3164 制造六处老化选别,6D0005,SF313-2608000300,7,UK561M200N300AP4APR,19,1629,1184,13.799533799533801
2026-08-23T00:00:00,A,3164 制造六处老化选别,6D0005,SF313-2608000300,18,UK561M200N300AP4APR,19,1629,1220,14.21911421911422
2026-08-23T00:00:00,A,3164 制造六处老化选别,6D0005,SF313-2608000301,1,UK561M200N300AP4APR,19,1629,1368,15.944055944055945
2026-08-23T00:00:00,A,3164 制造六处老化选别,6D0005,SF313-2608000301,5,UK561M200N300AP4APR,19,1629,1114,12.983682983682984
2026-08-23T00:00:00,A,3164 制造六处老化选别,6D0005,SF313-2608000301,8,UK561M200N300AP4APR,19,1629,1183,13.787878787878787
2026-08-23T00:00:00,B,3164 制造六处老化选别,6D0005,SF313-2608000300,3,UK561M200N300AP4APR,19,1267,1180,17.701770177017703
2026-08-23T00:00:00,B,3164 制造六处老化选别,6D0005,SF313-2608000300,6,UK561M200N300AP4APR,19,1267,1197,17.956795679567957
2026-08-23T00:00:00,B,3164 制造六处老化选别,6D0005,SF313-2608000300,8,UK561M200N300AP4APR,19,1267,1179,17.686768676867686
2026-08-23T00:00:00,B,3164 制造六处老化选别,6D0005,SF313-2608000300,16,UK561M200N300AP4APR,19,1267,1223,18.346834683468348
2026-08-23T00:00:00,B,3164 制造六处老化选别,6D0005,SF313-2608000300,20,UK561M200N300AP4APR,19,1267,1151,17.266726672667268
2026-08-23T00:00:00,B,3164 制造六处老化选别,6D0005,SF313-2608000300,23,UK561M200N300AP4APR,19,1267,1194,17.91179117911791
2026-08-23T00:00:00,B,3164 制造六处老化选别,6D0005,SF313-2608000301,2,UK561M200N300AP4APR,19,1267,1402,21.032103210321033
2026-08-23T00:00:00,B,3164 制造六处老化选别,6D0005,SF313-2608000301,3,UK561M200N300AP4APR,19,1267,1433,21.497149714971496
2026-08-23T00:00:00,B,3164 制造六处老化选别,6D0005,SF313-2608000301,4,UK561M200N300AP4APR,19,1267,1440,21.602160216021602
2026-08-24T00:00:00,A,3164 制造六处老化选别,6D0005,SF313-2608000300,11,UK561M200N300AP4APR,19,2280,1225,10.208333333333334
2026-08-24T00:00:00,A,3164 制造六处老化选别,6D0005,SF313-2608000300,13,UK561M200N300AP4APR,19,2280,1220,10.166666666666666
2026-08-24T00:00:00,A,3164 制造六处老化选别,6D0005,SF313-2608000300,34,UK561M200N300AP4APR,19,2280,1184,9.866666666666667
2026-08-24T00:00:00,A,3164 制造六处老化选别,6D0005,SF313-2608000301,22,UK561M200N300AP4APR,19,2280,1426,11.883333333333333
2026-08-24T00:00:00,A,3164 制造六处老化选别,6D0005,SF313-2608000301,26,UK561M200N300AP4APR,19,2280,1405,11.708333333333334
2026-08-24T00:00:00,A,3164 制造六处老化选别,6D0009,SF313-2608000300,24,UK561M200N300AP4APR,19,1900,1194,11.916167664670658
2026-08-24T00:00:00,A,3164 制造六处老化选别,6D0009,SF313-2608000300,30,UK561M200N300AP4APR,19,1900,1187,11.846307385229542
2026-08-24T00:00:00,A,3164 制造六处老化选别,6D0009,SF313-2608000300,32,UK561M200N300AP4APR,19,1900,1193,11.9061876247505
2026-08-24T00:00:00,A,3164 制造六处老化选别,6D0009,SF313-2608000301,19,UK561M200N300AP4APR,19,1900,1184,11.816367265469063
2026-08-24T00:00:00,A,3164 制造六处老化选别,6D0009,SF313-2608000301,21,UK561M200N300AP4APR,19,1900,1196,11.936127744510978
2026-08-24T00:00:00,A,3164 制造六处老化选别,6D0009,SF313-2608000301,25,UK561M200N300AP4APR,19,1900,1400,13.972055888223553
2026-08-24T00:00:00,A,3164 制造六处老化选别,6FX02,SF313-2608000300,9,UK561M200N300AP4APR,19,5700,1215,4.05
2026-08-24T00:00:00,A,3164 制造六处老化选别,6FX02,SF313-2608000301,14,UK561M200N300AP4APR,19,5700,1422,4.74
2026-08-24T00:00:00,B,3164 制造六处老化选别,6D0005,SF313-2608000300,2,UK561M200N300AP4APR,19,1140,1240,20.666666666666668
2026-08-24T00:00:00,B,3164 制造六处老化选别,6D0005,SF313-2608000300,15,UK561M200N300AP4APR,19,1140,1240,20.666666666666668
2026-08-24T00:00:00,B,3164 制造六处老化选别,6D0005,SF313-2608000300,19,UK561M200N300AP4APR,19,1140,1228,20.466666666666665
2026-08-24T00:00:00,B,3164 制造六处老化选别,6D0005,SF313-2608000300,31,UK561M200N300AP4APR,19,1140,1207,20.116666666666667
2026-08-24T00:00:00,B,3164 制造六处老化选别,6D0005,SF313-2608000300,33,UK561M200N300AP4APR,19,1140,1199,19.983333333333334
2026-08-24T00:00:00,B,3164 制造六处老化选别,6D0005,SF313-2608000301,6,UK561M200N300AP4APR,19,1140,1114,18.566666666666666
2026-08-24T00:00:00,B,3164 制造六处老化选别,6D0005,SF313-2608000301,7,UK561M200N300AP4APR,19,1140,1192,19.866666666666667
2026-08-24T00:00:00,B,3164 制造六处老化选别,6D0005,SF313-2608000301,13,UK561M200N300AP4APR,19,1140,1402,23.366666666666667
2026-08-24T00:00:00,B,3164 制造六处老化选别,6D0005,SF313-2608000301,16,UK561M200N300AP4APR,19,1140,1405,23.416666666666668
2026-08-24T00:00:00,B,3164 制造六处老化选别,6D0005,SF313-2608000301,24,UK561M200N300AP4APR,19,1140,1402,23.366666666666667
2026-08-24T00:00:00,B,3164 制造六处老化选别,6D0009,SF313-2608000300,17,UK561M200N300AP4APR,19,1900,1225,12.22554890219561
2026-08-24T00:00:00,B,3164 制造六处老化选别,6D0009,SF313-2608000300,26,UK561M200N300AP4APR,19,1900,1212,12.095808383233534
2026-08-24T00:00:00,B,3164 制造六处老化选别,6D0009,SF313-2608000301,17,UK561M200N300AP4APR,19,1900,1171,11.686626746506986
2026-08-24T00:00:00,B,3164 制造六处老化选别,6D0009,SF313-2608000301,18,UK561M200N300AP4APR,19,1900,1435,14.321357285429142
2026-08-24T00:00:00,B,3164 制造六处老化选别,6D0009,SF313-2608000301,23,UK561M200N300AP4APR,19,1900,1176,11.736526946107785
2026-08-24T00:00:00,B,3164 制造六处老化选别,6D0009,SF313-2608000301,29,UK561M200N300AP4APR,19,1900,1418,14.151696606786427
2026-08-25T00:00:00,A,3164 制造六处老化选别,6D0005,SF313-2608000300,37,UK561M200N300AP4APR,19,1267,1136,17.04170417041704
2026-08-25T00:00:00,A,3164 制造六处老化选别,6D0005,SF313-2608000300,38,UK561M200N300AP4APR,19,1267,1160,17.4017401740174
2026-08-25T00:00:00,A,3164 制造六处老化选别,6D0005,SF313-2608000300,40,UK561M200N300AP4APR,19,1267,1175,17.626762676267624
2026-08-25T00:00:00,A,3164 制造六处老化选别,6D0005,SF313-2608000301,9,UK561M200N300AP4APR,19,1267,1431,21.46714671467147
2026-08-25T00:00:00,A,3164 制造六处老化选别,6D0005,SF313-2608000301,11,UK561M200N300AP4APR,19,1267,1430,21.45214521452145
2026-08-25T00:00:00,A,3164 制造六处老化选别,6D0005,SF313-2608000301,20,UK561M200N300AP4APR,19,1267,1436,21.542154215421544
2026-08-25T00:00:00,A,3164 制造六处老化选别,6D0005,SF313-2608000301,35,UK561M200N300AP4APR,19,1267,1160,17.4017401740174
2026-08-25T00:00:00,A,3164 制造六处老化选别,6D0005,SF313-2608000301,37,UK561M200N300AP4APR,19,1267,1428,21.422142214221424
2026-08-25T00:00:00,A,3164 制造六处老化选别,6D0005,SF313-2608000303,6,UK561M200N300AP4APR,19,1267,1200,18.001800180018
2026-08-25T00:00:00,A,3164 制造六处老化选别,6D0009,SF313-2608000300,10,UK561M200N300AP4APR,19,11400,1238,2.0633333333333335
2026-08-25T00:00:00,A,3164 制造六处老化选别,6D0015,SF313-2608000300,22,UK561M200N300AP4APR,19,1425,1231,16.413333333333334
2026-08-25T00:00:00,A,3164 制造六处老化选别,6D0015,SF313-2608000300,27,UK561M200N300AP4APR,19,1425,1199,15.986666666666668
2026-08-25T00:00:00,A,3164 制造六处老化选别,6D0015,SF313-2608000303,1,UK561M200N300AP4APR,19,1425,1200,16
2026-08-25T00:00:00,A,3164 制造六处老化选别,6D0015,SF313-2608000303,8,UK561M200N300AP4APR,19,1425,1432,19.093333333333334
2026-08-25T00:00:00,A,3164 制造六处老化选别,6D0015,SF313-2608000303,10,UK561M200N300AP4APR,19,1425,1439,19.186666666666667
2026-08-25T00:00:00,A,3164 制造六处老化选别,6D0015,SF313-2608000303,11,UK561M200N300AP4APR,19,1425,1435,19.133333333333333
2026-08-25T00:00:00,A,3164 制造六处老化选别,6D0015,SF313-2608000303,12,UK561M200N300AP4APR,19,1425,1200,16
2026-08-25T00:00:00,A,3164 制造六处老化选别,6D0015,SF313-2608000303,13,UK561M200N300AP4APR,19,1425,1200,16
2026-08-25T00:00:00,B,3164 制造六处老化选别,6D0005,SF313-2608000300,28,UK561M200N300AP4APR,19,1267,1176,17.64176417641764
2026-08-25T00:00:00,B,3164 制造六处老化选别,6D0005,SF313-2608000300,29,UK561M200N300AP4APR,19,1267,1201,18.016801680168015
2026-08-25T00:00:00,B,3164 制造六处老化选别,6D0005,SF313-2608000300,35,UK561M200N300AP4APR,19,1267,1219,18.286828682868286
2026-08-25T00:00:00,B,3164 制造六处老化选别,6D0005,SF313-2608000300,42,UK561M200N300AP4APR,19,1267,1170,17.551755175517552
2026-08-25T00:00:00,B,3164 制造六处老化选别,6D0005,SF313-2608000301,12,UK561M200N300AP4APR,19,1267,1422,21.33213321332133
2026-08-25T00:00:00,B,3164 制造六处老化选别,6D0005,SF313-2608000301,30,UK561M200N300AP4APR,19,1267,1405,21.077107710771077
2026-08-25T00:00:00,B,3164 制造六处老化选别,6D0005,SF313-2608000301,31,UK561M200N300AP4APR,19,1267,1161,17.41674167416742
2026-08-25T00:00:00,B,3164 制造六处老化选别,6D0005,SF313-2608000301,33,UK561M200N300AP4APR,19,1267,1431,21.46714671467147
2026-08-25T00:00:00,B,3164 制造六处老化选别,6D0005,SF313-2608000303,3,UK561M200N300AP4APR,19,1267,1200,18.001800180018
2026-08-25T00:00:00,B,3164 制造六处老化选别,6D0009,SF313-2608000303,7,UK561M200N300AP4APR,19,11400,1184,1.9733333333333334
2026-08-25T00:00:00,B,3164 制造六处老化选别,6D0015,SF313-2608000300,12,UK561M200N300AP4APR,19,1900,1229,12.26546906187625
2026-08-25T00:00:00,B,3164 制造六处老化选别,6D0015,SF313-2608000300,21,UK561M200N300AP4APR,19,1900,1440,14.371257485029941
2026-08-25T00:00:00,B,3164 制造六处老化选别,6D0015,SF313-2608000301,10,UK561M200N300AP4APR,19,1900,1418,14.151696606786427
2026-08-25T00:00:00,B,3164 制造六处老化选别,6D0015,SF313-2608000301,15,UK561M200N300AP4APR,19,1900,1390,13.872255489021958
2026-08-25T00:00:00,B,3164 制造六处老化选别,6D0015,SF313-2608000301,27,UK561M200N300AP4APR,19,1900,1416,14.13173652694611
2026-08-25T00:00:00,B,3164 制造六处老化选别,6D0015,SF313-2608000301,28,UK561M200N300AP4APR,19,1900,1399,13.962075848303394
2026-08-26T00:00:00,A,3164 制造六处老化选别,6D0005,SF313-2608000302,7,UK561M200N300AP4APR,19,1900,1225,12.22554890219561
2026-08-26T00:00:00,A,3164 制造六处老化选别,6D0005,SF313-2608000302,11,UK561M200N300AP4APR,19,1900,1234,12.315369261477047
2026-08-26T00:00:00,A,3164 制造六处老化选别,6D0005,SF313-2608000302,17,UK561M200N300AP4APR,19,1900,1232,12.295409181636728
2026-08-26T00:00:00,A,3164 制造六处老化选别,6D0005,SF313-2608000303,2,UK561M200N300AP4APR,19,1900,1197,11.946107784431138
2026-08-26T00:00:00,A,3164 制造六处老化选别,6D0005,SF313-2608000303,4,UK561M200N300AP4APR,19,1900,1183,11.806387225548901
2026-08-26T00:00:00,A,3164 制造六处老化选别,6D0005,SF313-2608000303,5,UK561M200N300AP4APR,19,1900,1185,11.826347305389222
2026-08-26T00:00:00,A,3164 制造六处老化选别,6D0015,SF313-2608000303,14,UK561M200N300AP4APR,19,1629,1200,13.986013986013987
2026-08-26T00:00:00,A,3164 制造六处老化选别,6D0015,SF313-2608000303,15,UK561M200N300AP4APR,19,1629,1200,13.986013986013987
2026-08-26T00:00:00,A,3164 制造六处老化选别,6D0015,SF313-2608000303,20,UK561M200N300AP4APR,19,1629,1437,16.74825174825175
2026-08-26T00:00:00,A,3164 制造六处老化选别,6D0015,SF313-2608000303,21,UK561M200N300AP4APR,19,1629,1438,16.75990675990676
2026-08-26T00:00:00,A,3164 制造六处老化选别,6D0015,SF313-2608000303,24,UK561M200N300AP4APR,19,1629,1435,16.724941724941726
2026-08-26T00:00:00,A,3164 制造六处老化选别,6D0015,SF313-2608000303,25,UK561M200N300AP4APR,19,1629,1400,16.317016317016318
2026-08-26T00:00:00,A,3164 制造六处老化选别,6D0015,SF313-2608000303,27,UK561M200N300AP4APR,19,1629,1400,16.317016317016318
2026-08-26T00:00:00,A,3164 制造六处老化选别,6D0017,SF313-2608000302,18,UK561M200N300AP4APR,19,11400,1221,2.035
2026-08-26T00:00:00,B,3164 制造六处老化选别,6D0005,SF313-2608000300,41,UK561M200N300AP4APR,19,1267,1194,17.91179117911791
2026-08-26T00:00:00,B,3164 制造六处老化选别,6D0005,SF313-2608000300,43,UK561M200N300AP4APR,19,1267,1200,18.001800180018
2026-08-26T00:00:00,B,3164 制造六处老化选别,6D0005,SF313-2608000301,32,UK561M200N300AP4APR,19,1267,1417,21.25712571257126
2026-08-26T00:00:00,B,3164 制造六处老化选别,6D0005,SF313-2608000301,36,UK561M200N300AP4APR,19,1267,1432,21.482148214821482
2026-08-26T00:00:00,B,3164 制造六处老化选别,6D0005,SF313-2608000301,38,UK561M200N300AP4APR,19,1267,1432,21.482148214821482
2026-08-26T00:00:00,B,3164 制造六处老化选别,6D0005,SF313-2608000302,1,UK561M200N300AP4APR,19,1267,1435,21.52715271527153
2026-08-26T00:00:00,B,3164 制造六处老化选别,6D0005,SF313-2608000302,5,UK561M200N300AP4APR,19,1267,1405,21.077107710771077
2026-08-26T00:00:00,B,3164 制造六处老化选别,6D0005,SF313-2608000302,14,UK561M200N300AP4APR,19,1267,1194,17.91179117911791
2026-08-26T00:00:00,B,3164 制造六处老化选别,6D0005,SF313-2608000302,16,UK561M200N300AP4APR,19,1267,1187,17.80678067806781
2026-08-26T00:00:00,B,3164 制造六处老化选别,6D0015,SF313-2608000300,25,UK561M200N300AP4APR,19,1425,1218,16.240000000000002
2026-08-26T00:00:00,B,3164 制造六处老化选别,6D0015,SF313-2608000300,36,UK561M200N300AP4APR,19,1425,1198,15.973333333333333
2026-08-26T00:00:00,B,3164 制造六处老化选别,6D0015,SF313-2608000303,16,UK561M200N300AP4APR,19,1425,1200,16
2026-08-26T00:00:00,B,3164 制造六处老化选别,6D0015,SF313-2608000303,17,UK561M200N300AP4APR,19,1425,1200,16
2026-08-26T00:00:00,B,3164 制造六处老化选别,6D0015,SF313-2608000303,22,UK561M200N300AP4APR,19,1425,1428,19.04
2026-08-26T00:00:00,B,3164 制造六处老化选别,6D0015,SF313-2608000303,23,UK561M200N300AP4APR,19,1425,1434,19.119999999999997
2026-08-26T00:00:00,B,3164 制造六处老化选别,6D0015,SF313-2608000304,3,UK561M200N300AP4APR,19,1425,1248,16.64
2026-08-26T00:00:00,B,3164 制造六处老化选别,6D0015,SF313-2608000304,9,UK561M200N300AP4APR,19,1425,1253,16.706666666666667
2026-08-27T00:00:00,A,3164 制造六处老化选别,6D0005,SF313-2608000302,22,UK561M200N300AP4APR,19,1425,1212,16.16
2026-08-27T00:00:00,A,3164 制造六处老化选别,6D0005,SF313-2608000302,24,UK561M200N300AP4APR,19,1425,1185,15.8
2026-08-27T00:00:00,A,3164 制造六处老化选别,6D0005,SF313-2608000302,26,UK561M200N300AP4APR,19,1425,1212,16.16
2026-08-27T00:00:00,A,3164 制造六处老化选别,6D0005,SF313-2608000302,28,UK561M200N300AP4APR,19,1425,1191,15.88
2026-08-27T00:00:00,A,3164 制造六处老化选别,6D0005,SF313-2608000302,32,UK561M200N300AP4APR,19,1425,1193,15.906666666666666
2026-08-27T00:00:00,A,3164 制造六处老化选别,6D0005,SF313-2608000303,9,UK561M200N300AP4APR,19,1425,1173,15.64
2026-08-27T00:00:00,A,3164 制造六处老化选别,6D0005,SF313-2608000304,1,UK561M200N300AP4APR,19,1425,1241,16.546666666666667
2026-08-27T00:00:00,A,3164 制造六处老化选别,6D0005,SF313-2608000304,2,UK561M200N300AP4APR,19,1425,1244,16.586666666666666
2026-08-27T00:00:00,A,3164 制造六处老化选别,6D0015,SF313-2608000303,29,UK561M200N300AP4APR,19,1900,1400,13.972055888223553
2026-08-27T00:00:00,A,3164 制造六处老化选别,6D0015,SF313-2608000303,30,UK561M200N300AP4APR,19,1900,1400,13.972055888223553
2026-08-27T00:00:00,A,3164 制造六处老化选别,6D0015,SF313-2608000303,35,UK561M200N300AP4APR,19,1900,1433,14.301397205588822
2026-08-27T00:00:00,A,3164 制造六处老化选别,6D0015,SF313-2608000303,37,UK561M200N300AP4APR,19,1900,1400,13.972055888223553
2026-08-27T00:00:00,A,3164 制造六处老化选别,6D0015,SF313-2608000303,38,UK561M200N300AP4APR,19,1900,1400,13.972055888223553
2026-08-27T00:00:00,A,3164 制造六处老化选别,6D0015,SF313-2608000304,7,UK561M200N300AP4APR,19,1900,1240,12.375249500998006
2026-08-27T00:00:00,B,3164 制造六处老化选别,6D0005,SF313-2608000300,14,UK561M200N300AP4APR,19,1140,1212,20.2
2026-08-27T00:00:00,B,3164 制造六处老化选别,6D0005,SF313-2608000302,3,UK561M200N300AP4APR,19,1140,1424,23.733333333333334
2026-08-27T00:00:00,B,3164 制造六处老化选别,6D0005,SF313-2608000302,8,UK561M200N300AP4APR,19,1140,1427,23.783333333333335
2026-08-27T00:00:00,B,3164 制造六处老化选别,6D0005,SF313-2608000302,9,UK561M200N300AP4APR,19,1140,1213,20.216666666666665
2026-08-27T00:00:00,B,3164 制造六处老化选别,6D0005,SF313-2608000302,10,UK561M200N300AP4APR,19,1140,1419,23.65
2026-08-27T00:00:00,B,3164 制造六处老化选别,6D0005,SF313-2608000302,12,UK561M200N300AP4APR,19,1140,1185,19.75
2026-08-27T00:00:00,B,3164 制造六处老化选别,6D0005,SF313-2608000302,13,UK561M200N300AP4APR,19,1140,1224,20.4
2026-08-27T00:00:00,B,3164 制造六处老化选别,6D0005,SF313-2608000303,18,UK561M200N300AP4APR,19,1140,1205,20.083333333333332
2026-08-27T00:00:00,B,3164 制造六处老化选别,6D0005,SF313-2608000303,19,UK561M200N300AP4APR,19,1140,1239,20.65
2026-08-27T00:00:00,B,3164 制造六处老化选别,6D0005,SF313-2608000304,4,UK561M200N300AP4APR,19,1140,1225,20.416666666666668
2026-08-27T00:00:00,B,3164 制造六处老化选别,6D0015,SF313-2608000302,15,UK561M200N300AP4APR,19,1629,1231,14.347319347319347
2026-08-27T00:00:00,B,3164 制造六处老化选别,6D0015,SF313-2608000303,26,UK561M200N300AP4APR,19,1629,1400,16.317016317016318
2026-08-27T00:00:00,B,3164 制造六处老化选别,6D0015,SF313-2608000303,28,UK561M200N300AP4APR,19,1629,1400,16.317016317016318
2026-08-27T00:00:00,B,3164 制造六处老化选别,6D0015,SF313-2608000303,33,UK561M200N300AP4APR,19,1629,1434,16.713286713286713
2026-08-27T00:00:00,B,3164 制造六处老化选别,6D0015,SF313-2608000303,34,UK561M200N300AP4APR,19,1629,1416,16.503496503496507
2026-08-27T00:00:00,B,3164 制造六处老化选别,6D0015,SF313-2608000303,39,UK561M200N300AP4APR,19,1629,1400,16.317016317016318
2026-08-27T00:00:00,B,3164 制造六处老化选别,6D0015,SF313-2608000303,40,UK561M200N300AP4APR,19,1629,1400,16.317016317016318
2026-08-28T00:00:00,A,3164 制造六处老化选别,6D0005,SF313-2608000301,40,UK561M200N300AP4APR,19,1629,1152,13.426573426573427
2026-08-28T00:00:00,A,3164 制造六处老化选别,6D0005,SF313-2608000302,4,UK561M200N300AP4APR,19,1629,1179,13.741258741258742
2026-08-28T00:00:00,A,3164 制造六处老化选别,6D0005,SF313-2608000302,6,UK561M200N300AP4APR,19,1629,1190,13.86946386946387
2026-08-28T00:00:00,A,3164 制造六处老化选别,6D0005,SF313-2608000302,19,UK561M200N300AP4APR,19,1629,1201,13.997668997668997
2026-08-28T00:00:00,A,3164 制造六处老化选别,6D0005,SF313-2608000302,23,UK561M200N300AP4APR,19,1629,1220,14.21911421911422
2026-08-28T00:00:00,A,3164 制造六处老化选别,6D0005,SF313-2608000302,38,UK561M200N300AP4APR,19,1629,1196,13.93939393939394
2026-08-28T00:00:00,A,3164 制造六处老化选别,6D0005,SF313-2608000302,42,UK561M200N300AP4APR,19,1629,1213,14.137529137529137
2026-08-28T00:00:00,B,3164 制造六处老化选别,6D0005,SF313-2608000302,20,UK561M200N300AP4APR,19,1140,1222,20.366666666666667
2026-08-28T00:00:00,B,3164 制造六处老化选别,6D0005,SF313-2608000302,21,UK561M200N300AP4APR,19,1140,1220,20.333333333333332
2026-08-28T00:00:00,B,3164 制造六处老化选别,6D0005,SF313-2608000302,25,UK561M200N300AP4APR,19,1140,1221,20.35
2026-08-28T00:00:00,B,3164 制造六处老化选别,6D0005,SF313-2608000302,27,UK561M200N300AP4APR,19,1140,1211,20.183333333333334
2026-08-28T00:00:00,B,3164 制造六处老化选别,6D0005,SF313-2608000302,30,UK561M200N300AP4APR,19,1140,1192,19.866666666666667
2026-08-28T00:00:00,B,3164 制造六处老化选别,6D0005,SF313-2608000302,44,UK561M200N300AP4APR,19,1140,1218,20.3
2026-08-28T00:00:00,B,3164 制造六处老化选别,6D0005,SF313-2608000304,11,UK561M200N300AP4APR,19,1140,1163,19.383333333333333
2026-08-28T00:00:00,B,3164 制造六处老化选别,6D0005,SF313-2608000304,13,UK561M200N300AP4APR,19,1140,1189,19.816666666666666
2026-08-28T00:00:00,B,3164 制造六处老化选别,6D0005,SF313-2608000304,14,UK561M200N300AP4APR,19,1140,1234,20.566666666666666
2026-08-28T00:00:00,B,3164 制造六处老化选别,6D0005,SF313-2608000304,15,UK561M200N300AP4APR,19,1140,1247,20.783333333333335
2026-08-28T00:00:00,B,3164 制造六处老化选别,6D0015,SF313-2608000303,36,UK561M200N300AP4APR,19,5700,1424,11.866666666666667
2026-08-28T00:00:00,B,3164 制造六处老化选别,6D0015,SF313-2608000303,41,UK561M200N300AP4APR,19,5700,1400,11.666666666666666
2026-08-29T00:00:00,A,3164 制造六处老化选别,6D0005,SF313-2608000302,2,UK561M200N300AP4APR,19,2850,1220,8.133333333333333
2026-08-29T00:00:00,A,3164 制造六处老化选别,6D0005,SF313-2608000304,10,UK561M200N300AP4APR,19,2850,1197,7.9799999999999995
2026-08-29T00:00:00,A,3164 制造六处老化选别,6D0005,SF313-2608000304,12,UK561M200N300AP4APR,19,2850,1187,7.913333333333334
2026-08-29T00:00:00,A,3164 制造六处老化选别,6D0005,SF313-2608000304,19,UK561M200N300AP4APR,19,2850,1220,8.133333333333333
2026-08-29T00:00:00,B,3164 制造六处老化选别,6D0005,SF313-2608000303,32,UK561M200N300AP4APR,19,1629,1200,13.986013986013987
2026-08-29T00:00:00,B,3164 制造六处老化选别,6D0005,SF313-2608000304,5,UK561M200N300AP4APR,19,1629,1140,13.286713286713287
2026-08-29T00:00:00,B,3164 制造六处老化选别,6D0005,SF313-2608000304,6,UK561M200N300AP4APR,19,1629,1162,13.543123543123544
2026-08-29T00:00:00,B,3164 制造六处老化选别,6D0005,SF313-2608000304,16,UK561M200N300AP4APR,19,1629,1242,14.475524475524475
2026-08-29T00:00:00,B,3164 制造六处老化选别,6D0005,SF313-2608000304,17,UK561M200N300AP4APR,19,1629,1243,14.487179487179487
2026-08-29T00:00:00,B,3164 制造六处老化选别,6D0005,SF313-2608000304,18,UK561M200N300AP4APR,19,1629,1236,14.405594405594407
2026-08-29T00:00:00,B,3164 制造六处老化选别,6D0005,SF313-2608000304,22,UK561M200N300AP4APR,19,1629,1246,14.522144522144522
2026-08-31T00:00:00,A,3164 制造六处老化选别,6D0005,SF313-2608000302,29,UK561M200N300AP4APR,19,2280,1208,10.066666666666666
2026-08-31T00:00:00,A,3164 制造六处老化选别,6D0005,SF313-2608000302,31,UK561M200N300AP4APR,19,2280,1207,10.058333333333334
2026-08-31T00:00:00,A,3164 制造六处老化选别,6D0005,SF313-2608000304,28,UK561M200N300AP4APR,19,2280,1155,9.625
2026-08-31T00:00:00,A,3164 制造六处老化选别,6D0005,SF313-2608000304,30,UK561M200N300AP4APR,19,2280,1199,9.991666666666667
2026-08-31T00:00:00,A,3164 制造六处老化选别,6D0005,SF313-2608000384,3,UK561M200N300AP4APR,19,2280,1256,10.466666666666667
2026-08-31T00:00:00,B,3164 制造六处老化选别,6D0005,SF313-2608000302,36,UK561M200N300AP4APR,19,1629,1428,16.643356643356643
2026-08-31T00:00:00,B,3164 制造六处老化选别,6D0005,SF313-2608000302,37,UK561M200N300AP4APR,19,1629,1439,16.771561771561775
2026-08-31T00:00:00,B,3164 制造六处老化选别,6D0005,SF313-2608000304,25,UK561M200N300AP4APR,19,1629,1200,13.986013986013987
2026-08-31T00:00:00,B,3164 制造六处老化选别,6D0005,SF313-2608000304,26,UK561M200N300AP4APR,19,1629,1186,13.822843822843822
2026-08-31T00:00:00,B,3164 制造六处老化选别,6D0005,SF313-2608000304,32,UK561M200N300AP4APR,19,1629,1195,13.927738927738929
2026-08-31T00:00:00,B,3164 制造六处老化选别,6D0005,SF313-2608000304,33,UK561M200N300AP4APR,19,1629,1171,13.648018648018647
2026-08-31T00:00:00,B,3164 制造六处老化选别,6D0005,SF313-2608000304,34,UK561M200N300AP4APR,19,1629,1189,13.857808857808859
2026-09-01T00:00:00,A,3164 制造六处老化选别,6D0005,SF313-2608000302,33,UK561M200N300AP4APR,19,1267,1216,18.24182418241824
2026-09-01T00:00:00,A,3164 制造六处老化选别,6D0005,SF313-2608000302,46,UK561M200N300AP4APR,19,1267,1209,18.136813681368135
2026-09-01T00:00:00,A,3164 制造六处老化选别,6D0005,SF313-2608000304,8,UK561M200N300AP4APR,19,1267,1159,17.386738673867388
2026-09-01T00:00:00,A,3164 制造六处老化选别,6D0005,SF313-2608000304,23,UK561M200N300AP4APR,19,1267,1252,18.781878187818783
2026-09-01T00:00:00,A,3164 制造六处老化选别,6D0005,SF313-2608000304,27,UK561M200N300AP4APR,19,1267,1167,17.506750675067508
2026-09-01T00:00:00,A,3164 制造六处老化选别,6D0005,SF313-2608000304,31,UK561M200N300AP4APR,19,1267,1178,17.671767176717672
2026-09-01T00:00:00,A,3164 制造六处老化选别,6D0005,SF313-2608000384,1,UK561M200N300AP4APR,19,1267,1189,17.836783678367837
2026-09-01T00:00:00,A,3164 制造六处老化选别,6D0005,SF313-2608000384,10,UK561M200N300AP4APR,19,1267,1192,17.88178817881788
2026-09-01T00:00:00,A,3164 制造六处老化选别,6D0005,SF313-2608000384,12,UK561M200N300AP4APR,19,1267,1194,17.91179117911791
2026-09-01T00:00:00,A,3164 制造六处老化选别,6D0009,SF313-2608000302,39,UK561M200N300AP4APR,19,3800,1238,6.196196196196196
2026-09-01T00:00:00,A,3164 制造六处老化选别,6D0009,SF313-2608000302,43,UK561M200N300AP4APR,19,3800,1256,6.286286286286286
2026-09-01T00:00:00,A,3164 制造六处老化选别,6D0009,SF313-2608000302,45,UK561M200N300AP4APR,19,3800,1235,6.181181181181181
2026-09-01T00:00:00,B,3164 制造六处老化选别,6D0005,SF313-2608000302,34,UK561M200N300AP4APR,19,1038,1209,22.14285714285714
2026-09-01T00:00:00,B,3164 制造六处老化选别,6D0005,SF313-2608000382,5,UK561M200N300AP4APR,19,1038,1220,22.344322344322343
2026-09-01T00:00:00,B,3164 制造六处老化选别,6D0005,SF313-2608000382,9,UK561M200N300AP4APR,19,1038,1244,22.783882783882785
2026-09-01T00:00:00,B,3164 制造六处老化选别,6D0005,SF313-2608000383,5,UK561M200N300AP4APR,19,1038,1148,21.025641025641026
2026-09-01T00:00:00,B,3164 制造六处老化选别,6D0005,SF313-2608000383,6,UK561M200N300AP4APR,19,1038,1168,21.39194139194139
2026-09-01T00:00:00,B,3164 制造六处老化选别,6D0005,SF313-2608000383,8,UK561M200N300AP4APR,19,1038,1195,21.886446886446887
2026-09-01T00:00:00,B,3164 制造六处老化选别,6D0005,SF313-2608000383,9,UK561M200N300AP4APR,19,1038,1155,21.153846153846153
2026-09-01T00:00:00,B,3164 制造六处老化选别,6D0005,SF313-2608000383,10,UK561M200N300AP4APR,19,1038,1191,21.813186813186814
2026-09-01T00:00:00,B,3164 制造六处老化选别,6D0005,SF313-2608000384,2,UK561M200N300AP4APR,19,1038,1428,26.153846153846153
2026-09-01T00:00:00,B,3164 制造六处老化选别,6D0005,SF313-2608000384,7,UK561M200N300AP4APR,19,1038,1193,21.849816849816847
2026-09-01T00:00:00,B,3164 制造六处老化选别,6D0005,SF313-2608000384,11,UK561M200N300AP4APR,19,1038,1197,21.92307692307692
2026-09-02T00:00:00,A,3164 制造六处老化选别,6D0005,SF313-2608000303,31,UK561M200N300AP4APR,19,1425,1200,16
2026-09-02T00:00:00,A,3164 制造六处老化选别,6D0005,SF313-2608000304,35,UK561M200N300AP4APR,19,1425,1147,15.293333333333333
2026-09-02T00:00:00,A,3164 制造六处老化选别,6D0005,SF313-2608000383,1,UK561M200N300AP4APR,19,1425,1198,15.973333333333333
2026-09-02T00:00:00,A,3164 制造六处老化选别,6D0005,SF313-2608000383,2,UK561M200N300AP4APR,19,1425,1197,15.959999999999999
2026-09-02T00:00:00,A,3164 制造六处老化选别,6D0005,SF313-2608000383,7,UK561M200N300AP4APR,19,1425,1167,15.559999999999999
2026-09-02T00:00:00,A,3164 制造六处老化选别,6D0005,SF313-2608000383,16,UK561M200N300AP4APR,19,1425,1184,15.786666666666667
2026-09-02T00:00:00,A,3164 制造六处老化选别,6D0005,SF313-2608000384,4,UK561M200N300AP4APR,19,1425,1190,15.866666666666665
2026-09-02T00:00:00,A,3164 制造六处老化选别,6D0005,SF313-2608000384,17,UK561M200N300AP4APR,19,1425,1229,16.386666666666667
2026-09-02T00:00:00,A,3164 制造六处老化选别,6D0009,SF313-2608000302,40,UK561M200N300AP4APR,19,1267,1209,18.136813681368135
2026-09-02T00:00:00,A,3164 制造六处老化选别,6D0009,SF313-2608000304,36,UK561M200N300AP4APR,19,1267,1178,17.671767176717672
2026-09-02T00:00:00,A,3164 制造六处老化选别,6D0009,SF313-2608000382,2,UK561M200N300AP4APR,19,1267,1200,18.001800180018
2026-09-02T00:00:00,A,3164 制造六处老化选别,6D0009,SF313-2608000382,6,UK561M200N300AP4APR,19,1267,1246,18.69186918691869
2026-09-02T00:00:00,A,3164 制造六处老化选别,6D0009,SF313-2608000382,8,UK561M200N300AP4APR,19,1267,1255,18.826882688268828
2026-09-02T00:00:00,A,3164 制造六处老化选别,6D0009,SF313-2608000382,19,UK561M200N300AP4APR,19,1267,1239,18.586858685868584
2026-09-02T00:00:00,A,3164 制造六处老化选别,6D0009,SF313-2608000383,14,UK561M200N300AP4APR,19,1267,1182,17.73177317731773
2026-09-02T00:00:00,A,3164 制造六处老化选别,6D0009,SF313-2608000384,8,UK561M200N300AP4APR,19,1267,1191,17.866786678667868
2026-09-02T00:00:00,A,3164 制造六处老化选别,6D0009,SF313-2608000384,16,UK561M200N300AP4APR,19,1267,1208,18.12181218121812
2026-09-02T00:00:00,B,3164 制造六处老化选别,6D0005,SF313-2608000304,21,UK561M200N300AP4APR,19,1267,1256,18.84188418841884
2026-09-02T00:00:00,B,3164 制造六处老化选别,6D0005,SF313-2608000304,24,UK561M200N300AP4APR,19,1267,1248,18.72187218721872
2026-09-02T00:00:00,B,3164 制造六处老化选别,6D0005,SF313-2608000382,1,UK561M200N300AP4APR,19,1267,1232,18.481848184818485
2026-09-02T00:00:00,B,3164 制造六处老化选别,6D0005,SF313-2608000382,3,UK561M200N300AP4APR,19,1267,1251,18.76687668766877
2026-09-02T00:00:00,B,3164 制造六处老化选别,6D0005,SF313-2608000382,7,UK561M200N300AP4APR,19,1267,1248,18.72187218721872
2026-09-02T00:00:00,B,3164 制造六处老化选别,6D0005,SF313-2608000382,13,UK561M200N300AP4APR,19,1267,1244,18.661866186618663
2026-09-02T00:00:00,B,3164 制造六处老化选别,6D0005,SF313-2608000383,3,UK561M200N300AP4APR,19,1267,1204,18.061806180618063
2026-09-02T00:00:00,B,3164 制造六处老化选别,6D0005,SF313-2608000383,4,UK561M200N300AP4APR,19,1267,1161,17.41674167416742
2026-09-02T00:00:00,B,3164 制造六处老化选别,6D0005,SF313-2608000383,11,UK561M200N300AP4APR,19,1267,1192,17.88178817881788
2026-09-02T00:00:00,B,3164 制造六处老化选别,6D0009,SF313-2608000382,14,UK561M200N300AP4APR,19,1140,1238,20.633333333333333
2026-09-02T00:00:00,B,3164 制造六处老化选别,6D0009,SF313-2608000383,13,UK561M200N300AP4APR,19,1140,1187,19.783333333333335
2026-09-02T00:00:00,B,3164 制造六处老化选别,6D0009,SF313-2608000383,15,UK561M200N300AP4APR,19,1140,1189,19.816666666666666
2026-09-02T00:00:00,B,3164 制造六处老化选别,6D0009,SF313-2608000383,17,UK561M200N300AP4APR,19,1140,1184,19.733333333333334
2026-09-02T00:00:00,B,3164 制造六处老化选别,6D0009,SF313-2608000383,24,UK561M200N300AP4APR,19,1140,1200,20
2026-09-02T00:00:00,B,3164 制造六处老化选别,6D0009,SF313-2608000383,25,UK561M200N300AP4APR,19,1140,1201,20.016666666666666
2026-09-02T00:00:00,B,3164 制造六处老化选别,6D0009,SF313-2608000384,5,UK561M200N300AP4APR,19,1140,1199,19.983333333333334
2026-09-02T00:00:00,B,3164 制造六处老化选别,6D0009,SF313-2608000384,6,UK561M200N300AP4APR,19,1140,1199,19.983333333333334
2026-09-02T00:00:00,B,3164 制造六处老化选别,6D0009,SF313-2608000384,9,UK561M200N300AP4APR,19,1140,1183,19.716666666666665
2026-09-02T00:00:00,B,3164 制造六处老化选别,6D0009,SF313-2608000384,13,UK561M200N300AP4APR,19,1140,1216,20.266666666666666
2026-09-03T00:00:00,A,3164 制造六处老化选别,6D0005,SF313-2608000382,16,UK561M200N300AP4APR,19,1267,1210,18.151815181518153
2026-09-03T00:00:00,A,3164 制造六处老化选别,6D0005,SF313-2608000382,20,UK561M200N300AP4APR,19,1267,1231,18.466846684668464
2026-09-03T00:00:00,A,3164 制造六处老化选别,6D0005,SF313-2608000382,22,UK561M200N300AP4APR,19,1267,1219,18.286828682868286
2026-09-03T00:00:00,A,3164 制造六处老化选别,6D0005,SF313-2608000382,24,UK561M200N300AP4APR,19,1267,1225,18.37683768376838
2026-09-03T00:00:00,A,3164 制造六处老化选别,6D0005,SF313-2608000382,29,UK561M200N300AP4APR,19,1267,1192,17.88178817881788
2026-09-03T00:00:00,A,3164 制造六处老化选别,6D0005,SF313-2608000382,32,UK561M200N300AP4APR,19,1267,1196,17.941794179417943
2026-09-03T00:00:00,A,3164 制造六处老化选别,6D0005,SF313-2608000383,22,UK561M200N300AP4APR,19,1267,1181,17.716771677167717
2026-09-03T00:00:00,A,3164 制造六处老化选别,6D0005,SF313-2608000383,35,UK561M200N300AP4APR,19,1267,1199,17.986798679867988
2026-09-03T00:00:00,A,3164 制造六处老化选别,6D0005,SF313-2608000384,15,UK561M200N300AP4APR,19,1267,1243,18.646864686468646
2026-09-03T00:00:00,A,3164 制造六处老化选别,6D0009,SF313-2608000382,18,UK561M200N300AP4APR,19,1267,1242,18.631863186318633
2026-09-03T00:00:00,A,3164 制造六处老化选别,6D0009,SF313-2608000382,21,UK561M200N300AP4APR,19,1267,1216,18.24182418241824
2026-09-03T00:00:00,A,3164 制造六处老化选别,6D0009,SF313-2608000382,30,UK561M200N300AP4APR,19,1267,1208,18.12181218121812
2026-09-03T00:00:00,A,3164 制造六处老化选别,6D0009,SF313-2608000383,18,UK561M200N300AP4APR,19,1267,1197,17.956795679567957
2026-09-03T00:00:00,A,3164 制造六处老化选别,6D0009,SF313-2608000383,19,UK561M200N300AP4APR,19,1267,1179,17.686768676867686
2026-09-03T00:00:00,A,3164 制造六处老化选别,6D0009,SF313-2608000383,20,UK561M200N300AP4APR,19,1267,1171,17.566756675667566
2026-09-03T00:00:00,A,3164 制造六处老化选别,6D0009,SF313-2608000383,26,UK561M200N300AP4APR,19,1267,1196,17.941794179417943
2026-09-03T00:00:00,A,3164 制造六处老化选别,6D0009,SF313-2608000383,33,UK561M200N300AP4APR,19,1267,1209,18.136813681368135
2026-09-03T00:00:00,A,3164 制造六处老化选别,6D0009,SF313-2608000383,34,UK561M200N300AP4APR,19,1267,1185,17.776777677767775
2026-09-03T00:00:00,B,3164 制造六处老化选别,6D0005,SF313-2608000382,10,UK561M200N300AP4APR,19,1425,1262,16.826666666666668
2026-09-03T00:00:00,B,3164 制造六处老化选别,6D0005,SF313-2608000382,12,UK561M200N300AP4APR,19,1425,1264,16.85333333333333
2026-09-03T00:00:00,B,3164 制造六处老化选别,6D0005,SF313-2608000382,17,UK561M200N300AP4APR,19,1425,1246,16.613333333333333
2026-09-03T00:00:00,B,3164 制造六处老化选别,6D0005,SF313-2608000382,28,UK561M200N300AP4APR,19,1425,1270,16.933333333333334
2026-09-03T00:00:00,B,3164 制造六处老化选别,6D0005,SF313-2608000382,33,UK561M200N300AP4APR,19,1425,1203,16.04
2026-09-03T00:00:00,B,3164 制造六处老化选别,6D0005,SF313-2608000383,12,UK561M200N300AP4APR,19,1425,1170,15.6
2026-09-03T00:00:00,B,3164 制造六处老化选别,6D0005,SF313-2608000383,27,UK561M200N300AP4APR,19,1425,1204,16.053333333333335
2026-09-03T00:00:00,B,3164 制造六处老化选别,6D0005,SF313-2608000383,32,UK561M200N300AP4APR,19,1425,1202,16.026666666666667
2026-09-03T00:00:00,B,3164 制造六处老化选别,6D0008,SF313-2608000383,42,UK561M200N300AP4APR,19,11400,1184,1.9733333333333334
2026-09-03T00:00:00,B,3164 制造六处老化选别,6D0009,SF313-2608000382,25,UK561M200N300AP4APR,19,1267,1159,17.386738673867388
2026-09-03T00:00:00,B,3164 制造六处老化选别,6D0009,SF313-2608000382,31,UK561M200N300AP4APR,19,1267,1183,17.746774677467744
2026-09-03T00:00:00,B,3164 制造六处老化选别,6D0009,SF313-2608000382,34,UK561M200N300AP4APR,19,1267,1213,18.196819681968197
2026-09-03T00:00:00,B,3164 制造六处老化选别,6D0009,SF313-2608000382,38,UK561M200N300AP4APR,19,1267,1172,17.581758175817583
2026-09-03T00:00:00,B,3164 制造六处老化选别,6D0009,SF313-2608000383,21,UK561M200N300AP4APR,19,1267,1183,17.746774677467744
2026-09-03T00:00:00,B,3164 制造六处老化选别,6D0009,SF313-2608000383,23,UK561M200N300AP4APR,19,1267,1175,17.626762676267624
2026-09-03T00:00:00,B,3164 制造六处老化选别,6D0009,SF313-2608000383,28,UK561M200N300AP4APR,19,1267,1200,18.001800180018
2026-09-03T00:00:00,B,3164 制造六处老化选别,6D0009,SF313-2608000383,30,UK561M200N300AP4APR,19,1267,1203,18.046804680468046
2026-09-03T00:00:00,B,3164 制造六处老化选别,6D0009,SF313-2608000383,31,UK561M200N300AP4APR,19,1267,1206,18.091809180918094
2026-09-04T00:00:00,A,3164 制造六处老化选别,6D0005,SF313-2608000382,11,UK561M200N300AP4APR,19,2850,1211,8.073333333333334
2026-09-04T00:00:00,A,3164 制造六处老化选别,6D0005,SF313-2608000382,15,UK561M200N300AP4APR,19,2850,1225,8.166666666666668
2026-09-04T00:00:00,A,3164 制造六处老化选别,6D0005,SF313-2608000382,23,UK561M200N300AP4APR,19,2850,1233,8.22
2026-09-04T00:00:00,A,3164 制造六处老化选别,6D0005,SF313-2608000383,29,UK561M200N300AP4APR,19,2850,1203,8.02
2026-09-04T00:00:00,A,3164 制造六处老化选别,6D0009,SF313-2608000382,36,UK561M200N300AP4APR,19,1900,1191,11.88622754491018
2026-09-04T00:00:00,A,3164 制造六处老化选别,6D0009,SF313-2608000382,37,UK561M200N300AP4APR,19,1900,1148,11.457085828343313
2026-09-04T00:00:00,A,3164 制造六处老化选别,6D0009,SF313-2608000382,42,UK561M200N300AP4APR,19,1900,1164,11.616766467065867
2026-09-04T00:00:00,A,3164 制造六处老化选别,6D0009,SF313-2608000383,37,UK561M200N300AP4APR,19,1900,1207,12.045908183632735
2026-09-04T00:00:00,A,3164 制造六处老化选别,6D0009,SF313-2608000383,38,UK561M200N300AP4APR,19,1900,1440,14.371257485029941
2026-09-04T00:00:00,A,3164 制造六处老化选别,6D0009,SF313-2608000383,39,UK561M200N300AP4APR,19,1900,1440,14.371257485029941
2026-09-04T00:00:00,B,3164 制造六处老化选别,6D0005,SF313-2608000382,26,UK561M200N300AP4APR,19,11400,1240,2.066666666666667
2026-09-04T00:00:00,B,3164 制造六处老化选别,6D0009,SF313-2608000383,36,UK561M200N300AP4APR,19,11400,1187,1.9783333333333335
2026-09-05T00:00:00,A,3164 制造六处老化选别,6D0005,SF313-2608000302,41,UK561M200N300AP4APR,19,11400,511,0.8516666666666668
2026-09-06T00:00:00,B,3164 制造六处老化选别,6D0009,SF313-2608000382,4,UK561M200N300AP4APR,19,2280,1200,10
2026-09-06T00:00:00,B,3164 制造六处老化选别,6D0009,SF313-2608000382,35,UK561M200N300AP4APR,19,2280,1183,9.858333333333333
2026-09-06T00:00:00,B,3164 制造六处老化选别,6D0009,SF313-2608000382,39,UK561M200N300AP4APR,19,2280,1183,9.858333333333333
2026-09-06T00:00:00,B,3164 制造六处老化选别,6D0009,SF313-2608000382,41,UK561M200N300AP4APR,19,2280,1196,9.966666666666667
2026-09-06T00:00:00,B,3164 制造六处老化选别,6D0009,SF313-2608000383,43,UK561M200N300AP4APR,19,2280,1180,9.833333333333334
2026-09-07T00:00:00,B,3164 制造六处老化选别,6D0005,SF313-2608000303,42,UK561M200N300AP4APR,19,11400,1126,1.8766666666666665
